"ID","ItemType","Name","Type","Value","Weight","Rating","Health","Model","Inventory","Script","EnchantPts","Enchant"
"adamantium boots","Armor","Adamantium Boots","Boots","7000","15.00","40","400","A\A_Adamantium_Boots_GND.NIF","a\TX_Adamantium_Boots.dds","","100",""
"adamantium_bracer_left","Armor","Adamantium Left Bracer","Left Bracer","1000","4.00","40","200","A\A_Adamantium_Bracer_GND.NIF","a\TX_Adamantium_Bracer.dds","","100",""
"adamantium_bracer_right","Armor","Adamantium Right Bracer","Right Bracer","1000","4.00","40","200","A\A_Adamantium_Bracer_GND.NIF","a\TX_Adamantium_Bracer.dds","","100",""
"adamantium_cuirass","Armor","Adamantium Cuirass","Cuirass","10000","25.00","40","900","A\A_Adamantium_Cuirass_GND.NIF","a\TX_Adamantium_Cuirass.dds","","300",""
"adamantium_greaves","Armor","Adamantium Greaves","Greaves","10000","13.00","40","400","A\A_Adamantium_Greaves_GND.NIF","a\TX_Adamantium_Greaves.dds","","30",""
"adamantium_helm","Armor","Adamantium Helm","Helmet","5000","4.00","70","900","A\A_adamantium_helm.nif","A\TX_adamantium_helm.dds","","500",""
"adamantium_pauldron_left","Armor","Adamantium Left Pauldron","Left Pauldron","800","7.00","40","400","A\A_Adamantium_Pauldron_GND.NIF","a\TX_Adamantium_Pauldron.dds","","30",""
"adamantium_pauldron_right","Armor","Adamantium Right Pauldron","Right Pauldron","800","7.00","40","400","A\A_Adamantium_Pauldron_GND.NIF","a\TX_Adamantium_Pauldron.dds","","100",""
"addamantium_helm","Armor","Adamantium Helm","Helmet","5000","4.00","70","900","A\A_adamantium_helm.nif","A\TX_adamantium_helm.dds","","500",""
"azura's servant","Armor","Azura's Servant","Shield","30000","45.00","80","1600","a\Shield_Daedric.nif","a\TX_shield_daedric.tga","","1500","azura's servant_en"
"blessed_shield","Armor","Blessed Shield","Shield","130","15.00","15","300","a\shield_steel.NIF","a\Tx_shield_steel.tga","","500","veloth's benison_en"
"blessed_tower_shield","Armor","Blessed Tower Shield","Shield","130","15.00","15","300","a\TowerShield_steel.NIF","a\Tx_towershield_steel.tga","","500","veloth's benison_en"
"Blood_Feast_Shield","Armor","Blood Feat Shield","Shield","1000","20.00","18","360","a\TowerShield_steel.NIF","a\Tx_towershield_steel.tga","","750","blood feast_en"
"bloodworm_helm_unique","Armor","Bloodworm Helm","Helmet","34000","8.00","18","600","a\A_Trollbone_Helm.NIF","a\tx_Trollbone_helm.tga","","1500","grip of death"
"bloodworm_helm_unique_x","Armor","Bloodworm Helm","Helmet","34000","8.00","18","600","a\A_Trollbone_Helm.NIF","a\tx_Trollbone_helm.tga","MuseumHelmBloodworm","1500","grip of death"
"BM bear boots","Armor","Bear Boots","Boots","50","14.00","15","105","a\A_Bear_Boot_GND.NIF","A\Tx_Bear_Boot.dds","","20",""
"BM bear cuirass","Armor","Bear Cuirass","Cuirass","150","25.00","15","325","a\A_Bear_Cuirass_GND.NIF","A\Tx_Bear_Cuirass.dds","","60",""
"BM bear greaves","Armor","Bear Greaves","Greaves","120","10.00","15","220","a\A_Bear_Greaves_GND.NIF","A\Tx_Bear_Greaves.dds","","45",""
"BM Bear Helmet","Armor","Bear Helmet","Helmet","40","4.00","15","100","a\A_Bear_Helmet.NIF","A\Tx_Bear_Helmet.dds","","20",""
"BM Bear Helmet eddard","Armor","Helm of Bear Scent","Helmet","500","4.00","50","250","a\A_Bear_Helmet.NIF","A\Tx_Bear_Helmet.dds","","500","detect animal eddard"
"BM Bear Helmet_ber","Armor","Helmet of Bearkind","Helmet","40","4.00","15","100","a\A_Bear_Helmet.NIF","A\Tx_Bear_Helmet.dds","","20","bearkind"
"bm bear left gauntlet","Armor","Bear Left Gauntlet","Left Gauntlet","40","4.00","15","80","a\A_Bear_Gauntlet_GND.NIF","A\Tx_Bear_Gauntlet.dds","","10",""
"BM Bear left Pauldron","Armor","Bear Left Pauldron","Left Pauldron","60","7.00","15","100","a\A_Bear_Pauldron_GND.NIF","A\Tx_Bear_Pauldron.dds","","16",""
"BM bear right gauntlet","Armor","Bear Right Gauntlet","Right Gauntlet","40","4.00","15","80","a\A_Bear_Gauntlet_GND.NIF","A\Tx_Bear_Gauntlet.dds","","10",""
"BM bear right pauldron","Armor","Bear Right Pauldron","Right Pauldron","60","7.00","15","100","a\A_Bear_Pauldron_GND.NIF","A\Tx_Bear_Pauldron.dds","","16",""
"BM bear shield","Armor","Bear Shield","Shield","100","10.00","15","150","a\A_Bear_Shield.NIF","A\Tx_Bear_Shield.dds","","20",""
"BM wolf boots","Armor","Wolf Boots","Boots","50","4.00","15","105","a\A_Wolf2_Boot_GND.NIF","A\Tx_Wolf2_Boot.dds","","20",""
"BM wolf cuirass","Armor","Wolf Cuirass","Cuirass","150","9.00","15","325","a\A_Wolf2_Cuirass_GND.NIF","A\Tx_Wolf2_Cuirass.dds","","60",""
"BM wolf greaves","Armor","Wolf Greaves","Greaves","120","7.00","15","220","a\A_Wolf2_Greaves_GND.NIF","A\Tx_Wolf2_Greaves.dds","","45",""
"BM Wolf Helmet","Armor","Wolf Helmet","Helmet","40","2.00","15","100","a\A_Wolf2_Helmet.NIF","A\Tx_Wolf2_Helmet.dds","","20",""
"BM Wolf Helmet_heartfang","Armor","Helm of the Wolf's Heart","Helmet","500","2.00","20","300","a\A_Wolf2_Helmet.NIF","A\Tx_Wolf2_Helmet.dds","","200","bm_wolfspirit"
"bm wolf left gauntlet","Armor","Wolf Left Gauntlet","Left Gauntlet","40","1.50","15","80","a\A_Wolf2_Gauntlet_GND.NIF","A\Tx_Wolf2_Gauntlet.dds","","10",""
"BM Wolf Left Pauldron","Armor","Wolf Left Pauldron","Left Pauldron","60","2.40","15","100","a\A_Wolf2_Pauldron_GND.NIF","A\Tx_Wolf2_Pauldron.dds","","16",""
"BM wolf right gauntlet","Armor","Wolf Right Gauntlet","Right Gauntlet","40","1.50","15","80","a\A_Wolf2_Gauntlet_GND.NIF","A\Tx_Wolf2_Gauntlet.dds","","10",""
"BM Wolf right pauldron","Armor","Wolf Right Pauldron","Right Pauldron","60","2.40","15","100","a\A_Wolf2_Pauldron_GND.NIF","A\Tx_Wolf2_Pauldron.dds","","16",""
"BM wolf shield","Armor","Wolf Shield","Shield","100","8.00","15","100","a\A_Wolf_Shield.NIF","A\Tx_Wolf_Shield.dds","","50",""
"BM_bear_boots_snow","Armor","Snow Bear Boots","Boots","5000","14.00","35","105","a\A_Bear2_Boot_GND.NIF","A\Tx_Bear2_Boot.dds","","20","snow shield"
"BM_bear_cuirass_snow","Armor","Snow Bear Cuirass","Cuirass","10000","25.00","35","325","a\A_Bear2_Cuirass_GND.NIF","A\Tx_Bear2_Cuirass.dds","","60","snow shield"
"BM_bear_greaves_snow","Armor","Snow Bear Greaves","Greaves","8500","10.00","35","220","a\A_Bear2_Greaves_GND.NIF","A\Tx_Bear2_Greaves.dds","","45","snow shield"
"BM_bear_helmet_snow","Armor","Snow Bear Helmet","Helmet","3500","4.00","35","100","a\A_Bear2_Helmet.NIF","A\Tx_Bear2_Helmet.dds","","20","snow shield"
"BM_bear_left_gauntlet_snow","Armor","Snow Bear Left Gauntlet","Left Gauntlet","2000","4.00","35","80","a\A_Bear2_Gauntlet_GND.NIF","A\Tx_Bear2_Gauntlet.dds","","10","snow shield"
"BM_Bear_left_Pauldron_snow","Armor","Snow Bear Left Pauldron","Left Pauldron","2000","7.00","35","100","a\A_Bear2_Pauldron_GND.NIF","A\Tx_Bear2_Pauldron.dds","","16","snow shield"
"BM_bear_right_gauntlet_snow","Armor","Snow Bear Right Gauntlet","Right Gauntlet","2000","4.00","35","80","a\A_Bear2_Gauntlet_GND.NIF","A\Tx_Bear2_Gauntlet.dds","","10","snow shield"
"BM_bear_right_pauldron_snow","Armor","Snow Bear Right Pauldron","Right Pauldron","2000","7.00","35","100","a\A_Bear2_Pauldron_GND.NIF","A\Tx_Bear2_Pauldron.dds","","16","snow shield"
"BM_Ice minion_Shield1","Armor","Riekling Shield","Shield","50","2.00","12","200","a\A_Ice minions_Shield1.NIF","A\TX_IceM_Shield1.dds","","80",""
"BM_Ice_Boots","Armor","Ice Armor Boots","Boots","5000","17.00","50","200","a\A_Ice_Boot_GND.NIF","A\Ice_Boot.dds","","100",""
"BM_Ice_cuirass","Armor","Ice Armor Cuirass","Cuirass","5000","27.00","50","1000","a\A_Ice_M_Cuirass_GND.NIF","A\Ice_M_Chest.dds","","180",""
"BM_Ice_gauntletL","Armor","Ice Armor Left Gauntlet","Left Gauntlet","1000","4.00","50","300","a\A_Ice_Gauntlet_GND.NIF","A\Ice_Grove.dds","","100",""
"BM_Ice_gauntletR","Armor","Ice Armor Right Gauntlet","Right Gauntlet","1000","4.00","50","300","a\A_Ice_Gauntlet_GND.NIF","A\Ice_Grove.dds","","100",""
"BM_Ice_greaves","Armor","Ice Armor Greaves","Greaves","1000","12.00","50","600","a\A_Ice_Greaves_GND.NIF","A\Ice_Greaves.dds","","100",""
"BM_Ice_Helmet","Armor","Ice Armor Helmet","Helmet","2000","4.00","50","500","a\A_Icel_M_Helmet.NIF","A\Ice_M_Helmet.dds","","175",""
"BM_Ice_PauldronL","Armor","Ice Armor Left Pauldron","Left Pauldron","12000","8.00","50","550","a\A_Ice_Pauldron_GND.NIF","A\Ice_Pauldron.dds","","18",""
"BM_Ice_PauldronR","Armor","Ice Armor Right Pauldron","Right Pauldron","12000","8.00","50","550","a\A_Ice_Pauldron_GND.NIF","A\Ice_Pauldron.dds","","18",""
"BM_Ice_Shield","Armor","Ice Shield","Shield","1000","13.00","50","400","a\A_Ice_Shield.NIF","A\Ice_shield.dds","","400",""
"BM_NordicMail_Boots","Armor","Nordic Mail Boots","Boots","5000","20.00","66","500","a\A_NordicMail_M_Boot_GND.NIF","A\NordicMail_Boot.dds","","85",""
"BM_NordicMail_cuirass","Armor","Nordic Mail Cuirass","Cuirass","5000","30.00","66","1000","a\A_NordicMail_M_C_GND.NIF","A\NordicMail_Chest.dds","","300",""
"BM_NordicMail_gauntletL","Armor","Nordic Mail Left Gauntlet","Left Gauntlet","1000","8.00","66","100","a\A_NordicMail_M_Ga_GND.NIF","A\NordicMail_Grove.dds","","100",""
"BM_NordicMail_gauntletR","Armor","Nordic Mail Right Gauntlet","Right Gauntlet","1000","8.00","66","100","a\A_NordicMail_M_Ga_GND.NIF","A\NordicMail_Grove.dds","","100",""
"BM_NordicMail_greaves","Armor","Nordic Mail Greaves","Greaves","2000","18.00","66","300","a\A_NordicMail_Greaves_GND.NIF","A\NordicMail_Greaves.dds","","80",""
"BM_NordicMail_Helmet","Armor","Nordic Mail Helmet","Helmet","1000","8.00","66","350","a\A_NordicMail_M_Helmet.NIF","A\NordicMail_Helmet.dds","","200",""
"BM_NordicMail_PauldronL","Armor","Nordic Mail Left Pauldron","Left Pauldron","1000","10.00","66","100","a\A_NordicMail_Pauldron_GND.NIF","A\NordicMail_Pauldron.dds","","100",""
"BM_NordicMail_PauldronR","Armor","Nordic Mail Right Pauldron","Right Pauldron","1000","10.00","66","100","a\A_NordicMail_Pauldron_GND.NIF","A\NordicMail_Pauldron.dds","","100",""
"BM_NordicMail_Shield","Armor","Nordic Mail Shield","Shield","1000","20.00","66","500","a\A_Nord_Shield.NIF","A\Nord_shield.dds","","100",""
"BM_wolf_boots_snow","Armor","Snow Wolf Boots","Boots","5000","4.00","35","105","a\A_Wolf_Boot_GND.NIF","A\Tx_Wolf_Boot.dds","","20","snow shield"
"BM_wolf_cuirass_snow","Armor","Snow Wolf Cuirass","Cuirass","10000","9.00","35","325","a\A_Wolf_Cuirass_GND.NIF","A\Tx_Wolf_Cuirass.dds","","60","snow shield"
"BM_wolf_greaves_snow","Armor","Snow Wolf Greaves","Greaves","8500","7.00","35","220","a\A_Wolf_Greaves_GND.NIF","A\Tx_Wolf_Greaves.dds","","45","snow shield"
"BM_wolf_helmet_snow","Armor","Snow Wolf Helmet","Helmet","3500","2.00","35","100","a\A_Wolf_Helmet.NIF","A\Tx_Wolf_Helmet.dds","","20","snow shield"
"BM_wolf_left_gauntlet_snow","Armor","Snow Wolf Left Gauntlet","Left Gauntlet","2000","1.50","35","80","a\A_Wolf_Gauntlet_GND.NIF","A\Tx_Wolf_Gauntlet.dds","","10","snow shield"
"BM_wolf_left_pauldron_snow","Armor","Snow Wolf Left Pauldron","Left Pauldron","2000","2.40","35","100","a\A_Wolf_Pauldron_GND.NIF","A\Tx_Wolf_Pauldron.dds","","16","snow shield"
"BM_wolf_right_gauntlet_snow","Armor","Snow Wolf Right Gauntlet","Right Gauntlet","2000","1.50","35","80","a\A_Wolf_Gauntlet_GND.NIF","A\Tx_Wolf_Gauntlet.dds","","10","snow shield"
"BM_wolf_right_pauldron_snow","Armor","Snow Wolf Right Pauldron","Right Pauldron","2000","2.40","35","100","a\A_Wolf_Pauldron_GND.NIF","A\Tx_Wolf_Pauldron.dds","","16","snow shield"
"bonedancer gauntlet","Armor","Bonedancer Gauntlet","Right Gauntlet","130","1.00","10","50","a\A_M_Chitin_Gauntlet_GND.nif","a\TX_Chitin_gauntlet.tga","","100","bonedancer_en"
"bonemold_armun-an_cuirass","Armor","Armun-An Bonemold Cuirass","Cuirass","350","24.00","16","480","a\A_Bonemold_cuirass_GND.nif","a\TX_Bonemold_cuirass.tga","","160",""
"bonemold_armun-an_helm","Armor","Native Armun-An Bonemold Helm","Helmet","150","4.00","18","180","a\A_Bonemold_Armun_An_helm.nif","a\TX_Bonemold_Armun_An_helm.tga","","200",""
"bonemold_armun-an_pauldron_l","Armor","Armun-An Bonemold L Pauldron","Left Pauldron","120","8.00","15","150","a\A_Bonemold_Armun_UA_GND.nif","a\TX_Bonemold_Armun_An_Pau.tga","","16",""
"bonemold_armun-an_pauldron_r","Armor","Armun-An Bonemold R Pauldron","Right Pauldron","120","8.00","15","150","a\A_Bonemold_Armun_UA_GND.nif","a\TX_Bonemold_Armun_An_Pau.tga","","16",""
"bonemold_boots","Armor","Bonemold Boots","Boots","100","16.00","15","150","a\A_Bonemold_Boot_GND.nif","a\TX_Bonemold_boots.tga","","70",""
"bonemold_bracer_left","Armor","Bonemold Left Bracer","Left Bracer","50","4.00","15","75","a\A_Bonemold_Bracer_GND.nif","a\TX_Bonemold_bracer.tga","","160",""
"bonemold_bracer_right","Armor","Bonemold Right Bracer","Right Bracer","50","4.00","15","75","a\A_Bonemold_Bracer_GND.nif","a\TX_Bonemold_bracer.tga","","160",""
"bonemold_chuzei_helm","Armor","Native Chuzei Bonemold Helm","Helmet","175","4.00","17","170","a\A_Bonemold_Chuzei_helmet.nif","a\TX_Bonemold_chuzei_helm.tga","","200",""
"bonemold_cuirass","Armor","Bonemold Cuirass","Cuirass","350","24.00","16","480","a\A_Bonemold_cuirass_GND.nif","a\TX_Bonemold_cuirass.tga","","160",""
"bonemold_founders_helm","Armor","Redoran Founder's Helm","Helmet","150","4.40","18","180","a\A_Bonemold_Helmet.nif","a\TX_Bonemold_helmet.tga","","200",""
"bonemold_gah-julan_cuirass","Armor","Gah-Julan Bonemold Cuirass","Cuirass","360","24.00","17","510","a\A_Bonemold_Gah_Julan_CGND.NIF","a\TX_Bonemold_Gah_Julan_c.tga","","160",""
"bonemold_gah-julan_helm","Armor","Native Gah-Julan Bonemold Helm","Helmet","165","4.00","16","160","a\A_Bonemold_Gah_Julan_h.nif","a\TX_Bonemold_Gah_Julan_h.tga","","200",""
"bonemold_gah-julan_hhda","Armor","Native Gah-Julan Bonemold Helm","Helmet","167","4.00","16","160","a\A_Bonemold_Gah_Julan_h.nif","a\TX_Bonemold_Gah_Julan_h.tga","disguisedArmor","200",""
"bonemold_gah-julan_pauldron_l","Armor","Gah-Julan Bonemold L Pauldron","Left Pauldron","140","8.00","17","170","a\A_Bonemold_Gah_J_UA_GND.nif","a\TX_Bonemold_Gah_Julan_Pau.tga","","16",""
"bonemold_gah-julan_pauldron_r","Armor","Gah-Julan Bonemold R Pauldron","Right Pauldron","140","8.00","17","170","a\A_Bonemold_Gah_J_UA_GND.nif","a\TX_Bonemold_Gah_Julan_Pau.tga","","16",""
"bonemold_greaves","Armor","Bonemold Greaves","Greaves","220","13.40","15","150","a\A_Bonemold_Greaves_GND.nif","a\TX_Bonemold_greaves.tga","","20",""
"bonemold_helm","Armor","Bonemold Helm","Helmet","150","4.00","18","180","a\A_Bonemold_Helmet.nif","a\TX_Bonemold_helmet.tga","","200",""
"bonemold_pauldron_l","Armor","Bonemold L Pauldron","Left Pauldron","120","8.00","15","150","a\A_Bonemold_Pauldron_GND.nif","a\TX_Bonemold_pauldron.tga","","16",""
"bonemold_pauldron_r","Armor","Bonemold R Pauldron","Right Pauldron","120","8.00","15","150","a\A_Bonemold_Pauldron_GND.nif","a\TX_Bonemold_pauldron.tga","","16",""
"bonemold_shield","Armor","Bonemold Shield","Shield","170","10.00","15","300","a\Shield_bonemold.NIF","a\tx_bonemold_shield.tga","","400",""
"bonemold_towershield","Armor","Bonemold Tower Shield","Shield","250","13.00","17","340","a\Towershield_bonemold.nif","a\tx_towershield_bonemold.tga","","600",""
"bonemold_tshield_hlaaluguard","Armor","Hlaalu Guard Shield","Shield","250","13.00","17","340","a\Towershield_Hlaluu.NIF","a\tx_Towershield_Hlaalu.tga","","600",""
"bonemold_tshield_hrlb","Armor","Redoran Banner Shield","Shield","250","13.00","17","340","a\Towershield_RedoranM.NIF","a\Tx_Towershield_RedoranM.tga","","600",""
"bonemold_tshield_redoranguard","Armor","Redoran Guard Shield","Shield","250","13.00","17","340","a\Towershield_RedoranM.NIF","a\Tx_Towershield_RedoranM.tga","","600",""
"bonemold_tshield_telvanniguard","Armor","Telvanni Guard Shield","Shield","250","13.00","17","340","a\Towershield_Telvanni.NIF","a\tx_towershield_Telv.tga","","600",""
"boneweave gauntlet","Armor","Boneweave Gauntlet","Left Gauntlet","130","1.00","10","50","a\A_M_Chitin_Gauntlet_GND.nif","a\TX_Chitin_gauntlet.tga","","100","boneweave_en"
"boots of blinding speed[unique]","Armor","Boots of Blinding Speed","Boots","500","8.00","5","50","a\A_Netch_M_boot_GND.nif","a\Tx_Netch_boots.tga","","26","blinding speed"
"boots of blinding speed_x","Armor","Boots of Blinding Speed","Boots","500","8.00","5","50","a\A_Netch_M_boot_GND.nif","a\Tx_Netch_boots.tga","MuseumBootsBlinding","26","blinding speed"
"boots_apostle_unique","Armor","Boots of the Apostle","Boots","55000","10.00","80","800","a\A_art_Apostle_Boots_GND.NIF","a\A_boots_apostle.tga","","700","weight of the apostle"
"boots_apostle_unique_x","Armor","Boots of the Apostle","Boots","55000","10.00","80","800","a\A_art_Apostle_Boots_GND.NIF","a\A_boots_apostle.tga","MuseumBootsApostle","700","weight of the apostle"
"bound_boots","Armor","Bound Boots","Boots","0","0.00","80","800","a\A_Daedric_Boots_GND.nif","a\Tx_Daedric_boots.tga","","263","bound boots_effect_en"
"bound_cuirass","Armor","Bound Cuirass","Cuirass","0","0.00","80","2400","a\A_Daedric_cuirass_GND.nif","a\Tx_Daedric_cuirass.tga","","600","bound cuirass_effects_en"
"bound_gauntlet_left","Armor","Bound Left Gauntlet","Left Gauntlet","0","0.00","80","400","a\A_Daedric_gauntlet_GND.nif","a\Tx_Daedric_gauntlet.tga","","600","bound gauntlet_left_effect_en"
"bound_gauntlet_right","Armor","Bound Right Gauntlet","Right Gauntlet","0","0.00","80","400","a\A_Daedric_gauntlet_GND.nif","a\Tx_Daedric_gauntlet.tga","","600","bound gauntlet_right_effect_en"
"bound_helm","Armor","Bound_Helm","Helmet","0","0.00","75","750","a\A_Daedric_terrifying_h.nif","a\TX_Daedric_terrifying_h.tga","","750","bound helm_effect_en"
"bound_shield","Armor","Bound Shield","Shield","0","0.00","80","1600","a\Shield_Daedric.nif","a\TX_shield_daedric.tga","","1500","bound shield_effect_en"
"cephalopod_helm","Armor","Telvanni Cephalopod Helm","Helmet","50","2.00","8","80","a\A_Cephalopod_helm.NIF","a\Tx_cephalopod_helm.tga","","1000",""
"cephalopod_helm_HTNK","Armor","Gothren's Cephalopod Helm","Helmet","50","2.00","8","80","a\A_Cephalopod_helm.NIF","a\Tx_cephalopod_helm.tga","","1000","cephalopod_HTNK_en"
"chest of fire","Armor","Chest of Fire","Cuirass","80","6.00","10","300","a\A_M_Chitin_Cuirass_GND.nif","a\TX_Chitin_curaiss.tga","","100","fire shield_en"
"chitin boots","Armor","Chitin Boots","Boots","13","6.00","10","100","a\A_M_Chitin_Boot_GND.nif","a\TX_Chitin_boot.tga","","44",""
"chitin cuirass","Armor","Chitin Cuirass","Cuirass","45","6.00","10","300","a\A_M_Chitin_Cuirass_GND.nif","a\TX_Chitin_curaiss.tga","","100",""
"chitin greaves","Armor","Chitin Greaves","Greaves","29","5.40","10","100","a\A_M_Chitin_Greaves_GND.nif","a\TX_Chitin_greaves.tga","","13",""
"chitin guantlet - left","Armor","Chitin Left Gauntlet","Left Gauntlet","9","1.00","10","50","a\A_M_Chitin_Gauntlet_GND.nif","a\TX_Chitin_gauntlet.tga","","100",""
"chitin guantlet - right","Armor","Chitin Right Gauntlet","Right Gauntlet","9","1.00","10","50","a\A_M_Chitin_Gauntlet_GND.nif","a\TX_Chitin_gauntlet.tga","","100",""
"chitin helm","Armor","Chitin Helm","Helmet","19","1.00","10","100","a\A_M_Chitin_Helmet.nif","a\TX_Chitin_helmet.tga","","125",""
"chitin pauldron - left","Armor","Chitin Left Pauldron","Left Pauldron","16","2.00","10","100","a\A_M_Chitin_UA_Pauldron.nif","a\TX_Chitin_pauldron.tga","","10",""
"chitin pauldron - right","Armor","Chitin Right Pauldron","Right Pauldron","16","2.00","10","100","a\A_M_Chitin_UA_Pauldron.nif","a\TX_Chitin_pauldron.tga","","10",""
"chitin_mask_helm","Armor","Chitin Mask Helm","Helmet","19","1.00","10","100","a\A_M_Chitin_Helmet.nif","a\TX_Chitin_helmet.tga","","125",""
"chitin_shield","Armor","Chitin Shield","Shield","22","4.00","10","200","a\Shield_Chitin.NIF","a\Tx_shield_chitin.tga","","250",""
"chitin_towershield","Armor","Chitin Tower Shield","Shield","32","6.00","12","240","a\TowerShield_Chitin.NIF","a\Tx_Towershield_chitin.tga","","375",""
"chitin_watchman_helm","Armor","Redoran Watchman's Helm","Helmet","24","1.00","11","110","a\A_WatchmansHelm.NIF","a\Tx_watchmansHelm.tga","","125",""
"cloth bracer left","Armor","Cloth Left Bracer","Left Bracer","3","1.50","4","20","c\C_M_Bracer_W_clothwrap02.nif","c\TX_C_bracerCloth.tga","","60",""
"cloth bracer right","Armor","Cloth Right Bracer","Right Bracer","3","1.50","4","20","c\C_M_Bracer_W_clothwrap02.nif","c\TX_C_bracerCloth.tga","","60",""
"conoon_chodala_boots_unique","Armor","Conoon Chodala's Boots","Boots","100","8.00","50","500","a\A_Boot_hvy_leather_GND.NIF","a\Tx_Boot_heavy_leather.tga","","26","wideranging_en"
"cuirass_savior_unique","Armor","Cuirass of the Savior's Hide","Cuirass","150000","15.00","80","2400","a\A_art_cuirass_savior_GND.NIF","a\A_cuirass_savior.tga","","600","hircine's blessing"
"cuirass_savior_unique_x","Armor","Cuirass of the Savior's Hide","Cuirass","150000","15.00","80","2400","a\A_art_cuirass_savior_GND.NIF","a\A_cuirass_savior.tga","MuseumSaviorsHide","600","hircine's blessing"
"daedric_boots","Armor","Daedric Boots","Boots","20000","60.00","80","800","a\A_Daedric_Boots_GND.nif","a\Tx_Daedric_boots.tga","","263",""
"daedric_cuirass","Armor","Daedric Cuirass","Cuirass","70000","90.00","80","2400","a\A_Daedric_cuirass_GND.nif","a\Tx_Daedric_cuirass.tga","","600",""
"daedric_cuirass_htab","Armor","Daedric Cuirass","Cuirass","70000","90.00","80","2400","a\A_Daedric_cuirass_GND.nif","a\Tx_Daedric_cuirass.tga","","600","theranafeather_en_uniq"
"daedric_fountain_helm","Armor","Daedric Face of Inspiration","Helmet","13000","15.00","65","650","a\A_Daedric_fountain_h.NIF","a\TX_Daedric_fountain_helm.tga","","750",""
"daedric_gauntlet_left","Armor","Daedric Left Gauntlet","Left Gauntlet","14000","15.00","80","400","a\A_Daedric_gauntlet_GND.nif","a\Tx_Daedric_gauntlet.tga","","600",""
"daedric_gauntlet_right","Armor","Daedric Right Gauntlet","Right Gauntlet","14000","15.00","80","400","a\A_Daedric_gauntlet_GND.nif","a\Tx_Daedric_gauntlet.tga","","600",""
"daedric_god_helm","Armor","Daedric Face of God","Helmet","15000","15.00","80","800","a\A_Daedric_god_h.NIF","a\TX_Daedric_god_h.tga","","750",""
"daedric_greaves","Armor","Daedric Greaves","Greaves","44000","54.00","80","800","a\A_Daedric_Greaves_GND.nif","a\Tx_Daedric_greaves.tga","","75",""
"daedric_greaves_htab","Armor","Daedric Greaves","Greaves","60000","54.00","80","800","a\A_Daedric_Greaves_GND.nif","a\Tx_Daedric_greaves.tga","","75","theranafeather_en_uniq"
"daedric_helm_clavicusvile","Armor","Masque of Clavicus Vile","Helmet","15000","15.00","80","800","a\A_Masque_Clavicus_Vile.NIF","a\tx_Masque_Clavicus.tga","","750","Masque of Clavicus"
"daedric_pauldron_left","Armor","Daedric Left Pauldron","Left Pauldron","24000","30.00","80","800","a\A_Daedric_Pauldron_GND.nif","a\Tx_Daedric_pauldron.tga","","60",""
"daedric_pauldron_right","Armor","Daedric Right Pauldron","Right Pauldron","24000","30.00","80","800","a\A_Daedric_Pauldron_GND.nif","a\Tx_Daedric_pauldron.tga","","60",""
"daedric_shield","Armor","Daedric Shield","Shield","34000","45.00","80","1600","a\Shield_Daedric.nif","a\TX_shield_daedric.tga","","1500",""
"daedric_terrifying_helm","Armor","Daedric Face of Terror","Helmet","14000","15.00","75","750","a\A_Daedric_terrifying_h.nif","a\TX_Daedric_terrifying_h.tga","","750",""
"daedric_towershield","Armor","Daedric Tower Shield","Shield","50000","45.00","80","1600","a\Towershield_Daedric.nif","a\TX_Towershield_daedric.tga","","2250",""
"DarkBrotherhood Boots","Armor","Dark Brotherhood Boots","Boots","500","2.00","30","200","a\A_DarkBrotherhood_B_GND.NIF","a\Tx_DarkBrotherhood_Boot.tga","","30",""
"DarkBrotherhood Cuirass","Armor","Dark Brotherhood Cuirass","Cuirass","1000","6.00","30","300","a\A_DarkBrotherhood_C_GND.NIF","a\Tx_DarkBrotherhood_cuir.tga","","100",""
"DarkBrotherhood gauntlet_L","Armor","Dark Brotherhood Left Gauntlet","Left Gauntlet","200","1.00","30","100","a\A_DarkBrotherhood_Gau_GND.NIF","a\Tx_DarkBrotherhood_Gaunt.tga","","100",""
"DarkBrotherhood gauntlet_R","Armor","Dark Brotherhood Right Gauntlet","Right Gauntlet","200","1.00","30","100","a\A_DarkBrotherhood_Gau_GND.NIF","a\Tx_DarkBrotherhood_Gaunt.tga","","100",""
"DarkBrotherhood greaves","Armor","Dark Brotherhood Greaves","Greaves","100","3.00","30","250","a\A_DarkBrotherhood_Gr_GND.NIF","a\Tx_DarkBrotherhood_greav.tga","","50",""
"DarkBrotherhood Helm","Armor","Dark Brotherhood Helm","Helmet","200","1.00","30","300","a\A_DarkBrotherhood_Helmet.NIF","a\Tx_DarkBrotherhood_helm.tga","","175",""
"DarkBrotherhood pauldron_L","Armor","Dark Brotherhood Left Pauldron","Left Pauldron","500","1.00","30","250","a\A_DarkBrotherhood_Pa_GND.NIF","a\Tx_DarkBrotherhood_Pauld.tga","","12",""
"DarkBrotherhood pauldron_R","Armor","Dark Brotherhood Right Pauldron","Right Pauldron","500","1.00","30","250","a\A_DarkBrotherhood_Pa_GND.NIF","a\Tx_DarkBrotherhood_Pauld.tga","","12",""
"darksun_shield_unique","Armor","Darksun Shield","Shield","17000","30.00","60","1200","a\Shield_ebony.NIF","a\tx_shield_ebony.tga","darksunScript","1000","darksun_en"
"demon cephalopod","Armor","Demon Cephalopod","Helmet","1500","2.00","8","80","a\A_Cephalopod_helm.NIF","a\Tx_cephalopod_helm.tga","","1000","bound cuirass_en"
"demon helm","Armor","Demon Helm","Helmet","800","1.50","5","50","a\A_DustAdept_Helm.NIF","a\Tx_dustAdept_helm.tga","","250","bound gauntlets_en"
"demon mole crab","Armor","Demon Mole Crab","Helmet","900","2.00","6","60","a\A_molecrab_helm.NIF","a\tx_molecrab_helm.tga","","500","bound boots_en"
"devil cephalopod helm","Armor","Devil Cephalopod Helm","Helmet","1700","2.00","8","80","a\A_Cephalopod_helm.NIF","a\Tx_cephalopod_helm.tga","","1000","devil cephalopod"
"devil helm","Armor","Devil Helm","Helmet","1000","1.50","5","50","a\A_DustAdept_Helm.NIF","a\Tx_dustAdept_helm.tga","","250","devil helm_en"
"devil mole crab helm","Armor","Devil Mole Crab Helm","Helmet","1200","2.00","6","50","a\A_molecrab_helm.NIF","a\tx_molecrab_helm.tga","","500","devil mole crab"
"dragonbone_cuirass_unique","Armor","Dragonbone cuirass","Cuirass","180000","50.00","100","3000","a\A_art_dragon_GND.NIF","a\A_cuirass_dragon.tga","","1500","dragon aura"
"dragonbone_cuirass_unique_x","Armor","Dragonbone cuirass","Cuirass","180000","50.00","100","3000","a\A_art_dragon_GND.NIF","a\A_cuirass_dragon.tga","MuseumDragonBone","1500","dragon aura"
"dragonscale_cuirass","Armor","Imperial Dragonscale Cuirass","Cuirass","340","24.00","20","600","a\A_Dragonscale_Cuir_GND.NIF","a\tx_dragonscale_cuirass.tga","","160",""
"dragonscale_helm","Armor","Imperial Dragonscale Helm","Helmet","130","4.00","20","200","a\A_Dragonscale_Helm.NIF","a\tx_dragonscale_helm.tga","","200",""
"dragonscale_towershield","Armor","Dragonscale Tower Shield","Shield","230","12.00","22","440","a\Towershield_Dragonscale.NIF","a\tx_Towershield_dragon.tga","","600",""
"dreugh_cuirass","Armor","Dreugh Cuirass","Cuirass","5250","27.00","40","1200","a\A_Dreugh_Cuirass_GND.NIF","a\tx_dreugh_cuirass.tga","","180",""
"dreugh_cuirass_ttrm","Armor","Dreugh Cuirass","Cuirass","5250","27.00","40","1200","a\A_Dreugh_Cuirass_GND.NIF","a\tx_dreugh_cuirass.tga","","180","daedric endurance_en"
"dreugh_helm","Armor","Dreugh Helm","Helmet","2250","4.50","40","400","a\A_Dreugh_Helm.NIF","a\tx_dreugh_helm.tga","","225",""
"dreugh_shield","Armor","Dreugh Shield","Shield","2550","13.50","40","800","a\Shield_dreugh.NIF","a\tx_shield_dreugh.tga","","450",""
"dust_adept_helm","Armor","Telvanni Dust Adept Helm","Helmet","30","1.50","5","50","a\A_DustAdept_Helm.NIF","a\Tx_dustAdept_helm.tga","","250",""
"dwemer_boots","Armor","Dwemer Boots","Boots","300","20.00","20","200","a\A_Dwemer_Boots_GND.nif","a\TX_Dwemer_boots.tga","","88",""
"dwemer_boots of flying","Armor","Dwemer Boots of Flying","Boots","470","20.00","20","200","a\A_Dwemer_Boots_GND.nif","a\TX_Dwemer_boots.tga","","88","wild levitate_en"
"dwemer_bracer_left","Armor","Dwemer Left Bracer","Left Bracer","150","5.00","20","100","a\A_Dwemer_Bracer_W.nif","a\TX_Dwemer_bracer.tga","","200",""
"dwemer_bracer_right","Armor","Dwemer Right Bracer","Right Bracer","150","5.00","20","100","a\A_Dwemer_Bracer_W.nif","a\TX_Dwemer_bracer.tga","","200",""
"dwemer_cuirass","Armor","Dwemer Cuirass","Cuirass","1050","30.00","20","600","a\A_Dwemer_Cuir_GND.NIF","a\TX_Dwemer_cuirass.tga","","200",""
"dwemer_greaves","Armor","Dwemer Greaves","Greaves","660","18.00","20","200","a\A_Dwemer_Greaves_GND.nif","a\TX_Dwemer_greaves.tga","","25",""
"dwemer_helm","Armor","Dwemer Helm","Helmet","450","5.00","20","200","a\A_Dwemer_Helmet.NIF","a\TX_Dwemer_helmet.tga","","250",""
"dwemer_pauldron_left","Armor","Dwemer Left Pauldron","Left Pauldron","360","10.00","20","200","a\A_Dwemer_Pauldron_UA.nif","a\TX_Dwemer_pauldron.tga","","20",""
"dwemer_pauldron_right","Armor","Dwemer Right Pauldron","Right Pauldron","360","10.00","20","200","a\A_Dwemer_Pauldron_UA.nif","a\TX_Dwemer_pauldron.tga","","20",""
"dwemer_shield","Armor","Dwemer Shield","Shield","510","15.00","20","400","a\Shield_Dwemer.nif","a\Tx_Dwemer_shield.tga","","500",""
"dwemer_shield_battle_unique","Armor","Dwemer Battle Shield","Shield","510","15.00","20","400","a\A_dwemer_shield_battle.NIF","a\A_Nerevar_B_Shield.dds","","500",""
"ebon_plate_cuirass_unique","Armor","Ebony Mail","Cuirass","120000","20.00","100","3000","a\A_art_ebon_Cuirass_GND.NIF","a\A_cuirass_ebon.tga","","600","watchful spirit"
"ebon_plate_cuirass_unique_x","Armor","Ebony Mail","Cuirass","120000","20.00","100","3000","a\A_art_ebon_Cuirass_GND.NIF","a\A_cuirass_ebon.tga","MuseumEbonyMail","600","watchful spirit"
"ebony_boots","Armor","Ebony Boots","Boots","10000","40.00","60","600","a\A_Ebony_Boot_GND.nif","a\Tx_Ebony_boot.tga","","175",""
"ebony_bracer_left","Armor","Ebony Left Bracer","Left Bracer","5000","10.00","60","300","a\A_Ebony_Bracer_w.nif","a\Tx_Ebony_bracer.tga","","400",""
"ebony_bracer_left_tgeb","Armor","Ebony Left Bracer","Left Bracer","5000","10.00","60","300","a\A_Ebony_Bracer_w.nif","a\Tx_Ebony_bracer.tga","","400",""
"ebony_bracer_right","Armor","Ebony Right Bracer","Right Bracer","5000","10.00","60","300","a\A_Ebony_Bracer_w.nif","a\Tx_Ebony_bracer.tga","","400",""
"ebony_bracer_right_tgeb","Armor","Ebony Right Bracer","Right Bracer","5000","10.00","60","300","a\A_Ebony_Bracer_w.nif","a\Tx_Ebony_bracer.tga","","400",""
"ebony_closed_helm","Armor","Ebony Closed Helm","Helmet","15000","10.00","60","600","a\A_Ebony_Helmet.nif","a\Tx_Ebony_helmet.tga","","500",""
"ebony_closed_helm_fghl","Armor","Sarano Ebony Helm","Helmet","15000","10.00","60","600","a\A_Ebony_Helmet.nif","a\Tx_Ebony_helmet.tga","","500",""
"ebony_cuirass","Armor","Ebony Cuirass","Cuirass","35000","60.00","60","1800","a\A_Ebony_Cuirass_GND.nif","a\Tx_Ebony_cuirass.tga","","400",""
"ebony_cuirass_soscean","Armor","Soscean's Cuirass","Cuirass","32000","60.00","60","1600","a\A_Ebony_Cuirass_GND.nif","a\Tx_Ebony_cuirass.tga","","400","cuirass_soscean_en"
"ebony_greaves","Armor","Ebony Greaves","Greaves","22000","36.00","60","600","a\A_Ebony_Greaves_GND.nif","a\Tx_Ebony_greaves.tga","","50",""
"ebony_pauldron_left","Armor","Ebony Left Pauldron","Left Pauldron","12000","20.00","60","600","a\A_Ebony_Pauldron_GND.nif","a\Tx_Ebony_pauldron.tga","","40",""
"ebony_pauldron_right","Armor","Ebony Right Pauldron","Right Pauldron","12000","20.00","60","600","a\A_Ebony_Pauldron_GND.nif","a\Tx_Ebony_pauldron.tga","","40",""
"ebony_shield","Armor","Ebony Shield","Shield","17000","30.00","60","1200","a\Shield_ebony.NIF","a\tx_shield_ebony.tga","","1000",""
"ebony_shield_auriel","Armor","Auriel's Shield","Shield","17000","30.00","60","1200","a\Shield_Art_Auriel.NIF","a\tx_shield_auriel.tga","","1000",""
"ebony_shield_auriel_x","Armor","Auriel's Shield","Shield","17000","30.00","60","1200","a\Shield_Art_Auriel.NIF","a\tx_shield_auriel.tga","MuseumAurielShield","1000",""
"ebony_towershield","Armor","Ebony Tower Shield","Shield","25000","30.00","60","1200","a\TowerShield_ebony.NIF","a\tx_towershield_ebony.tga","","1500",""
"erur_dan_cuirass_unique","Armor","Erur-Dan's Cuirass","Cuirass","350","24.00","16","1800","a\A_Bonemold_cuirass_GND.nif","a\TX_Bonemold_cuirass.tga","","160","renewal_en"
"feather_shield","Armor","Feather Shield","Shield","120","6.00","12","240","a\A_Shield_Imperial.nif","a\Tx_Imperial_shield.tga","","150","feather_en"
"fiend helm","Armor","Fiend Helm","Helmet","6000","1.50","5","50","a\A_DustAdept_Helm.NIF","a\Tx_dustAdept_helm.tga","","250","fiend_helm_en"
"fur_bearskin_cuirass","Armor","Nordic Bearskin Cuirass","Cuirass","35","9.00","5","150","a\A_fur_cuirass_GND.NIF","a\Tx_fur_cuirass.tga","","60",""
"fur_boots","Armor","Nordic Fur Boots","Boots","10","6.00","5","50","a\A_NordicFur_Boot_GND.nif","a\Tx_NordicFur_boots.tga","","26",""
"fur_bracer_left","Armor","Nordic Fur Left Bracer","Left Bracer","5","1.50","5","25","a\A_NordicFur_Bracer_W.NIF","a\tx_NordicFur_bracer.tga","","60",""
"fur_bracer_right","Armor","Nordic Fur Right Bracer","Right Bracer","5","1.50","5","25","a\A_NordicFur_Bracer_W.NIF","a\tx_NordicFur_bracer.tga","","60",""
"fur_colovian_helm","Armor","Colovian Fur Helm","Helmet","25","2.00","7","70","a\A_Helm_Colovian.NIF","a\Tx_Fur_Colovian_helm.tga","","75",""
"fur_colovian_helm_red","Armor","Red Colovian Fur Helm","Helmet","25","2.00","7","70","a\A_Helm_Colovian.NIF","a\Tx_Fur_Colovian_helm.tga","","75",""
"fur_colovian_helm_white","Armor","White Colovian Fur Helm","Helmet","25","2.00","7","70","a\A_Helm_Colovian_W.NIF","A\Tx_ColovianHelm_W.dds","","75",""
"fur_cuirass","Armor","Nordic Fur Cuirass","Cuirass","35","9.00","5","150","a\A_NordicFur_M_Cuirass_GND.nif","a\Tx_NordicFur_cuirass.tga","","60",""
"fur_gauntlet_left","Armor","Nordic Fur Left Gauntlet","Left Gauntlet","7","1.50","5","25","a\A_NordicFur_Gauntlet_GND.nif","a\Tx_NordicFur_gauntlet.tga","","60",""
"fur_gauntlet_right","Armor","Nordic Fur Right Gauntlet","Right Gauntlet","7","1.50","5","25","a\A_NordicFur_Gauntlet_GND.nif","a\Tx_NordicFur_gauntlet.tga","","60",""
"fur_greaves","Armor","Nordic Fur Greaves","Greaves","22","5.40","5","50","a\A_NordicFur_Greave_GND.nif","a\TX_NordicFur_greaves.tga","","10",""
"fur_helm","Armor","Nordic Fur Helm","Helmet","15","1.50","5","50","a\A_NordicFur_Helmet.nif","a\TX_NordicFur_helmet.tga","","75",""
"fur_pauldron_left","Armor","Nordic Fur Left Pauldron","Left Pauldron","12","3.00","5","50","a\A_NordicFur_Pauldron_GND.nif","a\Tx_NordicFur_pauldron.tga","","10",""
"fur_pauldron_right","Armor","Nordic Fur Right Pauldron","Right Pauldron","12","3.00","5","50","a\A_NordicFur_Pauldron_GND.nif","a\Tx_NordicFur_pauldron.tga","","10",""
"gauntlet _horny_fist_l","Armor","Left Gauntlet of the Horny Fist","Left Gauntlet","40","1.00","10","50","a\A_Netch_M_gauntlet_GND.nif","a\Tx_Netch_gauntlet.tga","","100","masterful horny fist_en"
"gauntlet_fists_l_unique","Armor","Fist of Randagulf Left Gauntlet","Left Gauntlet","35000","16.00","90","450","a\A_art_gauntlet_fist_GND.NIF","a\A_gauntlet_fists.tga","","600","randagulf's agility"
"gauntlet_fists_r_unique","Armor","Fist of Randagulf Rt Gauntlet","Right Gauntlet","35000","16.00","90","450","a\A_art_gauntlet_fist_GND.NIF","a\A_gauntlet_fists.tga","","600","randagulf's strength"
"gauntlet_horny_fist_r","Armor","Right Gauntlet of Horny Fist","Right Gauntlet","40","1.00","10","50","a\A_Netch_M_gauntlet_GND.nif","a\Tx_Netch_gauntlet.tga","","100","masterful horny fist_en"
"Gauntlet_of_Glory_left","Armor","Left Gauntlet of Glory","Left Gauntlet","1100","1.50","5","25","a\A_NordicFur_Gauntlet_GND.nif","a\Tx_NordicFur_gauntlet.tga","","60","Glory_left_en"
"gauntlet_of_glory_right","Armor","Right Gauntlet of Glory","Right Gauntlet","1100","1.50","5","25","a\A_NordicFur_Gauntlet_GND.nif","a\Tx_NordicFur_gauntlet.tga","","60","Glory_right_en"
"glass_boots","Armor","Glass Boots","Boots","8000","3.00","50","500","a\A_Glass_Boots_GND.nif","a\TX_Glass_boots.tga","","100",""
"glass_bracer_left","Armor","Left Glass Bracer","Left Bracer","4000","3.00","50","400","a\A_Glass_Bracer_W.nif","a\TX_Glass_bracer.tga","","100",""
"glass_bracer_right","Armor","Right Glass Bracer","Right Bracer","4000","3.00","50","400","a\A_Glass_Bracer_W.nif","a\TX_Glass_bracer.tga","","100",""
"glass_cuirass","Armor","Glass Cuirass","Cuirass","28000","18.00","50","1500","a\A_Glass_cuirass_GND.nif","a\TX_Glass_cuirass.tga","","120",""
"glass_greaves","Armor","Glass Greaves","Greaves","17600","9.00","50","500","a\A_Glass_Greaves_GND.nif","a\TX_Glass_greaves.tga","","100",""
"glass_helm","Armor","Glass Helm","Helmet","12000","3.00","50","500","a\A_Glass_Helmet.nif","a\TX_Glass_helmet.tga","","150",""
"glass_pauldron_left","Armor","Glass Left Pauldron","Left Pauldron","9600","3.00","50","500","a\A_Glass_Pauldron_GND.nif","a\TX_Glass_pauldron.tga","","15",""
"glass_pauldron_right","Armor","Glass Right Pauldron","Right Pauldron","9600","3.00","50","500","a\A_Glass_Pauldron_GND.nif","a\TX_Glass_pauldron.tga","","15",""
"glass_shield","Armor","Glass Shield","Shield","13600","9.00","50","1000","a\Shield_Glass.nif","a\TX_shield_glass.tga","","300",""
"glass_towershield","Armor","Glass Tower Shield","Shield","20000","9.00","55","1100","a\Towershield_Glass.nif","a\TX_towershield_glass.tga","","450",""
"goblin_shield","Armor","Goblin Buckler","Shield","1000","5.00","20","500","w\W_Goblin_Shield.NIF","w\Tx_w_Goblin_Shield.dds","","100",""
"goblin_shield_durgok_uni","Armor","Goblin Buckler","Shield","1000","5.00","20","500","w\W_Goblin_Shield.NIF","w\Tx_w_Goblin_Shield.dds","","100","durgok's shield"
"gondolier_helm","Armor","Gondolier's Helm","Helmet","10","4.00","1","100","a\A_Gondolier_M_Helmet.NIF","a\tx_gondolier_helm.tga","","100",""
"heart wall","Armor","Heart Wall","Cuirass","100","24.00","17","510","a\A_Bonemold_Gah_Julan_CGND.NIF","a\TX_Bonemold_Gah_Julan_c.tga","","160","great resist magicka_en"
"heavy_leather_boots","Armor","Heavy Leather Boots","Boots","100","8.00","50","500","a\A_Boot_hvy_leather_GND.NIF","a\Tx_Boot_heavy_leather.tga","","26",""
"helm of holy fire","Armor","Helm of Holy Fire","Helmet","7050","4.50","40","400","a\A_Dreugh_Helm.NIF","a\tx_dreugh_helm.tga","","225","fire shield_en"
"helm of wounding","Armor","Helm of Wounding","Helmet","500","5.00","20","200","a\A_Dwemer_Helmet.NIF","a\TX_Dwemer_helmet.tga","","250","wound_enu"
"helm_bearclaw_unique","Armor","Helm of Oreyn Bearclaw","Helmet","125000","10.00","90","900","a\A_art_helm_bearclaw.NIF","a\A_helm_bearclaw.tga","","1200","oreyn's courage"
"helm_bearclaw_unique_x","Armor","Helm of Oreyn Bearclaw","Helmet","125000","10.00","90","900","a\A_art_helm_bearclaw.NIF","a\A_helm_bearclaw.tga","MuseumHelmBearclaw","1200","oreyn's courage"
"Helsethguard_boots","Armor","Royal Guard Boots","Boots","2500","18.00","50","500","a\A_HelsethGuard_Boots_GND.NIF","a\Tx_HelsethGuard_boots.tga","","150",""
"Helsethguard_cuirass","Armor","Royal Guard Cuirass","Cuirass","8000","27.00","55","1500","a\A_HelsethGuard_cur_GND.NIF","a\Tx_HelsethGuard_cuirass.tga","","250",""
"Helsethguard_gauntlet_left","Armor","Royal Guard Left Gauntlet","Left Gauntlet","2000","4.00","55","225","a\A_HelsethGuard_gauntl_GND.NIF","a\Tx_HelsethGuard_gauntlet.tga","","120",""
"Helsethguard_gauntlet_right","Armor","Royal Guard Right Gauntlet","Right Gauntlet","2000","4.00","55","225","a\A_HelsethGuard_gauntl_GND.NIF","a\Tx_HelsethGuard_gauntlet.tga","","120",""
"Helsethguard_greaves","Armor","Royal Guard Greaves","Greaves","2000","12.00","40","300","a\A_HelsethGuard_Greave_GND.NIF","a\Tx_HelsethGuard_greave.tga","","40",""
"Helsethguard_Helmet","Armor","Royal Guard Helm","Helmet","550","4.00","55","550","a\A_HelsethGuard_Helm.NIF","a\Tx_HelsethGuard_helmet.tga","","300",""
"Helsethguard_pauldron_left","Armor","Royal Guard Left Pauldron","Left Pauldron","3000","9.00","55","550","a\A_HelsethGuard_Pauld_GND.NIF","a\Tx_HelsethGuard_pauldron.tga","","30",""
"Helsethguard_pauldron_right","Armor","Royal Guard Right Pauldron","Right Pauldron","3000","9.00","55","550","a\A_HelsethGuard_Pauld_GND.NIF","a\Tx_HelsethGuard_pauldron.tga","","30",""
"holy_shield","Armor","Holy Shield","Shield","220","12.00","15","300","a\Shield_bonemold.NIF","a\tx_bonemold_shield.tga","","400","veloth's benison_en"
"holy_tower_shield","Armor","Holy Tower Shield","Shield","3100","15.00","17","340","a\Towershield_bonemold.nif","a\tx_towershield_bonemold.tga","","600","veloth's benison_en"
"icecap_unique","Armor","The Icecap","Helmet","65","1.50","5","50","a\A_NordicFur_Helmet.nif","a\TX_NordicFur_helmet.tga","","75","icecap_en"
"imperial boots","Armor","Imperial Steel Boots","Boots","50","19.00","16","170","a\A_Imperial_A_Boot_GND.nif","a\Tx_Imperial_boot.tga","","88",""
"imperial cuirass_armor","Armor","Imperial Steel Cuirass","Cuirass","150","29.00","16","460","a\A_Imperial_M_Cuirass_GND.nif","a\Tx_Imperial_curaiss.tga","LegionUniform","200",""
"imperial helmet armor","Armor","Imperial Steel Helmet","Helmet","70","5.00","16","160","a\A_Imperial_M_Helmet.nif","a\Tx_Imperial_helmet.tga","","250",""
"imperial helmet armor_Dae_curse","Armor","Imperial Steel Helmet","Helmet","70","5.00","16","160","a\A_Imperial_M_Helmet.nif","a\Tx_Imperial_helmet.tga","BILL_MarksDaedraSummon","250",""
"imperial left gauntlet","Armor","Imperial Steel Left Gauntlet","Left Gauntlet","33","5.00","16","80","a\A_Imperial_A_Gauntlet_GND.nif","a\Tx_Imperial_gauntlet.tga","","200",""
"imperial left pauldron","Armor","Imperial Steel Left Pauldron","Left Pauldron","53","10.00","16","160","a\A_Imperial_Pauldron_GND.nif","a\Tx_Imperial_pauldron.tga","","20",""
"imperial right gauntlet","Armor","Imperial Steel Right Gauntlet","Right Gauntlet","33","5.00","16","80","a\A_Imperial_A_Gauntlet_GND.nif","a\Tx_Imperial_gauntlet.tga","","200",""
"imperial right pauldron","Armor","Imperial Steel Right Pauldron","Right Pauldron","53","10.00","16","160","a\A_Imperial_Pauldron_GND.nif","a\Tx_Imperial_pauldron.tga","","20",""
"imperial shield","Armor","Imperial Shield","Shield","78","14.00","16","320","a\A_Shield_Imperial.nif","a\Tx_Imperial_shield.tga","","500",""
"imperial_chain_coif_helm","Armor","Imperial Chain Coif","Helmet","35","3.50","10","100","a\A_M_ImperialChain_Helmet.nif","a\Tx_ImperialChain_Helmet.tga","","175",""
"imperial_chain_cuirass","Armor","Imperial Chain Cuirass","Cuirass","90","21.00","12","300","a\A_M_ImperialChain_C_GND.nif","a\Tx_ImperialChain_Cuirass.tga","LegionUniform","140",""
"imperial_chain_greaves","Armor","Imperial Chain Greaves","Greaves","50","10.00","20","200","a\A_M_ImperialChain_Gr_GND.nif","a\Tx_ImperialChain_Greaves.tga","","70",""
"imperial_chain_pauldron_left","Armor","Imperial Chain Left Pauldron","Left Pauldron","28","10.00","20","200","a\A_M_ImperialChain_Pa_UA.nif","a\Tx_ImperialChain_pauldron.tga","","70",""
"imperial_chain_pauldron_right","Armor","Imperial Chain Right Pauldron","Right Pauldron","28","10.00","20","200","a\A_M_ImperialChain_Pa_GND.nif","a\Tx_ImperialChain_pauldron.tga","","70",""
"imperial_greaves","Armor","Imperial Steel Greaves","Greaves","98","17.00","16","170","a\A_Imperial_Greaves_GND.NIF","a\Tx_Imperial_greaves.tga","","25",""
"imperial_helm_frald_uniq","Armor","Helm of Graff the White","Helmet","70","5.00","16","160","a\A_Imperial_M_Helmet.nif","a\Tx_Imperial_helmet.tga","","250","fralds_helm_uniq"
"imperial_studded_cuirass","Armor","Imperial Studded Leather Cuiras","Cuirass","65","9.00","10","300","a\A_StuddedLeather_C_GND.nif","a\Tx_StuddedLeather_cuirass.tga","","60",""
"indoril boots","Armor","Indoril Boots","Boots","2000","18.00","45","450","a\A_Indoril_M_boot_GND.nif","a\Tx_Indoril_boot.tga","","26",""
"indoril cuirass","Armor","Indoril Cuirass","Cuirass","7000","27.00","45","1350","a\A_Indoril_M_Cuirass_GND.nif","a\Tx_Indoril_curaiss.tga","OrdinatorUniform","180",""
"indoril helmet","Armor","Indoril Helmet","Helmet","3000","4.50","45","450","a\A_Indoril_M_Helmet.nif","a\Tx_Indoril_helmet.tga","OrdinatorUniform","225",""
"indoril left gauntlet","Armor","Indoril Left Gauntlet","Left Gauntlet","1400","4.50","45","225","a\A_Indoril_M_Gauntlet_GND.nif","a\Tx_Indoril_gauntlet.tga","","60",""
"indoril pauldron left","Armor","Indoril Left Pauldron","Left Pauldron","2400","9.00","45","450","a\A_Indoril_M_Pauldron_GND.nif","a\Tx_Indoril_pauldron.tga","","10",""
"indoril pauldron right","Armor","Indoril Right Pauldron","Right Pauldron","2400","9.00","45","450","a\A_Indoril_M_Pauldron_GND.nif","a\Tx_Indoril_pauldron.tga","","10",""
"indoril right gauntlet","Armor","Indoril Right Gauntlet","Right Gauntlet","1400","4.50","45","225","a\A_Indoril_M_Gauntlet_GND.nif","a\Tx_Indoril_gauntlet.tga","","60",""
"indoril shield","Armor","Indoril Shield","Shield","2000","13.50","45","900","a\Shield_Indoril.nif","a\Tx_Indoril_shield.tga","","450",""
"Indoril_Almalexia_boots","Armor","Her Hand's Boots","Boots","15000","60.00","70","700","a\A_AlmIndoril_Boot_GND.NIF","a\Tx_AlmIndoril_boots.tga","","200","her boot_EN"
"Indoril_Almalexia_Cuirass","Armor","Her Hand's Cuirass","Cuirass","50000","90.00","70","2800","a\A_AlmIndoril_Cuirass_GND.NIF","a\Tx_AlmIndoril_cuirass.tga","OrdinatorUniform","550","her curiass_EN"
"Indoril_Almalexia_gauntlet_L","Armor","Her Hand's Left Gauntlet","Left Gauntlet","13000","15.00","70","300","a\A_AlmIndoril_Gauntlet_GND.NIF","a\Tx_AlmIndoril_gauntlet.tga","","500","her left gauntlet_EN"
"Indoril_Almalexia_gauntlet_R","Armor","Her Hand's Right Gauntlet","Right Gauntlet","13000","15.00","70","300","a\A_AlmIndoril_Gauntlet_GND.NIF","a\Tx_AlmIndoril_gauntlet.tga","","500","her right gauntlet_EN"
"Indoril_Almalexia_Greaves","Armor","Her Hand's Greaves","Greaves","33000","45.00","70","700","a\A_AlmIndoril_Greaves_GND.NIF","a\Tx_AlmIndoril_greaves.tga","","60","her greaves_EN"
"Indoril_Almalexia_helmet","Armor","Her Hand's Helmet","Helmet","12000","15.00","75","700","a\A_AlmIndoril_Helmet.NIF","a\Tx_AlmIndoril_helmet.tga","OrdinatorUniform","650","her helm_EN"
"Indoril_Almalexia_Pauldron_L","Armor","Her Hand's Left Pauldron","Left Pauldron","20000","30.00","70","700","a\A_AlmIndoril_Pauldron_GND.NIF","a\Tx_AlmIndoril_pauldron.tga","","50","her left pauldron_EN"
"Indoril_Almalexia_Pauldron_R","Armor","Her Hand's Right Pauldron","Right Pauldron","20000","30.00","70","700","a\A_AlmIndoril_Pauldron_GND.NIF","a\Tx_AlmIndoril_pauldron.tga","","50","her right pauldron_EN"
"Indoril_Almalexia_shield","Armor","Her Hand's Shield","Shield","2500","17.00","55","350","a\Shield_AmIndoril.NIF","a\Tx_Shield_AlmIndoril.dds","","500","her shield_en"
"Indoril_MH_Guard_boots","Armor","Her Hand's Boots","Boots","15000","60.00","70","700","a\A_AlmIndoril_Boot_GND.NIF","a\Tx_AlmIndoril_boots.tga","","200",""
"Indoril_MH_Guard_Cuirass","Armor","Her Hand's Cuirass","Cuirass","50000","90.00","70","2800","a\A_AlmIndoril_Cuirass_GND.NIF","a\Tx_AlmIndoril_cuirass.tga","OrdinatorUniform","550",""
"Indoril_MH_Guard_gauntlet_L","Armor","Her Hand's Left Gauntlet","Left Gauntlet","13000","15.00","70","300","a\A_AlmIndoril_Gauntlet_GND.NIF","a\Tx_AlmIndoril_gauntlet.tga","","500",""
"Indoril_MH_Guard_gauntlet_R","Armor","Her Hand's Right Gauntlet","Right Gauntlet","13000","15.00","70","300","a\A_AlmIndoril_Gauntlet_GND.NIF","a\Tx_AlmIndoril_gauntlet.tga","","500",""
"Indoril_MH_Guard_Greaves","Armor","Her Hand's Greaves","Greaves","33000","45.00","70","700","a\A_AlmIndoril_Greaves_GND.NIF","a\Tx_AlmIndoril_greaves.tga","","60",""
"Indoril_MH_Guard_helmet","Armor","Her Hand's Helmet","Helmet","12000","15.00","75","700","a\A_AlmIndoril_Helmet.NIF","a\Tx_AlmIndoril_helmet.tga","OrdinatorUniform","650",""
"Indoril_MH_Guard_Pauldron_L","Armor","Her Hand's Left Pauldron","Left Pauldron","20000","30.00","70","700","a\A_AlmIndoril_Pauldron_GND.NIF","a\Tx_AlmIndoril_pauldron.tga","","50",""
"Indoril_MH_Guard_Pauldron_R","Armor","Her Hand's Right Pauldron","Right Pauldron","20000","30.00","70","700","a\A_AlmIndoril_Pauldron_GND.NIF","a\Tx_AlmIndoril_pauldron.tga","","50",""
"Indoril_MH_Guard_shield","Armor","Her Hand's Shield","Shield","2500","17.00","55","350","a\Shield_AmIndoril.NIF","a\Tx_Shield_AlmIndoril.dds","","500",""
"iron boots","Armor","Iron Boots","Boots","20","19.00","10","450","a\A_Iron_Boot_GND.nif","a\Tx_Iron_boots.tga","","26",""
"iron_bracer_left","Armor","Iron Left Bracer","Left Bracer","10","5.00","10","50","a\A_Iron_Bracer_W.nif","a\Tx_Iron_bracer.tga","","200",""
"iron_bracer_right","Armor","Iron Right Bracer","Right Bracer","10","5.00","10","50","a\A_Iron_Bracer_W.nif","a\Tx_Iron_bracer.tga","","200",""
"iron_cuirass","Armor","Iron Cuirass","Cuirass","70","30.00","10","2000","a\A_Iron_Cuirass_GND.nif","a\Tx_Iron_cuirass.tga","","200",""
"iron_gauntlet_left","Armor","Iron Left Gauntlet","Left Gauntlet","14","7.00","10","50","a\A_Iron_Gauntlet_GND.nif","a\Tx_Iron_Gauntlet.tga","","25",""
"iron_gauntlet_right","Armor","Iron Right Gauntlet","Right Gauntlet","14","7.00","10","50","a\A_Iron_Gauntlet_GND.nif","a\Tx_Iron_Gauntlet.tga","","10",""
"iron_greaves","Armor","Iron Greaves","Greaves","44","18.00","10","100","a\A_Iron_Greaves_GND.nif","a\Tx_Iron_greaves.tga","","25",""
"iron_helmet","Armor","Iron Helmet","Helmet","30","5.00","10","100","a\A_Iron_Helm_01.nif","a\Tx_Iron_Helm_01.tga","","25",""
"iron_pauldron_left","Armor","Iron Left Pauldron","Left Pauldron","24","10.00","10","100","a\A_Iron_Pauldron_GND.nif","a\Tx_Iron_pauldron.tga","","20",""
"iron_pauldron_right","Armor","Iron Right Pauldron","Right Pauldron","24","10.00","10","100","a\A_Iron_Pauldron_GND.nif","a\Tx_Iron_pauldron.tga","","20",""
"iron_shield","Armor","Iron Shield","Shield","34","15.00","10","200","a\Shield_iron.NIF","a\tx_shield_iron.tga","","500",""
"iron_towershield","Armor","Iron Tower Shield","Shield","50","18.00","12","240","a\TowerShield_iron.NIF","a\tx_Towershield_iron.tga","","750",""
"lbonemold brace of horny fist","Armor","Bonemold Brace of Horny Fist","Left Bracer","30","4.00","15","75","a\A_Bonemold_Bracer_GND.nif","a\TX_Bonemold_bracer.tga","","160","dynamic horny fist_en"
"left cloth horny fist bracer","Armor","Left Cloth Horny Fist Bracer","Left Bracer","7","1.50","4","20","c\C_M_Bracer_W_clothwrap02.nif","c\TX_C_bracerCloth.tga","","60","dynamic horny fist_en"
"left gauntlet of the horny fist","Armor","Left Gauntlet of the Horny Fist","Left Gauntlet","15","1.00","10","50","a\A_M_Chitin_Gauntlet_GND.nif","a\TX_Chitin_gauntlet.tga","","100","masterful horny fist_en"
"left leather bracer","Armor","Left Leather Bracer","Left Bracer","5","1.50","5","20","c\C_M_Bracer_W_leather01.nif","c\TX_C_bracerleather01.tga","","60",""
"left_horny_fist_gauntlet","Armor","Left Glove of the Horny Fist","Left Gauntlet","10","3.00","5","25","a\A_Netch_M_gauntlet_GND.nif","a\Tx_Netch_gauntlet.tga","","60","dynamic horny fist_en"
"lords_cuirass_unique","Armor","Lord's Mail","Cuirass","190000","30.00","100","3000","a\A_art_cuirass_lords_GND.NIF","a\A_cuirass_lords.tga","LegionUniform","600","lord's praise"
"lords_cuirass_unique_x","Armor","Lord's Mail","Cuirass","190000","30.00","100","3000","a\A_art_cuirass_lords_GND.NIF","a\A_cuirass_lords.tga","MuseumLordsMail","600","lord's praise"
"merisan helm","Armor","Merisan Helm","Helmet","45","1.00","10","100","a\A_M_Chitin_Helmet.nif","a\TX_Chitin_helmet.tga","","125","rest of st. merris_en"
"merisan_cuirass","Armor","Merisan Cuirass","Cuirass","55","12.00","5","150","a\A_Netch_M_cuirass_GND.nif","a\Tx_Netch_cuirass.tga","","60","rest of st. merris_en"
"mole_crab_helm","Armor","Telvanni Mole Crab Helm","Helmet","19","2.00","6","60","a\A_molecrab_helm.NIF","a\tx_molecrab_helm.tga","","500",""
"morag_tong_helm","Armor","Morag Tong Helm","Helmet","20","3.00","12","120","a\A_MoragTong_Helm.NIF","a\Tx_MoragTong_Helm.tga","","200",""
"Mountain Spirit","Armor","Mountain Spirit","Cuirass","3600","24.00","17","510","a\A_Bonemold_Gah_Julan_CGND.NIF","a\TX_Bonemold_Gah_Julan_c.tga","","160","protector_en"
"netch_leather_boiled_cuirass","Armor","Boiled Netch Leather Cuirass","Cuirass","37","12.00","7","210","a\A_Netch_M_cuirass_GND.nif","a\Tx_Netch_cuirass.tga","","60",""
"netch_leather_boiled_helm","Armor","Boiled Netch Leather Helm","Helmet","17","3.00","7","70","a\A_Netch_boiled_helm.NIF","a\Tx_Netch_boiled_helm.tga","","75",""
"netch_leather_boots","Armor","Netch Leather Boots","Boots","10","8.00","5","50","a\A_Netch_M_boot_GND.nif","a\Tx_Netch_boots.tga","","26",""
"netch_leather_cuirass","Armor","Netch Leather Cuirass","Cuirass","35","12.00","5","150","a\A_Netch_M_Currais2_GND.NIF","a\Tx_Netch_cuirass2.tga","","60",""
"netch_leather_gauntlet_left","Armor","Netch Leather Left Gauntlet","Left Gauntlet","7","3.00","5","25","a\A_Netch_M_gauntlet_GND.nif","a\Tx_Netch_gauntlet.tga","","60",""
"netch_leather_gauntlet_right","Armor","Netch Leather Right Gauntlet","Right Gauntlet","7","3.00","5","25","a\A_Netch_M_gauntlet_GND.nif","a\Tx_Netch_gauntlet.tga","","60",""
"netch_leather_greaves","Armor","Netch Leather Greaves","Greaves","22","7.00","5","50","a\A_Netch_M_Greave_GND.nif","a\Tx_Netch_greaves.tga","","10",""
"netch_leather_helm","Armor","Netch Leather Helm","Helmet","15","3.00","5","50","a\A_Netch_M_Helmet.nif","a\Tx_Netch_Helmet.tga","","75",""
"netch_leather_pauldron_left","Armor","Netch Leather Left Pauldron","Left Pauldron","12","4.00","5","50","a\A_Netch_M_Pauldron_GND.nif","a\Tx_Netch_pauldron.tga","","10",""
"netch_leather_pauldron_right","Armor","Netch Leather Right Pauldron","Right Pauldron","12","4.00","5","50","a\A_Netch_M_Pauldron_GND.nif","a\Tx_Netch_pauldron.tga","","10",""
"netch_leather_shield","Armor","Netch Leather Shield","Shield","17","6.00","5","100","a\Shield_Netch_leather.NIF","a\Tx_shield_Nordic_leather.tga","","150",""
"netch_leather_towershield","Armor","Netch Leather Tower Shield","Shield","25","9.00","5","100","a\TowerShield_Netch_leather.NIF","a\Tx_Towershield_Netch.tga","","225",""
"newtscale_cuirass","Armor","Imperial Newtscale Cuirass","Cuirass","100","9.00","10","300","a\A_Newstscale_C_GND.NIF","a\tx_Newtscale_cuirass.tga","","100",""
"nordic_iron_cuirass","Armor","Nordic Iron Cuirass","Cuirass","130","35.00","16","480","a\A_NordicIron_C_GND.NIF","a\Tx_NordicIron_Cuirass.tga","","200",""
"nordic_iron_helm","Armor","Nordic Iron Helm","Helmet","50","8.00","16","160","a\A_NordicIron_Helm.NIF","a\tx_NordicIron_Helm.tga","","250",""
"nordic_leather_shield","Armor","Nordic Leather Shield","Shield","25","4.50","5","100","a\Shield_Nordic_leather.NIF","a\Tx_shield_Nordic_leather.tga","","150",""
"nordic_ringmail_cuirass","Armor","Nordic Ringmail Cuirass","Cuirass","80","21.00","10","300","a\A_Ringmail_Cuirass_GND.nif","a\Tx_Ringmail_cuirass.tga","","140",""
"orcish_boots","Armor","Orcish Boots","Boots","800","17.00","30","300","a\A_Orcish_Boots_GND.nif","a\TX_Orcish_boots.tga","","105",""
"orcish_bracer_left","Armor","Orcish Left Bracer","Left Bracer","400","4.40","30","150","a\A_Orcish_Bracer_GND.nif","a\TX_Orcish_bracer.tga","","240",""
"orcish_bracer_right","Armor","Orcish Right Bracer","Right Bracer","400","4.40","30","150","a\A_Orcish_Bracer_GND.nif","a\TX_Orcish_bracer.tga","","240",""
"orcish_cuirass","Armor","Orcish Cuirass","Cuirass","2800","26.50","30","900","a\A_Orcish_Cuirass_GND.nif","a\TX_Orcish_cuirass.tga","","240",""
"orcish_greaves","Armor","Orcish Greaves","Greaves","1760","13.45","30","300","a\A_Orcish_Greaves_GND.nif","a\TX_Orcish_greaves.tga","","30",""
"orcish_helm","Armor","Orcish Helm","Helmet","1200","4.40","30","300","a\A_Orcish_Helmet.nif","a\TX_Orcish_helmet.tga","","300",""
"orcish_pauldron_left","Armor","Orcish Left Pauldron","Left Pauldron","960","8.00","30","300","a\A_Orcish_Pauldron_GND.nif","a\TX_Orcish_pauldron.tga","","24",""
"orcish_pauldron_right","Armor","Orcish Right Pauldron","Right Pauldron","960","8.00","30","300","a\A_Orcish_Pauldron_UA.nif","a\TX_Orcish_pauldron.tga","","24",""
"orcish_towershield","Armor","Orcish Tower Shield","Shield","2000","13.40","32","640","a\Towershield_Orcish.nif","a\TX_towershield_orcish.tga","","900",""
"rbonemold bracer of horny fist","Armor","Bonemold Bracer of Horny Fist","Right Bracer","30","4.00","15","75","a\A_Bonemold_Bracer_GND.nif","a\TX_Bonemold_bracer.tga","","160","dynamic horny fist_en"
"redoran_master_helm","Armor","Redoran Master Helm","Helmet","3000","4.50","45","450","a\A_RedoranMaster_H.NIF","a\tx_redoranMaster_h.tga","","225",""
"right cloth horny fist bracer","Armor","Right Cloth Horny Fist Bracer","Right Bracer","7","1.50","4","20","c\C_M_Bracer_W_clothwrap02.nif","c\TX_C_bracerCloth.tga","","60","dynamic horny fist_en"
"right gauntlet of horny fist","Armor","Right Gauntlet of Horny Fist","Right Gauntlet","15","1.00","10","50","a\A_M_Chitin_Gauntlet_GND.nif","a\TX_Chitin_gauntlet.tga","","100","masterful horny fist_en"
"right horny fist gauntlet","Armor","Right Glove of the Horny Fist","Right Gauntlet","10","3.00","5","25","a\A_Netch_M_gauntlet_GND.nif","a\Tx_Netch_gauntlet.tga","","60","dynamic horny fist_enu"
"right leather bracer","Armor","Right Leather Bracer","Right Bracer","5","1.50","5","25","c\C_M_Bracer_W_leather01.nif","c\TX_C_bracerleather01.tga","","60",""
"saint's shield","Armor","Saint's Shield","Shield","15000","30.00","60","1200","a\Shield_ebony.NIF","a\tx_shield_ebony.tga","","1000","saint's shield_en"
"shadow_shield","Armor","Shadow Shield","Shield","2400","15.00","20","2000","a\Shield_Dwemer.nif","a\Tx_Dwemer_shield.tga","","500","shadow_shield_en"
"shield of the undaunted","Armor","Shield of the Undaunted","Shield","35","4.00","15","300","a\Shield_Chitin.NIF","a\Tx_shield_chitin.tga","","250","stamina_en"
"shield of wounds","Armor","Shield of Wounds","Shield","620","15.00","20","400","a\Shield_Dwemer.nif","a\Tx_Dwemer_shield.tga","","500","wound_enu"
"shield_of_light","Armor","Shield of Light","Shield","85","6.00","5","100","a\A_Shield_Imperial.nif","a\Tx_Imperial_shield.tga","","375","light_en"
"silver_cuirass","Armor","Imperial Silver Cuirass","Cuirass","280","30.00","18","540","a\A_Silver_Cuir_GND.NIF","a\tx_silver_cuirass.tga","","160",""
"silver_dukesguard_cuirass","Armor","Duke's Guard Silver Cuirass","Cuirass","350","30.00","20","600","a\A_silver_duke_GND.NIF","a\tx_silver_dukes_cuir.tga","LegionUniform","160",""
"silver_helm","Armor","Imperial Silver Helm","Helmet","120","5.00","17","170","a\A_Helm_silver.NIF","a\tx_helm_silver.tga","","200",""
"silver_helm_uvenim","Armor","Imperial Silver Helm","Helmet","120","5.00","17","170","a\A_Helm_silver.NIF","a\tx_helm_silver.tga","","200","helm_uvenim_en"
"slave_bracer_left","Armor","Slave's Left Bracer","Left Bracer","5","5.00","5","25","c\C_Slave_Bracer.NIF","c\tx_slavebracer.tga","","200","slave_bracer_en"
"slave_bracer_right","Armor","Slave's Right Bracer","Right Bracer","5","5.00","5","25","c\C_Slave_Bracer.NIF","c\tx_slavebracer.tga","","200","slave_bracer_en"
"spell_breaker_unique","Armor","Spell Breaker","Shield","115000","25.00","70","1400","a\A_art_shield_breaker.NIF","a\A_shield_breaker.tga","","600","Spell Breaker"
"spell_breaker_unique_x","Armor","Spell Breaker","Shield","115000","25.00","70","1400","a\A_art_shield_breaker.NIF","a\A_shield_breaker.tga","MuseumSpellBreaker","600","Spell Breaker"
"spirit of indoril","Armor","Spirit of Indoril","Shield","5400","13.50","45","900","a\Shield_Indoril.nif","a\Tx_Indoril_shield.tga","","450","summon ancestral ghost_en"
"steel_boots","Armor","Steel Boots","Boots","40","20.00","15","150","a\A_Steel_Boots_GND.nif","a\Tx_Steel_boot.tga","","88",""
"steel_boots_ancient","Armor","Ancient Steel Boots","Boots","40","20.00","16","75","a\A_Steel_Boots_GND.nif","a\Tx_Steel_boot.tga","","88",""
"steel_cuirass","Armor","Steel Cuirass","Cuirass","150","30.00","15","450","a\A_Steel_Cuirass_GND.nif","a\TX_Steel_curaiss.tga","","200",""
"steel_cuirass_ancient","Armor","Ancient Steel Cuirass","Cuirass","150","30.00","16","225","a\A_Steel_Cuirass_GND.nif","a\TX_Steel_curaiss.tga","","200",""
"steel_gauntlet_left","Armor","Steel Left Gauntlet","Left Gauntlet","28","5.00","15","75","a\A_Steel_Gauntlet_GND.NIF","a\TX_Steel_gauntlet.tga","","200",""
"steel_gauntlet_left_ancient","Armor","Ancient Steel Left Gauntlet","Left Gauntlet","28","5.00","16","37","a\A_Steel_Gauntlet_GND.NIF","a\TX_Steel_gauntlet.tga","","200",""
"steel_gauntlet_right","Armor","Steel Right Gauntlet","Right Gauntlet","28","5.00","15","75","a\A_Steel_Gauntlet_GND.NIF","a\TX_Steel_gauntlet.tga","","200",""
"steel_gauntlet_right_ancient","Armor","Ancient Steel Right Gauntlet","Right Gauntlet","28","5.00","16","37","a\A_Steel_Gauntlet_GND.NIF","a\TX_Steel_gauntlet.tga","","200",""
"steel_greaves","Armor","Steel Greaves","Greaves","88","18.00","15","150","a\A_Steel_Greaves_GND.nif","a\TX_Steel_greaves.tga","","25",""
"steel_greaves_ancient","Armor","Ancient Steel Greaves","Greaves","88","18.00","16","75","a\A_Steel_Greaves_GND.nif","a\TX_Steel_greaves.tga","","25",""
"steel_helm","Armor","Steel Helm","Helmet","60","5.00","15","150","a\A_Steel_Helmet.nif","a\TX_Steel_helmet.tga","","250",""
"steel_helm_ancient","Armor","Ancient Steel Helm","Helmet","60","5.00","16","75","a\A_Steel_Helmet.nif","a\TX_Steel_helmet.tga","","250",""
"steel_pauldron_left","Armor","Steel Left Pauldron","Left Pauldron","48","10.00","15","150","a\A_Steel_Pauldron_GND.nif","a\TX_Steel_pauldron.tga","","20",""
"steel_pauldron_left_ancient","Armor","Ancient Steel Left Pauldron","Left Pauldron","48","10.00","16","75","a\A_Steel_Pauldron_GND.nif","a\TX_Steel_pauldron.tga","","20",""
"steel_pauldron_right","Armor","Steel Right Pauldron","Right Pauldron","48","10.00","15","150","a\A_Steel_Pauldron_GND.nif","a\TX_Steel_pauldron.tga","","20",""
"steel_pauldron_right_ancient","Armor","Ancient Steel Right Pauldron","Right Pauldron","48","10.00","16","75","a\A_Steel_Pauldron_GND.nif","a\TX_Steel_pauldron.tga","","20",""
"steel_shield","Armor","Steel Shield","Shield","68","15.00","15","300","a\shield_steel.NIF","a\Tx_shield_steel.tga","","500",""
"steel_towershield","Armor","Steel Tower Shield","Shield","100","20.00","18","360","a\TowerShield_steel.NIF","a\Tx_towershield_steel.tga","","750",""
"steel_towershield_ancient","Armor","Ancient Steel Tower Shield","Shield","100","20.00","19","180","a\TowerShield_steel.NIF","a\Tx_towershield_steel.tga","","750",""
"storm helm","Armor","Storm Helm","Helmet","215","4.00","16","160","a\A_Bonemold_Gah_Julan_h.nif","a\TX_Bonemold_Gah_Julan_h.tga","","200","lightning shield_en"
"succour of indoril","Armor","Succour of Indoril","Shield","4200","13.50","45","900","a\Shield_Indoril.nif","a\Tx_Indoril_shield.tga","","450","veloth's benison_en"
"templar boots","Armor","Imperial Templar Boots","Boots","50","20.00","18","180","a\A_Templar_M_Boot_GND.nif","a\Tx_Templar_boot.tga","","88",""
"templar bracer left","Armor","Imperial Templar Left Bracer","Left Bracer","25","5.00","18","90","a\A_Templar_M_W_Bracer.nif","a\Tx_Templar_bracer.tga","","200",""
"templar bracer right","Armor","Imperial Templar Right Bracer","Right Bracer","25","5.00","18","90","a\A_Templar_M_W_Bracer.nif","a\Tx_Templar_bracer.tga","","200",""
"templar_cuirass","Armor","Imperial Templar Knight Cuirass","Cuirass","175","30.00","18","540","a\A_Templar_M_Cuirass_GND.nif","a\Tx_Templar_curaiss.tga","LegionUniform","200",""
"templar_greaves","Armor","Imperial Templar Greaves","Greaves","110","18.00","18","180","a\A_Templar_Greaves_GND.NIF","a\tx_Templar_greaves.tga","","25",""
"templar_helmet_armor","Armor","Imperial Templar Helmet","Helmet","75","5.00","18","180","a\A_Templar_M_Helmet.nif","a\Tx_Templar_helmet.tga","","250",""
"templar_pauldron_left","Armor","Imperial Templar Left Pauldron","Left Pauldron","60","10.00","18","180","a\A_Templar_M_CL_Pauldron.nif","a\Tx_Templar_pauldron.tga","","20",""
"templar_pauldron_right","Armor","Imperial Templar Right Pauldron","Right Pauldron","60","10.00","18","180","a\A_Templar_M_CL_Pauldron.nif","a\Tx_Templar_pauldron.tga","","20",""
"tenpaceboots","Armor","Ten Pace Boots","Boots","140000","60.00","80","800","a\A_TenPaceboot_GND.NIF","a\tx_TenPaceBoot.tga","","263","tenpaceboots_en"
"tenpaceboots_x","Armor","Ten Pace Boots","Boots","140000","60.00","80","800","a\A_TenPaceboot_GND.NIF","a\tx_TenPaceBoot.tga","MuseumBootsTenPace","263","tenpaceboots_en"
"the_chiding_cuirass","Armor","The Chiding Cuirass","Cuirass","280","6.00","10","300","a\A_M_Chitin_Cuirass_GND.nif","a\TX_Chitin_curaiss.tga","","100","weariness_en"
"towershield_eleidon_unique","Armor","Eleidon's Ward","Shield","200000","30.00","100","2000","a\A_art_towershield_eleidon.NIF","a\A_shieled_eleidon.tga","","30000","eleidon's grace"
"towershield_eleidon_unique_x","Armor","Eleidon's Ward","Shield","200000","30.00","100","2000","a\A_art_towershield_eleidon.NIF","a\A_shieled_eleidon.tga","MuseumEleidonsward","30000","eleidon's grace"
"trollbone_cuirass","Armor","Nordic Trollbone Cuirass","Cuirass","165","32.00","18","540","a\A_Trollbone_Cuirass_GND.NIF","a\tx_trollbone_cuirass.tga","","160",""
"trollbone_helm","Armor","Nordic Trollbone Helm","Helmet","65","8.00","18","180","a\A_Trollbone_Helm.NIF","a\tx_Trollbone_helm.tga","","200",""
"trollbone_shield","Armor","Nordic Trollbone Shield","Shield","78","16.00","18","360","a\TowerShield_Trollbone.NIF","a\tx_towershield_trollbone.tga","","400",""
"velothian shield","Armor","Velothian Shield","Shield","85","4.00","10","200","a\Shield_Chitin.NIF","a\Tx_shield_chitin.tga","","250","veloth's benison_en"
"velothian_helm","Armor","Velothian Helm","Helmet","75","1.00","10","100","a\A_M_Chitin_Helmet.nif","a\TX_Chitin_helmet.tga","","125","veloth's benison_en"
"velothis_shield","Armor","Velothi's Shield","Shield","85","4.00","10","200","a\A_Shield_Imperial.nif","a\Tx_Imperial_shield.tga","","250","veloth's benison_en"
"veloths_shield","Armor","Veloth's Shield","Shield","85","4.00","10","200","a\Shield_Chitin.NIF","a\Tx_shield_chitin.tga","","250","veloth's benison_en"
"veloths_tower_shield","Armor","Veloth's Tower Shield","Shield","150","9.00","12","100","a\TowerShield_Netch_leather.NIF","a\Tx_Towershield_Netch.tga","","225","veloth's benison_en"
"wolfwalkers","Armor","Paws of the Wolf-Runner","Boots","1000","4.00","15","105","a\A_Wolf2_Boot_GND.NIF","A\Tx_Wolf2_Boot.dds","","20","wolfwalking_en"
"wraithguard","Armor","Wraithguard","Right Gauntlet","500000","15.00","80","400","a\A_ART_Wraithguard_GND.NIF","a\TX_Art_wraithguard.tga","wraithguardScript","600","wraithguard_en"
"wraithguard_jury_rig","Armor","Wraithguard","Left Gauntlet","10000","15.00","80","400","a\A_Art_Wraithguard_GND.NIF","a\TX_Art_wraithguard.tga","ouch_wraithguard","600","wraithguard_en"
