"ID","ItemType","Name","Value","Weight","Teaches","Enchant","EnchantPts","Model","Inventory","Script"
"bk_6thhouseravings","Book","Parchment with Scrawlings","0","0.10","","","0","m\Text_Parchment_02.nif","m\Tx_parchment_02.tga",""
"bk_a1_11_zainsubaninotes","Book","Zainsubani's Notes","0","0.20","","","0","m\Text_Parchment_02.NIF","m\Tx_parchment_02.tga",""
"bk_a1_1_caiuspackage","Book","Package for Caius Cosades","0","0.20","","","0","m\Text_Parchment_01.NIF","m\Tx_parchment_01.tga",""
"bk_a1_1_directionscaiuscosades","Book","Directions to Caius Cosades","0","0.20","","","0","m\Text_Parchment_02.NIF","m\Tx_parchment_02.tga",""
"bk_a1_1_elone_to_Balmora","Book","Elone's Directions to Balmora","0","0.20","","","0","m\Text_Parchment_02.NIF","m\Tx_parchment_02.tga",""
"bk_a1_1_packagedecoded","Book","decoded package","0","0.20","","","0","m\Text_Parchment_01.NIF","m\Tx_parchment_01.tga",""
"bk_a1_2_antabolistocosades","Book","Hasphat's notes for Cosades","0","0.20","","","0","m\Text_Parchment_01.NIF","m\Tx_parchment_01.tga",""
"bk_a1_2_introtocadiusus","Book","Letter to Senilias Cadiusus","0","0.20","","","0","m\Text_Parchment_01.NIF","m\Tx_parchment_01.tga",""
"bk_a1_4_sharnsnotes","Book","Nerevarine cult notes","0","0.20","","","0","m\Text_Parchment_02.nif","m\Tx_parchment_02.tga",""
"bk_A1_7_HuleeyaInformant","Book","Notes from Huleeya","0","0.20","","","0","m\Text_Parchment_01.NIF","m\Tx_parchment_01.tga",""
"bk_a1_v_vivecinformants","Book","Mission to Vivec -- from Caius","0","0.10","","","0","m\Text_Parchment_02.NIF","m\Tx_parchment_02.tga",""
"bk_a2_1_sevenvisions","Book","The Seven Visions","0","0.20","","","0","m\Text_Parchment_01.NIF","m\Tx_parchment_01.tga",""
"bk_a2_1_thestranger","Book","The Stranger","0","0.20","","","0","m\Text_Parchment_01.NIF","m\Tx_parchment_01.tga",""
"bk_a2_2_dagoth_message","Book","Message from Dagoth Ur","0","0.10","","","0","m\Text_Parchment_02.NIF","m\Tx_parchment_02.tga",""
"bk_ABCs","Book","ABCs for Barbarians","25","2.00","","","0","m\Text_Octavo_08.nif","m\Tx_book_02.tga",""
"bk_Adren","Book","WARNING!!!","0","0.20","","","0","m\Text_Note_01.nif","m\Tx_note_01.tga",""
"bk_Aedra_Tarer_Unique","Book","Tarer's Aedra and Daedra","50","3.00","","","20","m\Text_Octavo_06.nif","m\Tx_book_03.tga",""
"bk_AedraAndDaedra","Book","Aedra and Daedra","50","3.00","","","20","m\Text_Octavo_06.nif","m\Tx_book_03.tga",""
"bk_AffairsOfWizards","Book","The Affairs of Wizards","50","3.00","","","0","m\Text_Octavo_06.nif","m\Tx_book_03.tga",""
"bk_ahnia","Book","Note to Ahnia","0","0.20","","","0","m\Text_Note_01.nif","m\Tx_note_01.tga","AhniaNote"
"bk_Airship_Captains_Journal","Book","Airship Captain's Journal","10","1.00","","","100","m\Text_Folio_03.nif","m\Tx_folio_03.tga","AirshipJournalScript"
"bk_Ajira1","Book","Ajira's Mushroom Report","100","0.20","","","0","m\Text_Scroll_01.NIF","m\Tx_scroll_open_01.tga","ajiraReports"
"bk_Ajira2","Book","Ajira's Flower Report","100","0.20","","","0","m\Text_Scroll_01.NIF","m\Tx_scroll_open_01.tga","ajiraReports"
"bk_AlchemistsFormulary","Book","The Alchemists Formulary","300","3.00","","","20","m\Text_Octavo_open_06.nif","m\Tx_book_open_03.tga",""
"bk_Alen_note","Book","handwritten letter","100","0.20","","","0","m\Text_Parchment_01.NIF","m\Tx_parchment_01.tga","Alen_note"
"bk_AncestorsAndTheDunmer","Book","Ancestors and the Dunmer","25","3.00","","","20","m\Text_Octavo_07.nif","m\Tx_book_01.tga",""
"bk_AnnotatedAnuad","Book","The Annotated Anuad","50","3.00","","","0","m\Text_Octavo_06.NIF","m\Tx_book_03.tga",""
"bk_AntecedantsDwemerLaw","Book","Antecedants of Dwemer Law","25","3.00","","","20","m\Text_Quarto_04.NIF","m\Tx_quarto_04.tga",""
"bk_Anticipations","Book","The Anticipations","50","3.00","","","0","m\Text_Octavo_06.NIF","m\Tx_book_03.tga",""
"bk_ArcanaRestored","Book","Arcana Restored","75","3.00","","","0","m\Text_Quarto_04.NIF","m\Tx_quarto_04.tga",""
"bk_ArcturianHeresy","Book","The Arcturian Heresy","25","2.00","","","0","m\Text_Octavo_03.NIF","m\Tx_octavo_03.tga",""
"bk_ArkayTheEnemy","Book","Arkay the Enemy","40","4.00","","","0","m\Text_Quarto_02.NIF","m\Tx_quarto_02.tga",""
"bk_arrilles_tradehouse","Book","tradehouse notice","0","0.20","","","0","m\Text_Parchment_02.NIF","m\Tx_parchment_02.tga",""
"bk_Artifacts_Tamriel","Book","Famed Artifacts of Tamriel","250","3.00","","","0","m\Text_Octavo_02.nif","m\Tx_octavo_02.tga",""
"bk_Ashland_Hymns","Book","Ashland Hymns","35","4.00","","","0","m\Text_Quarto_04.NIF","m\Tx_quarto_04.tga",""
"bk_AuraneFrernis1","Book","Aurane Frernis' Recipies","100","0.20","","","0","m\Text_Scroll_01.NIF","m\Tx_scroll_open_01.tga",""
"bk_auranefrernis2","Book","Aurane Frernis' Recipies","100","0.20","","","0","m\Text_Scroll_01.NIF","m\Tx_scroll_open_01.tga",""
"bk_auranefrernis3","Book","Aurane Frernis' Recipies","100","0.20","","","0","m\Text_Scroll_01.NIF","m\Tx_scroll_open_01.tga",""
"bk_bartendersguide","Book","Hanin's Wake","10","6.00","","","0","m\Text_Quarto_03.nif","m\Tx_quarto_03.tga",""
"bk_bartendersguide_01","Book","Hanin's Wake","10","6.00","","","0","m\Text_Quarto_open_03.nif","m\Tx_quarto_open_03.tga",""
"bk_BeramJournal1","Book","Beram Journal Entry 1","0","0.10","","","100","m\Text_Note_02.nif","m\Tx_note_02.tga",""
"bk_BeramJournal2","Book","Beram Journal Entry 2","0","0.10","","","100","m\Text_Note_02.nif","m\Tx_note_02.tga",""
"bk_BeramJournal3","Book","Beram Journal Entry 3","0","0.10","","","100","m\Text_Note_02.nif","m\Tx_note_02.tga",""
"bk_BeramJournal4","Book","Beram Journal Entry 4","0","0.10","","","100","m\Text_Note_02.nif","m\Tx_note_02.tga",""
"bk_BeramJournal5","Book","Beram Journal Entry 5","0","0.10","","","100","m\Text_Note_01.nif","m\Tx_note_01.tga",""
"bk_BiographyBarenziah1","Book","Biography of Barenziah v I","50","3.00","","","0","m\Text_Octavo_05.nif","m\Tx_book_04.tga",""
"bk_BiographyBarenziah2","Book","Biography of Barenziah v II","50","3.00","","","0","m\Text_Octavo_05.nif","m\Tx_book_04.tga",""
"bk_BiographyBarenziah3","Book","Biography of Barenziah v III","50","3.00","","","0","m\Text_Octavo_05.nif","m\Tx_book_04.tga",""
"bk_BlackGlove","Book","The Black Glove","60","2.00","","","20","m\Text_Octavo_08.NIF","m\Tx_book_02.tga",""
"bk_BlasphemousRevenants","Book","Blasphemous Revenants","55","3.00","","","0","m\Text_Quarto_open_01.NIF","m\Tx_quarto_01.tga",""
"bk_BlightPotionNotice","Book","Cure Blight Potion Notice","1","0.10","","","100","m\Text_Note_02.nif","m\Tx_note_02.tga",""
"bk_BlueBookOfRiddles","Book","The Blue Book of Riddles","250","2.00","","","20","m\Text_Octavo_08.nif","m\Tx_book_02.tga",""
"bk_BM_Aevar","Book","The Story of Aevar Stone-Singer","100","0.20","","","0","m\Text_Scroll_01.NIF","m\Tx_scroll_open_01.tga",""
"bk_BM_Stockcert","Book","EEC Stock Certificate","10","0.20","","","0","m\Text_Scroll_01.NIF","m\Tx_scroll_open_01.tga",""
"bk_BM_StoneMap","Book","Locations of the Stones","100","0.20","","","0","m\Text_Scroll_01.NIF","m\Tx_scroll_open_01.tga",""
"bk_BMtrial_unique","Book","Letter from Rigmor to Risi","1","0.10","","","100","m\Text_Note_02.nif","m\Tx_note_02.tga","rignoteScript"
"bk_Boethiah's Glory_unique","Book","Boethiah's Glory","25","2.00","","","0","m\Text_Octavo_08.nif","m\Tx_book_02.tga",""
"bk_BoethiahPillowBook","Book","Boethiah's Pillow Book","0","10.00","","","0","m\Text_Octavo_03.NIF","m\Tx_octavo_03.tga",""
"bk_BookDawnAndDusk","Book","The Book of Dawn and Dusk","25","3.00","","","0","m\Text_Quarto_open_03.NIF","m\Tx_quarto_open_03.tga",""
"bk_BookOfDaedra","Book","The Book of Daedra","45","2.00","","","20","m\Text_Octavo_07.NIF","m\Tx_book_01.tga",""
"bk_BookOfLifeAndService","Book","Book of Life and Service","40","3.00","","","0","m\Text_Octavo_07.nif","m\Tx_book_01.tga",""
"bk_BookOfRestAndEndings","Book","Book of Rest and Endings","40","3.00","","","0","m\Text_Octavo_05.NIF","m\Tx_book_04.tga",""
"bk_BriefHistoryEmpire1","Book","Brief History of the Empire v 1","50","4.00","","","0","m\Text_Quarto_03.NIF","m\Tx_quarto_03.tga",""
"bk_BriefHistoryEmpire1_oh","Book","Odral's History of the Empire 1","50","4.00","","","0","m\Text_Quarto_03.NIF","m\Tx_quarto_03.tga",""
"bk_BriefHistoryEmpire2","Book","Brief History of the Empire v 2","50","4.00","","","0","m\Text_Quarto_03.NIF","m\Tx_quarto_03.tga",""
"bk_BriefHistoryEmpire2_oh","Book","Odral's History of the Empire 2","50","4.00","","","0","m\Text_Quarto_03.NIF","m\Tx_quarto_03.tga",""
"bk_BriefHistoryEmpire3","Book","Brief History of the Empire v 3","50","4.00","","","0","m\Text_Quarto_03.NIF","m\Tx_quarto_03.tga",""
"bk_BriefHistoryEmpire3_oh","Book","Odral's History of the Empire 3","50","4.00","","","0","m\Text_Quarto_03.NIF","m\Tx_quarto_03.tga",""
"bk_BriefHistoryEmpire4","Book","Brief History of the Empire v 4","50","4.00","","","0","m\Text_Quarto_03.NIF","m\Tx_quarto_03.tga",""
"bk_BriefHistoryEmpire4_oh","Book","Odral's History of the Empire 4","50","4.00","","","0","m\Text_Quarto_03.NIF","m\Tx_quarto_03.tga",""
"bk_BriefHistoryofWood","Book","No-h's Picture Book of Wood","10","4.00","","","0","m\Text_Quarto_03.nif","m\Tx_quarto_03.tga",""
"bk_BriefHistoryofWood_01","Book","No-h's Picture Book of Wood","10","4.00","","","0","m\Text_Octavo_08.nif","m\Tx_book_02.tga",""
"bk_BrothersOfDarkness","Book","The Brothers of Darkness","100","4.00","","","0","m\Text_Quarto_01.NIF","m\Tx_quarto_open_01.tga",""
"bk_BrownBook426","Book","Brown Book of 3E 426","75","3.00","","","0","m\Text_Octavo_05.nif","m\Tx_book_04.tga","brownBookScript"
"bk_CalderaMiningContract","Book","Caldera Mining Contract","100","0.20","","","0","m\Text_Scroll_open_02.nif","m\Tx_scroll_open_02.tga",""
"bk_CalderaRecordBook1","Book","Caldera Ledger","0","3.00","","","0","m\Text_Octavo_open_03.nif","m\Tx_octavo_open_03.tga",""
"bk_CalderaRecordBook2","Book","Secret Caldera Ledger","0","3.00","","","0","m\Text_Octavo_01.NIF","m\Tx_octavo_01.tga",""
"bk_CantatasOfVivec","Book","The Cantatas of Vivec","50","3.00","","","20","m\Text_Octavo_06.nif","m\Tx_book_03.tga",""
"bk_carniusnote","Book","Note from Carnius","0","0.20","","","0","m\Text_Parchment_01.NIF","m\Tx_parchment_01.tga",""
"bk_ChangedOnes","Book","The Changed Ones","50","3.00","","","0","m\Text_Octavo_02.NIF","m\Tx_octavo_02.tga",""
"bk_charterFG","Book","Fighters Guild Charter","30","3.00","","","0","m\Text_Octavo_03.NIF","m\Tx_octavo_03.tga",""
"bk_charterMG","Book","Mages Guild Charter","30","3.00","","","0","m\Text_Octavo_03.NIF","m\Tx_octavo_03.tga",""
"bk_ChildrenOfTheSky","Book","Children of the Sky","50","3.00","","","20","m\Text_Octavo_02.NIF","m\Tx_octavo_02.tga",""
"bk_ChildrensAnuad","Book","The Annotated Anuad","50","3.00","","","0","m\Text_Octavo_08.nif","m\Tx_book_02.tga",""
"bk_ChroniclesNchuleft","Book","Chronicles of Nchuleft","250","2.00","","","20","m\Text_Octavo_08.nif","m\Tx_book_02.tga",""
"bk_clientlist","Book","Client List","1","0.10","","","100","m\Text_Note_01.nif","m\Tx_note_01.tga","clientScript"
"bk_colony_Toralf","Book","Tattered Note","1","0.10","","","100","m\Text_Note_01.nif","m\Tx_note_01.tga",""
"bk_colonyreport","Book","Colony Status Report","0","0.20","","","0","m\Text_Parchment_02.nif","m\Tx_parchment_02.tga",""
"bk_commontongue","Book","The Common Tongue","1","0.20","","","0","m\Text_Parchment_02.NIF","m\Tx_parchment_02.tga",""
"bk_commontongue_irano","Book","The Common Tongue: Irano's copy","1","0.20","","","0","m\Text_Parchment_02.NIF","m\Tx_parchment_02.tga",""
"bk_Confessions","Book","Confessions of a Skooma-Eater","25","3.00","","","0","m\Text_Folio_01.NIF","m\Tx_folio_01.tga",""
"bk_ConsolationsOfPrayer","Book","The Consolations of Prayer","25","3.00","","","0","m\Text_Octavo_03.NIF","m\Tx_octavo_03.tga",""
"bk_contract_ralen","Book","Weapons and Armor Contract","1","0.10","","","100","m\Text_Note_01.nif","m\Tx_note_01.tga",""
"bk_corpsepreperation1_c","Book","Corpse Preparation v I","50","2.00","","","0","m\Text_Octavo_08.NIF","m\Tx_book_02.tga",""
"bk_corpsepreperation1_o","Book","Corpse Preparation v I","50","2.00","","","0","m\Text_Octavo_open_08.NIF","m\Tx_book_open_02.tga",""
"bk_corpsepreperation2_c","Book","Corpse Preparation v II","50","2.00","","","0","m\Text_Octavo_08.NIF","m\Tx_book_02.tga",""
"bk_corpsepreperation3_c","Book","Corpse Preparation v III","50","2.00","","","0","m\Text_Octavo_08.NIF","m\Tx_book_02.tga",""
"bk_custom_armor","Book","Custom Armor Price List","0","0.20","","","0","m\Text_Parchment_01.NIF","m\Tx_parchment_01.tga",""
"bk_Dagoth_Urs_Plans","Book","Dagoth Ur's Plans","0","0.10","","","0","m\Text_Parchment_02.NIF","m\Tx_parchment_02.tga",""
"bk_darkestdarkness","Book","Darkest Darkness","60","4.00","","","0","m\Text_Folio_02.NIF","m\Tx_folio_02.tga",""
"bk_dbcontract","Book","A Dark Brotherhood Contract","1","0.20","","","0","m\Text_paper_roll_01.nif","m\Tx_paper_roll_01.tga","dbcontractScript"
"bk_diary_sailor","Book","Diary of a Lost Sailor","1","0.10","","","100","m\Text_paper_roll_01.nif","m\Tx_paper_roll_01.dds",""
"bk_dispelrecipe_tgca","Book","Dispel Potion Formula","100","0.20","","","0","m\Text_Scroll_01.NIF","m\Tx_scroll_open_01.tga",""
"bk_DivineMetaphysics","Book","Divine Metaphysics...","1000","4.00","","","0","m\Text_Folio_03.NIF","m\Tx_folio_03.tga","dmamiScript"
"bk_DoorsOfTheSpirit","Book","The Doors of the Spirit","50","3.00","","","0","m\Text_Quarto_open_02.NIF","m\Tx_quarto_open_02.tga",""
"bk_Dren_Hlevala_note","Book","Note to Hlevala","0","0.10","","","0","m\Text_Parchment_02.nif","m\Tx_parchment_02.tga",""
"bk_Dren_shipping_log","Book","Dren's shipping log","0","2.00","","","20","m\Text_Octavo_open_08.NIF","m\Tx_book_open_02.tga",""
"bk_drenblackmail","Book","Dren's Note","100","0.20","","","0","m\Text_Scroll_01.NIF","m\Tx_scroll_open_01.tga",""
"bk_dwemermuseumwelcome","Book","Dwemer Museum Welcome","0","0.20","","","0","m\Text_Parchment_02.NIF","m\Tx_parchment_02.tga",""
"bk_eastempirecompanyledger","Book","East Empire Company Ledger","0","2.00","","","0","m\Text_Octavo_open_08.nif","m\Tx_book_open_02.tga",""
"bk_easternprovincesimpartial","Book","The Eastern Provinces...","50","3.00","","","20","m\Text_Octavo_05.NIF","m\Tx_book_04.tga",""
"bk_EggOfTime","Book","The Egg of Time","1000","4.00","","","0","m\Text_Folio_03.NIF","m\Tx_folio_03.tga","eotScript"
"bk_eggorders","Book","Order Manifest","1","0.10","","","100","m\Misc_paper_plain_01.nif","m\Tx_paper_plain_01.tga",""
"bk_enamor","Book","Note to Salyn Sarethi","100","0.20","","","0","m\Text_Scroll_01.NIF","m\Tx_scroll_open_01.tga",""
"bk_falanaamonote","Book","Note to Falanaamo","1","0.10","","","100","m\Text_Note_02.nif","m\Tx_note_02.tga",""
"bk_falljournal_unique","Book","Journal of Tarhiel","50","4.00","","","0","m\Text_Folio_03.NIF","m\Tx_folio_03.tga","fallingScript"
"bk_fellowshiptemple","Book","Fellowship of the Temple","25","3.00","","","0","m\Text_Octavo_06.NIF","m\Tx_book_03.tga",""
"bk_firmament","Book","The Firmament","40","3.00","","","0","m\Text_Octavo_03.NIF","m\Tx_octavo_03.tga",""
"bk_fishystick","Book","Capn's Guide to the Fishy Stick","5","2.00","","","20","m\Text_Octavo_08.NIF","m\Tx_book_02.tga",""
"bk_five_far_stars","Book","The Five Far Stars","25","3.00","","","0","m\Text_Octavo_03.NIF","m\Tx_octavo_03.tga",""
"bk_fivesongsofkingwulfharth","Book","Five Songs of King Wulfharth","30","4.00","","","0","m\Text_Quarto_02.NIF","m\Tx_quarto_02.tga",""
"bk_formygodsandemperor","Book","For my Gods and Emperor","25","4.00","","","0","m\Text_Quarto_03.NIF","m\Tx_quarto_03.tga",""
"bk_fortpelagiadprisonerlog","Book","Fort Pelagiad Prisoner Log","0","2.00","","","20","m\Text_Octavo_07.nif","m\Tx_book_01.tga",""
"bk_fragmentonartaeum","Book","Fragment: On Artaeum","20","2.00","","","20","m\Text_Octavo_08.NIF","m\Tx_book_02.tga",""
"bk_frontierconquestaccommodat","Book","Frontier, Conquest...","25","3.00","","","20","m\Text_Octavo_05.NIF","m\Tx_book_04.tga",""
"bk_fryssajournal","Book","Journal of Fryssa","50","4.00","","","0","m\Text_Folio_03.NIF","m\Tx_folio_03.tga",""
"bk_fur_armor","Book","Custom Fur Armor Price List","0","0.20","","","100","m\Text_Parchment_01.nif","m\Tx_parchment_01.tga",""
"bk_galerionthemystic","Book","Galerion The Mystic","50","3.00","","","0","m\Text_Octavo_07.nif","m\Tx_book_01.tga",""
"bk_galtisguvronsnote","Book","Galtis Guvron's Note","0","0.20","","","0","m\Text_Parchment_01.NIF","m\Tx_parchment_01.tga",""
"bk_galur_rithari's_papers","Book","Galur Rithari's Papers","0","2.00","","","0","m\Text_Octavo_07.nif","m\Tx_book_01.tga","vamppapersScript"
"bk_gnisiseggmineledger","Book","Gnisis Eggmine Ledger","0","2.00","","","20","m\Text_Octavo_07.nif","m\Tx_book_01.tga",""
"bk_gnisiseggminepass","Book","Gnisis Eggmine Pass","0","0.20","","","0","m\Text_Parchment_01.NIF","m\Tx_parchment_01.tga",""
"bk_graspingfortune","Book","Grasping Fortune","30","3.00","","","0","m\Text_Octavo_03.NIF","m\Tx_octavo_03.tga",""
"bk_great_houses","Book","Great Houses of Morrowind","3","0.20","","","0","m\Text_Scroll_01.NIF","m\Tx_scroll_open_01.tga",""
"bk_guide_to_ald_ruhn","Book","Guide to Ald'ruhn","3","0.20","","","0","m\Text_Scroll_01.NIF","m\Tx_scroll_open_01.tga",""
"bk_guide_to_balmora","Book","Guide to Balmora","3","0.20","","","0","m\Text_Scroll_01.NIF","m\Tx_scroll_open_01.tga",""
"bk_guide_to_sadrithmora","Book","Guide to Sadrith Mora","3","0.20","","","0","m\Text_Scroll_01.NIF","m\Tx_scroll_open_01.tga",""
"bk_guide_to_vivec","Book","Guide to Vivec","3","0.20","","","0","m\Text_Scroll_01.NIF","m\Tx_scroll_open_01.tga",""
"bk_guide_to_vvardenfell","Book","Guide to Vvardenfell","3","0.20","","","0","m\Text_Scroll_01.NIF","m\Tx_scroll_open_01.tga",""
"bk_guylainesarchitecture","Book","Guylaine's Architecture","60","4.00","","","0","m\Text_Folio_03.NIF","m\Tx_folio_03.tga",""
"bk_hanginggardenswasten","Book","Hanging Gardens...","55","4.00","","","0","m\Text_Octavo_07.nif","m\Tx_book_01.tga","hgwcScript"
"bk_Hlaalu_Vaults_Ledger","Book","Hlaalu Vaults Ledger","0","2.00","","","20","m\Text_Octavo_open_03.nif","m\Tx_octavo_open_03.tga",""
"bk_HomiliesOfBlessedAlmalexia","Book","Homilies of Blessed Almalexia","25","3.00","","","20","m\Text_Octavo_open_06.nif","m\Tx_book_open_03.tga",""
"bk_honorthieves","Book","Honor Among Thieves","100","3.00","","","20","m\Text_Octavo_open_06.nif","m\Tx_book_open_03.tga",""
"bk_hospitality_papers","Book","Hospitality Papers","0","0.20","","","0","m\Text_Parchment_01.NIF","m\Tx_parchment_01.tga",""
"bk_HouseOfTroubles_c","Book","The House of Troubles","50","3.00","","","20","m\Text_Octavo_06.nif","m\Tx_book_03.tga",""
"bk_HouseOfTroubles_o","Book","The House of Troubles","50","3.00","","","20","m\Text_Octavo_open_06.nif","m\Tx_book_open_03.tga",""
"bk_Ibardad_Elante_notes","Book","Elante's Notes","10","0.20","","","0","m\Text_Octavo_open_04.NIF","m\Tx_octavo_04.tga",""
"bk_ILHermit_Page","Book","Page from History of the Empire","0","0.00","","","100","m\Text_Note_02.nif","m\Tx_note_02.tga",""
"bk_impmuseumwelcome","Book","Imperial Museum Welcome","1","0.10","","","100","m\Text_Note_02.nif","m\Tx_note_02.tga",""
"bk_indreledeed","Book","Deed to Indrele's House","0","0.10","","","0","m\Text_Parchment_02.nif","m\Tx_parchment_02.tga",""
"bk_InvocationOfAzura","Book","Invocation of Azura","50","3.00","","","0","m\Text_Octavo_02.NIF","m\Tx_octavo_02.tga",""
"bk_Irano_note","Book","handwritten note","1","0.20","","","0","m\Text_Parchment_02.NIF","m\Tx_parchment_02.tga","Irano_note"
"bk_istunondescosmology","Book","A Less Rude Song","40","3.00","","","0","m\Text_Octavo_01.NIF","m\Tx_octavo_01.tga",""
"bk_itermerelsnotes","Book","Itermerel's Notes","0","0.10","","","0","m\Text_Scroll_open_02.NIF","m\Tx_scroll_open_02.tga",""
"bk_joldanote","Book","A hastily scrawled note","1","1.00","","","100","m\Text_Note_02.nif","m\Tx_note_02.tga",""
"bk_kagrenac'sjournal_excl","Book","Kagrenac's Journal","400","2.00","","","0","m\Text_Octavo_03.NIF","m\Tx_octavo_03.tga",""
"bk_kagrenac'splans_excl","Book","Kagrenac's Planbook","400","2.00","","","0","m\Text_Octavo_03.NIF","m\Tx_octavo_03.tga",""
"bk_kagrenac'stools","Book","Kagrenac's Tools","0","0.20","","","0","m\Text_Parchment_02.NIF","m\Tx_parchment_02.tga",""
"bk_landdeed_hhrd","Book","Ascadian Isles Land Deed","100","0.20","","","0","m\Text_Scroll_01.NIF","m\Tx_scroll_open_01.tga","sealedTreasuryOrders"
"bk_landdeedfake_hhrd","Book","Odral's Land Deed","100","0.20","","","0","m\Text_Scroll_01.NIF","m\Tx_scroll_open_01.tga","sealedTreasuryOrders"
"bk_leaflet_false","Book","A Leaflet","1","0.10","","","100","m\Text_Note_01.nif","m\Tx_note_01.tga",""
"bk_LegendaryScourge","Book","The Legendary Scourge","200","2.00","","","0","m\Text_Octavo_06.NIF","m\Tx_book_03.tga",""
"bk_leggejournal","Book","Settler's Journal","50","4.00","","","0","m\Text_Folio_03.NIF","m\Tx_folio_03.tga",""
"bk_legionsofthedead","Book","Legions of the Dead","0","1.00","","","0","m\Text_Octavo_03.NIF","m\Tx_octavo_03.tga",""
"bk_letterfromgadayn","Book","Letter from Gadayn","1","0.10","","","100","m\Text_Parchment_02.nif","m\Tx_parchment_02.tga",""
"bk_letterfromjzhirr","Book","Letter From J'Zhirr","1","0.10","","","100","m\Text_Note_01.nif","m\Tx_note_01.tga",""
"bk_letterfromllaalam","Book","Letter From Llaalam Dredil","1","0.10","","","100","m\Text_Note_01.nif","m\Tx_note_01.tga",""
"bk_letterfromllaalam2","Book","Letter From Llaalam Dredil","1","0.10","","","100","m\Text_Note_01.nif","m\Tx_note_01.tga",""
"bk_LivesOfTheSaints","Book","Lives of the Saints","25","3.00","","","0","m\Text_Octavo_06.NIF","m\Tx_book_03.tga",""
"bk_lustyargonianmaid","Book","The Lusty Argonian Maid","20","3.00","","","0","m\Text_Octavo_05.nif","m\Tx_book_04.tga",""
"bk_madnessofpelagius","Book","The Madness of Pelagius","20","3.00","","","0","m\Text_Octavo_05.nif","m\Tx_book_04.tga",""
"bk_manyfacesmissinggod","Book","The Monomyth","30","3.00","","","0","m\Text_Octavo_03.NIF","m\Tx_octavo_03.tga",""
"bk_messagefrommasteraryon","Book","Message from Master Aryon","0","0.20","","","0","m\Text_Scroll_02.NIF","m\Tx_scroll_02.tga",""
"bk_miungei","Book","Letter from Tsrazami","100","0.20","","","0","m\Text_Note_01.nif","m\Tx_note_01.tga",""
"bk_MixedUnitTactics","Book","Mixed Unit Tactics v1","25","3.00","","","0","m\Text_Octavo_03.NIF","m\Tx_octavo_03.tga",""
"bk_MysteriousAkavir","Book","Mysterious Akavir","50","4.00","","","20","m\Text_Quarto_01.NIF","m\Tx_quarto_open_01.tga",""
"bk_Mysticism","Book","Mysticism","25","4.00","","","0","m\Text_Quarto_03.NIF","m\Tx_quarto_03.tga",""
"bk_nchunaksfireandfaith","Book","Nchunak's Fire and Faith","60","4.00","","","0","m\Text_Quarto_04.NIF","m\Tx_quarto_04.tga",""
"bk_necrojournal","Book","Rogue Necromancer's Journal","50","4.00","","","0","m\Text_Folio_03.NIF","m\Tx_folio_03.tga",""
"bk_nemindasorders","Book","Neminda's Orders","0","0.20","","","0","m\Text_Scroll_02.NIF","m\Tx_scroll_02.tga",""
"bk_Nerano","Book","Note from Bakarak","0","0.20","","","0","m\Text_Parchment_02.NIF","m\Tx_parchment_02.tga",""
"bk_NerevarineNotice","Book","Public notice","0","0.20","","","0","m\Text_Parchment_01.NIF","m\Tx_parchment_01.tga","enableNotice"
"bk_NerevarMoonandStar","Book","Nerevar Moon-and-Star","200","2.00","","","0","m\Text_Octavo_06.NIF","m\Tx_book_03.tga",""
"bk_nermarcnotes","Book","Private Notes -- DO NOT READ","20","3.00","","","0","m\Text_Octavo_05.nif","m\Tx_book_04.tga",""
"bk_NGastaKvataKvakis_c","Book","N'Gasta! Kvata! Kvakis!","200","2.00","","","20","m\Text_Octavo_08.NIF","m\Tx_book_02.tga",""
"bk_NGastaKvataKvakis_o","Book","N'Gasta! Kvata! Kvakis!","200","2.00","","","20","m\Text_Octavo_open_08.NIF","m\Tx_book_open_02.tga",""
"bk_note","Book","A worn and weathered note","1","1.00","","","100","m\Text_Note_02.nif","m\Tx_note_02.tga",""
"bk_notebyaryon","Book","Notes by Aryon","1","0.10","","","100","m\Text_Parchment_02.nif","m\Tx_parchment_02.tga",""
"bk_notefrombashuk","Book","Note from Bashuk","0","0.20","","","0","m\Text_Parchment_02.NIF","m\Tx_parchment_02.tga",""
"bk_notefromberwen","Book","Note from Berwen","1","0.10","","","100","m\Text_Parchment_02.nif","m\Tx_parchment_02.tga",""
"bk_notefrombildren","Book","Note From Bildren","1","0.10","","","100","m\Text_Note_01.nif","m\Tx_note_01.tga",""
"bk_notefrombugrol","Book","Note from Bugrol","0","0.00","","","0","m\Text_Parchment_02.NIF","m\Tx_parchment_02.tga",""
"bk_notefromernil","Book","Note From Ernil","1","0.10","","","100","m\Text_Note_02.nif","m\Tx_note_02.tga",""
"bk_notefromferele","Book","Note from Ferele","1","0.10","","","100","m\Text_Note_01.nif","m\Tx_note_01.tga",""
"bk_notefromirgola","Book","Note from Irgola","1","0.10","","","100","m\Text_Note_02.nif","m\Tx_note_02.tga",""
"bk_NoteFromJ'Zhirr","Book","Note from J'zhirr","1","0.10","","","100","m\Text_Note_01.nif","m\Tx_note_01.tga",""
"bk_notefromnelos","Book","Note from Nelos","1","0.10","","","100","m\Text_Note_02.nif","m\Tx_note_02.tga",""
"bk_notefromradras","Book","Note From Radras","1","0.10","","","100","m\Text_Note_01.nif","m\Tx_note_01.tga",""
"bk_notefromsondaale","Book","Note from Sondaale","1","0.10","","","100","m\Text_Parchment_02.nif","m\Tx_parchment_02.tga","telaseroDisable"
"bk_notes-kagouti mating habits","Book","Kagouti Mating Habits","50","3.00","","","0","m\Text_Octavo_07.nif","m\Tx_book_01.tga",""
"bk_notesoldout","Book","Sold Out Notice","1","0.10","","","100","m\Text_Note_02.nif","m\Tx_note_02.tga",""
"bk_NoteToAmaya","Book","Note to Amaya","0","0.00","","","0","m\Text_Parchment_02.NIF","m\Tx_parchment_02.tga","AmayaJournal"
"bk_notetocalderaguard","Book","NoteToCalderaGuard","1","0.10","","","100","m\Text_Note_02.nif","m\Tx_note_02.tga",""
"bk_notetocalderamages","Book","Note to Mages","1","0.10","","","100","m\Text_Note_01.nif","m\Tx_note_01.tga",""
"bk_notetocalderaslaves","Book","Note to Slaves","1","0.10","","","100","m\Text_Note_01.nif","m\Tx_note_01.tga",""
"bk_notetoinorra","Book","Note to Inorra","1","0.10","","","100","m\Text_Note_02.nif","m\Tx_note_02.tga",""
"bk_notetomalsa","Book","Note to Malsa Ules","1","1.00","","","100","m\Text_Parchment_02.nif","m\Tx_parchment_02.tga",""
"bk_notetomenus","Book","Note to Menus","1","0.10","","","100","m\Text_Note_01.nif","m\Tx_note_01.tga",""
"bk_notetotelvon","Book","Note to Telvon","1","0.10","","","100","m\Text_Note_02.nif","m\Tx_note_02.tga",""
"bk_notetovalvius","Book","Note to Valvius","1","0.10","","","100","m\Text_Note_02.nif","m\Tx_note_02.tga",""
"bk_ocato_recommendation","Book","Letter from Ocato","0","0.20","","","0","m\Text_Parchment_02.NIF","m\Tx_parchment_02.tga",""
"bk_oldways","Book","The Old Ways","40","2.00","","","0","m\Text_Octavo_08.nif","m\Tx_book_02.tga",""
"bk_OnMorrowind","Book","On Morrowind","40","3.00","","","0","m\Text_Octavo_05.NIF","m\Tx_book_04.tga",""
"bk_onoblivion","Book","On Oblivion","40","3.00","","","20","m\Text_Octavo_07.nif","m\Tx_book_01.tga",""
"bk_orderfrommollismo","Book","Order From Mollismo","1","0.10","","","100","m\Misc_paper_plain_01.nif","m\Tx_paper_plain_01.tga",""
"bk_ordersforbivaleteneran","Book","Orders for Bivale Teneran","0","0.20","","","0","m\Text_Scroll_02.NIF","m\Tx_scroll_02.tga",""
"bk_ordolegionis","Book","Ordo Legionis","30","3.00","","","20","m\Text_Octavo_07.NIF","m\Tx_book_01.tga",""
"bk_OriginOfTheMagesGuild","Book","Origin of the Mages Guild","25","3.00","","","0","m\Text_Octavo_01.NIF","m\Tx_octavo_01.tga",""
"bk_OverviewOfGodsAndWorship","Book","Overview of Gods and Worship","50","3.00","","","20","m\Text_Octavo_07.NIF","m\Tx_book_01.tga",""
"bk_PigChildren","Book","The Pig Children","100","4.00","","","0","m\Text_Quarto_04.NIF","m\Tx_quarto_04.tga",""
"bk_PilgrimsPath","Book","The Pilgrim's Path","25","3.00","","","0","m\Text_Folio_01.NIF","m\Tx_folio_01.tga","bookPilgrimsPath"
"bk_pillowinvoice","Book","Invoice","0","0.20","","","100","m\Text_Parchment_02.nif","m\Tx_scroll_open_01.tga",""
"bk_playscript","Book","The Horror of Castle Xyr","250","3.00","","","0","m\Text_Octavo_05.nif","m\Tx_book_04.tga",""
"bk_poisonsong1","Book","Poison Song I","30","4.00","","","0","m\Text_Quarto_03.NIF","m\Tx_quarto_03.tga",""
"bk_poisonsong2","Book","Poison Song II","30","4.00","","","0","m\Text_Quarto_03.NIF","m\Tx_quarto_03.tga",""
"bk_poisonsong3","Book","Poison Song III","30","4.00","","","0","m\Text_Quarto_03.NIF","m\Tx_quarto_03.tga",""
"bk_poisonsong4","Book","Poison Song IV","30","4.00","","","0","m\Text_Quarto_03.NIF","m\Tx_quarto_03.tga",""
"bk_poisonsong5","Book","Poison Song V","30","4.00","","","0","m\Text_Quarto_03.NIF","m\Tx_quarto_03.tga",""
"bk_poisonsong6","Book","Poison Song VI","30","4.00","","","0","m\Text_Quarto_03.NIF","m\Tx_quarto_03.tga",""
"bk_poisonsong7","Book","Poison Song VII","30","4.00","","","0","m\Text_Quarto_03.NIF","m\Tx_quarto_03.tga",""
"bk_PostingOfTheHunt","Book","The Posting of the Hunt","200","4.00","","","0","m\Text_Octavo_06.nif","m\Tx_book_03.tga",""
"bk_progressoftruth","Book","Progress of Truth","150","4.00","","","0","m\Text_Quarto_01.NIF","m\Tx_quarto_open_01.tga",""
"bk_propertyofjolda","Book","Property of Jolda","1","0.10","","","100","m\Text_Note_01.nif","m\Tx_note_01.tga",""
"bk_provinces_of_tamriel","Book","Provinces of Tamriel","1","0.20","","","0","m\Text_Scroll_01.nif","m\Tx_scroll_01.tga",""
"bk_ravilamemorial","Book","Ravila Memorial","0","0.00","","","0","m\Text_Parchment_02.NIF","m\Tx_parchment_02.tga",""
"bk_RealBarenziah1","Book","The Real Barenziah v I","20","4.00","","","0","m\Text_Quarto_02.NIF","m\Tx_quarto_02.tga",""
"bk_realbarenziah2","Book","The Real Barenziah v II","20","4.00","","","0","m\Text_Quarto_02.NIF","m\Tx_quarto_02.tga",""
"bk_realbarenziah3","Book","The Real Barenziah v III","20","4.00","","","0","m\Text_Quarto_02.NIF","m\Tx_quarto_02.tga",""
"bk_realbarenziah4","Book","The Real Barenziah v IV","20","4.00","","","0","m\Text_Quarto_02.NIF","m\Tx_quarto_02.tga",""
"bk_RealBarenziah5","Book","The Real Barenziah v V","20","4.00","","","20","m\Text_Quarto_02.NIF","m\Tx_quarto_02.tga",""
"bk_RealNerevar","Book","The Real Nerevar","50","3.00","","","0","m\Text_Octavo_02.NIF","m\Tx_octavo_02.tga",""
"bk_red_mountain_map","Book","Map of Red Mountain","0","0.20","","","0","m\Text_Parchment_01.NIF","m\Tx_parchment_01.tga",""
"bk_redbook426","Book","Red Book of 3E 426","60","3.00","","","20","m\Text_Octavo_07.nif","m\Tx_book_01.tga","redBookScript"
"bk_redbookofriddles","Book","The Red Book of Riddles","50","3.00","","","20","m\Text_Octavo_07.nif","m\Tx_book_01.tga",""
"bk_Redoran_Vaults_Ledger","Book","Redoran Vaults Ledger","0","2.00","","","20","m\Text_Octavo_open_03.nif","m\Tx_octavo_open_03.tga",""
"bk_redorancookingsecrets","Book","Redoran Cooking Secrets","20","4.00","","","0","m\Text_Quarto_04.NIF","m\Tx_quarto_04.tga",""
"bk_reflectionsoncultworship...","Book","Reflections on Cult Worship","25","3.00","","","20","m\Text_Octavo_05.nif","m\Tx_book_04.tga",""
"bk_responsefromdivaythfyr","Book","Response from Divayth Fyr","0","0.20","","","0","m\Text_Scroll_02.NIF","m\Tx_scroll_02.tga",""
"bk_SaintNerevar","Book","Saint Nerevar","1","0.10","","","100","m\Text_Parchment_02.nif","m\Tx_parchment_02.tga",""
"bk_SamarStarloversJournal","Book","Starlover's Log","350","3.00","","","0","m\Text_Octavo_03.NIF","m\Tx_octavo_03.tga",""
"bk_saryoni_note","Book","note from the Archcanon","0","0.10","","","0","m\Text_Parchment_02.NIF","m\Tx_parchment_02.tga",""
"bk_saryonisermonsmanuscript","Book","Saryoni's Sermons Manuscript","50000","4.00","","","0","m\Text_Folio_02.NIF","m\Tx_folio_02.tga",""
"bk_SaryonisSermons","Book","Saryoni's Sermons","50","3.00","","","0","m\Text_Folio_02.NIF","m\Tx_folio_02.tga",""
"bk_SecretsDwemerAnimunculi","Book","Secrets of Dwemer Animunculi","450","4.00","","","0","m\Text_Folio_04.NIF","m\Tx_folio_04.tga","secretsAnimunculi"
"bk_seniliasreport","Book","Senilius' Report","0","0.20","","","0","m\Text_Scroll_02.NIF","m\Tx_scroll_02.tga",""
"bk_seydaneentaxrecord","Book","Tax Record","0","0.20","","","0","m\Text_Scroll_02.NIF","m\Tx_scroll_02.tga",""
"bk_shalit_note","Book","Note to Giden","1","0.10","","","100","m\Text_Note_02.nif","m\Tx_note_02.tga",""
"bk_shalitjournal_deal","Book","Rels Tenim Journal Page","1","0.10","","","100","m\Text_Note_02.nif","m\Tx_note_02.tga",""
"bk_sharnslegionsofthedead","Book","Sharn's Legions of the Dead","50","3.00","","","0","m\Text_Octavo_03.NIF","m\Tx_octavo_03.tga",""
"bk_shishireport","Book","Shishi Report","0","0.20","","","0","m\Text_Scroll_02.NIF","m\Tx_scroll_02.tga",""
"bk_ShortHistoryMorrowind","Book","A Short History of Morrowind","5","4.00","","","0","m\Text_Quarto_04.NIF","m\Tx_quarto_04.tga",""
"bk_snowprince","Book","Fall of the Snow Prince","300","3.00","","","20","m\Text_Octavo_open_06.nif","m\Tx_book_open_03.tga","SnowPrinceBook"
"bk_sottildescodebook","Book","Sottilde's Code Book","0","2.00","","","20","m\Text_Octavo_08.nif","m\Tx_book_02.tga",""
"bk_Sovngarde","Book","Sovngarde, a Reexamination","75","3.00","","","0","m\Text_Quarto_03.nif","m\Tx_quarto_03.tga","SovngardeBook"
"bk_specialfloraoftamriel","Book","Special Flora of Tamriel","25","3.00","","","0","m\Text_Octavo_01.NIF","m\Tx_octavo_01.tga",""
"bk_spiritofnirn","Book","Spirit of Nirn, God of Mortals","40","3.00","","","20","m\Text_Octavo_05.nif","m\Tx_book_04.tga",""
"bk_SpiritOfTheDaedra","Book","Spirit of the Daedra","100","3.00","","","0","m\Text_Octavo_08.nif","m\Tx_book_02.tga",""
"bk_storagenotice","Book","Notice","1","0.20","","","100","m\Text_Note_01.nif","m\Tx_note_01.tga",""
"bk_stronghold_c_hlaalu","Book","Construction Contract","5000","0.20","","","0","m\Text_Scroll_01.NIF","m\Tx_scroll_open_01.tga",""
"bk_stronghold_ld_hlaalu","Book","Rethan Manor Land Deed","5000","0.20","","","0","m\Text_Scroll_01.NIF","m\Tx_scroll_open_01.tga",""
"bk_suicidenote","Book","For Shara, on my death","0","0.20","","","0","m\Text_Note_01.nif","m\Tx_note_01.tga",""
"bk_TalMarogKersResearches","Book","Tal Marog Ker's Researches","450","4.00","","","0","m\Text_Folio_04.NIF","m\Tx_folio_04.tga",""
"bk_talostreason","Book","Note from Oritius Maro","1000","0.20","","","0","m\Text_Parchment_01.NIF","m\Tx_parchment_01.tga",""
"bk_tamrielicreligions","Book","The Ruins of Kemel-Ze","40","2.00","","","20","m\Text_Octavo_08.NIF","m\Tx_book_02.tga",""
"bk_Telvanni_Vault_Ledger","Book","Telvanni Vault Ledger","0","2.00","","","20","m\Text_Octavo_open_03.nif","m\Tx_octavo_open_03.tga",""
"bk_Teran_invoice","Book","Invoice","10","0.20","","","0","m\Text_Parchment_02.nif","m\Tx_parchment_02.tga",""
"bk_thelostprophecy","Book","The Lost Prophecy","0","0.20","","","0","m\Text_Parchment_02.NIF","m\Tx_parchment_02.tga",""
"bk_thesevencurses","Book","The Seven Curses","0","0.20","","","0","m\Text_Parchment_02.NIF","m\Tx_parchment_02.tga",""
"bk_ThirskHistory","Book","Thirsk, a History","75","3.00","","","0","m\Text_Quarto_03.nif","m\Tx_quarto_03.tga",""
"bk_ThirskHistory_revised_f","Book","Thirsk, a History -- Revised","75","3.00","","","0","m\Text_Quarto_03.nif","m\Tx_quarto_03.tga",""
"bk_ThirskHistory_revised_m","Book","Thirsk, a History -- Revised","75","3.00","","","0","m\Text_Quarto_03.nif","m\Tx_quarto_03.tga",""
"bk_tiramgadarscredentials","Book","Tiram Gadar's Credentials","0","0.20","","","0","m\Text_Scroll_open_03.NIF","m\Tx_scroll_open_03.tga",""
"bk_treasuryorders","Book","Treasury Orders","100","0.20","","","0","m\Text_Scroll_01.NIF","m\Tx_scroll_open_01.tga","sealedTreasuryOrders"
"bk_treasuryreport","Book","Treasury Report","100","0.20","","","0","m\Text_Scroll_01.NIF","m\Tx_scroll_open_01.tga","sealedTreasuryReport"
"bk_truenatureoforcs","Book","The True Nature of Orcs","30","3.00","","","20","m\Text_Octavo_05.nif","m\Tx_book_04.tga",""
"bk_truenoblescode","Book","The True Noble's Code","40","3.00","","","20","m\Text_Octavo_07.nif","m\Tx_book_01.tga",""
"bk_uleni's_papers","Book","Ghost-Free Papers","0","0.20","","","0","m\Text_Parchment_01.NIF","m\Tx_parchment_01.tga",""
"bk_V_hlaaluprison","Book","Prisoner Checklist","1","0.05","","","100","m\Text_Parchment_02.nif","m\Tx_parchment_02.tga",""
"bk_VagariesOfMagica","Book","The Vagaries of Magicka","200","3.00","","","0","m\Text_Quarto_02.NIF","m\Tx_quarto_02.tga",""
"bk_vampiresofvvardenfell1","Book","Vampires of Vvardenfell, v I","50","3.00","","","20","m\Text_Octavo_07.NIF","m\Tx_book_01.tga",""
"bk_vampiresofvvardenfell2","Book","Vampires of Vvardenfell, v II","400","3.00","","","20","m\Text_Octavo_07.NIF","m\Tx_book_01.tga",""
"bk_varietiesoffaithintheempire","Book","Varieties of Faith...","30","3.00","","","20","m\Text_Octavo_07.NIF","m\Tx_book_01.tga",""
"bk_varoorders","Book","Shipping Notice","1","0.10","","","100","m\Text_Parchment_02.nif","m\Tx_parchment_02.tga",""
"bk_vivec_murders","Book","Nerevar at Red Mountain","0","0.10","","","0","m\Text_Parchment_02.NIF","m\Tx_parchment_02.tga",""
"bk_vivec_no_murder","Book","The Battle of Red Mountain","0","0.10","","","0","m\Text_Parchment_02.NIF","m\Tx_parchment_02.tga",""
"bk_vivecandmephala","Book","Vivec and Mephala","40","3.00","","","0","m\Text_Octavo_05.NIF","m\Tx_book_04.tga",""
"bk_vivecs_plan","Book","Plan to Defeat Dagoth Ur","0","0.10","","","0","m\Text_Parchment_02.NIF","m\Tx_parchment_02.tga",""
"bk_Warehouse_log","Book","Warehouse shipping log","0","2.00","","","20","m\Text_Octavo_open_03.nif","m\Tx_octavo_open_03.tga",""
"bk_WaroftheFirstCouncil","Book","The War of the First Council","25","3.00","","","0","m\Text_Octavo_01.NIF","m\Tx_octavo_01.tga",""
"bk_WatersOfOblivion","Book","The Waters of Oblivion","250","3.00","","","0","m\Text_Quarto_03.NIF","m\Tx_quarto_03.tga",""
"bk_wherewereyoudragonbroke","Book","Where Were You ... Dragon Broke","55","3.00","","","0","m\Text_Octavo_05.NIF","m\Tx_book_04.tga",""
"bk_widowdeed","Book","Widow Vabdas' Land Deed","0","0.10","","","0","m\Text_Parchment_02.nif","m\Tx_parchment_02.tga",""
"bk_wildelves","Book","The Wild Elves","35","4.00","","","0","m\Text_Quarto_03.NIF","m\Tx_quarto_03.tga",""
"bk_words_of_the_wind","Book","Words of the Wind","45","4.00","","","0","m\Text_Quarto_03.NIF","m\Tx_quarto_03.tga",""
"bk_wordsclanmother","Book","Words of Clan Mother Ahnissi","40","4.00","","","0","m\Text_Quarto_03.NIF","m\Tx_quarto_03.tga",""
"bk_Yagrum's_Book","Book","Tamrielic Lore","250","3.00","","","0","m\Text_Octavo_02.nif","m\Tx_octavo_02.tga",""
"bk_yellowbook426","Book","Yellow Book of 3E 426","20","3.00","","","0","m\Text_Octavo_01.NIF","m\Tx_octavo_01.tga","yellowBookScript"
"bk_yellowbookofriddles","Book","The Yellow Book of Riddles","30","3.00","","","20","m\Text_Octavo_05.nif","m\Tx_book_04.tga",""
"bk_ynglingledger","Book","Yngling's Ledger","0","3.00","","","0","m\Text_Octavo_01.NIF","m\Tx_octavo_01.tga",""
"bk_ynglingletter","Book","Yngling's Letter","100","0.20","","","0","m\Text_Scroll_01.NIF","m\Tx_scroll_open_01.tga",""
"book_dwe_boom00","Book","Old Dwemer Book","100","3.00","","","0","m\Text_Octavo_open_02.NIF","m\Tx_octavo_open_02.tga",""
"book_dwe_cogs00","Book","Old Dwemer Book","100","3.00","","","0","m\Text_Octavo_06.nif","m\Tx_book_03.tga",""
"book_dwe_mach00","Book","Old Dwemer Book","150","3.00","","","0","m\Text_Octavo_02.nif","m\Tx_octavo_02.tga",""
"book_dwe_metal_fab00","Book","Old Dwemer Book","100","3.00","","","0","m\Text_Octavo_05.NIF","m\Tx_book_04.tga",""
"book_dwe_pipe00","Book","Old Dwemer Book","150","3.00","","","0","m\Text_Octavo_open_02.NIF","m\Tx_octavo_02.tga",""
"book_dwe_power_con00","Book","Old Dwemer Book","150","3.00","","","0","m\Text_Quarto_03.NIF","m\Tx_quarto_03.tga",""
"book_dwe_water00","Book","Old Dwemer Book","100","3.00","","","0","m\Text_Octavo_01.nif","m\Tx_octavo_01.tga",""
"bookskill_acrobatics1","Book","Realizations of Acrobacy","200","4.00","Acrobatics","","0","m\Text_Quarto_03.nif","m\Tx_quarto_03.tga",""
"BookSkill_Acrobatics2","Book","A Dance in Fire, Chapter 1","150","3.00","Acrobatics","","0","m\text_octavo_01.nif","m\tx_octavo_01.tga",""
"BookSkill_Acrobatics3","Book","A Dance in Fire, Chapter 4","150","3.00","Acrobatics","","0","m\text_octavo_01.nif","m\tx_octavo_01.tga",""
"BookSkill_Acrobatics4","Book","The Black Arrow, Volume 1","400","2.00","Acrobatics","","0","m\Text_Octavo_08.nif","m\Tx_book_02.tga",""
"BookSkill_Acrobatics5","Book","Mystery of Talara, Part 1","250","3.00","Acrobatics","","0","m\Text_Octavo_02.nif","m\Tx_octavo_02.tga",""
"BookSkill_Alchemy1","Book","A Game at Dinner","200","3.00","Alchemy","","20","m\Text_Octavo_open_06.nif","m\Tx_book_open_03.tga",""
"BookSkill_Alchemy2","Book","The Cake and the Diamond","200","3.00","Alchemy","","0","m\Text_Octavo_03.nif","m\Tx_octavo_03.tga",""
"BookSkill_Alchemy3","Book","Song of the Alchemists","200","3.00","Alchemy","","20","m\Text_Octavo_05.nif","m\Tx_book_04.tga",""
"BookSkill_Alchemy4","Book","36 Lessons of Vivec, Sermon 2","200","3.00","Alchemy","","0","m\Text_Octavo_06.nif","m\Tx_book_03.tga",""
"BookSkill_Alchemy5","Book","36 Lessons of Vivec, Sermon 18","200","3.00","Alchemy","","0","m\Text_Octavo_06.nif","m\Tx_book_03.tga",""
"BookSkill_Alteration1","Book","Breathing Water","400","2.00","Alteration","","0","m\Text_Octavo_08.nif","m\Tx_book_02.tga",""
"BookSkill_Alteration2","Book","The Dragon Break Re-Examined","250","3.00","Alteration","","0","m\Text_Octavo_04.nif","m\Tx_octavo_04.tga",""
"BookSkill_Alteration3","Book","Sithis","275","3.00","Alteration","","0","m\Text_Octavo_open_08.nif","m\Tx_book_open_02.tga",""
"BookSkill_Alteration4","Book","36 Lessons of Vivec, Sermon 13","200","3.00","Alteration","","20","m\Text_Octavo_06.nif","m\Tx_book_03.tga",""
"BookSkill_Alteration5","Book","The Lunar Lorkhan","350","4.00","Alteration","","20","m\text_quarto_03.nif","m\tx_quarto_03.tga",""
"BookSkill_Armorer1","Book","The Armorer's Challenge","325","4.00","Armorer","","0","m\Text_Folio_open_01.NIF","m\Tx_folio_open_01.tga",""
"BookSkill_Armorer2","Book","Last Scabbard of Akrash","250","3.00","Armorer","","0","m\Text_Octavo_02.nif","m\Tx_octavo_02.tga",""
"BookSkill_Armorer3","Book","36 Lessons of Vivec, Sermon 6","200","3.00","Armorer","","20","m\Text_Octavo_06.nif","m\Tx_book_03.tga",""
"BookSkill_Armorer4","Book","36 Lessons of Vivec, Sermon 25","200","3.00","Armorer","","0","m\Text_Octavo_06.nif","m\Tx_book_03.tga",""
"BookSkill_Armorer5","Book","36 Lessons of Vivec, Sermon 29","200","3.00","Armorer","","0","m\Text_Octavo_06.nif","m\Tx_book_03.tga",""
"BookSkill_Athletics1","Book","The Ransom of Zarek","200","3.00","Athletics","","0","m\Text_Octavo_05.nif","m\Tx_book_04.tga",""
"BookSkill_Athletics2","Book","A Dance in Fire, Chapter 3","150","3.00","Athletics","","0","m\Text_Octavo_01.nif","m\Tx_octavo_01.tga",""
"BookSkill_Athletics3","Book","36 Lessons of Vivec, Sermon 1","200","3.00","Athletics","","0","m\Text_Octavo_06.nif","m\Tx_book_03.tga",""
"BookSkill_Athletics4","Book","36 Lessons of Vivec, Sermon 8","200","3.00","Athletics","","0","m\Text_Octavo_06.nif","m\Tx_book_03.tga",""
"BookSkill_Athletics5","Book","36 Lessons of Vivec, Sermon 31","200","3.00","Athletics","","0","m\Text_Octavo_06.nif","m\Tx_book_03.tga",""
"BookSkill_Axe1","Book","The Third Door","250","4.00","Axe","","0","m\Text_Quarto_open_01.NIF","m\Tx_quarto_01.tga",""
"bookskill_axe2","Book","The Axe Man","225","3.00","Axe","","0","m\Text_Octavo_02.nif","m\Tx_octavo_02.tga",""
"BookSkill_Axe3","Book","The Seed","200","3.00","Axe","","0","m\Text_Octavo_05.nif","m\Tx_book_04.tga",""
"BookSkill_Axe4","Book","36 Lessons of Vivec, Sermon 5","200","3.00","Axe","","0","m\Text_Octavo_06.nif","m\Tx_book_03.tga",""
"BookSkill_Axe5","Book","36 Lessons of Vivec, Sermon 16","200","3.00","Axe","","0","m\Text_Octavo_06.nif","m\Tx_book_03.tga",""
"BookSkill_Axe5_open","Book","36 Lessons of Vivec, Sermon 16","200","3.00","Axe","","0","m\Text_Octavo_open_06.NIF","m\Tx_book_03.tga",""
"BookSkill_Block1","Book","Death Blow of Abernanit","300","3.00","Block","","20","m\Text_Octavo_07.nif","m\Tx_book_01.tga",""
"bookskill_block2","Book","The Mirror","225","2.00","Block","","0","m\Text_Octavo_08.nif","m\Tx_book_02.tga",""
"BookSkill_Block3","Book","A Dance in Fire, Chapter 2","150","3.00","Block","","0","m\Text_Octavo_01.nif","m\Tx_octavo_01.tga",""
"BookSkill_Block4","Book","36 Lessons of Vivec, Sermon 7","200","3.00","Block","","0","m\Text_Octavo_06.nif","m\Tx_book_03.tga",""
"BookSkill_Block5","Book","36 Lessons of Vivec, Sermon 32","200","3.00","Block","","0","m\Text_Octavo_06.nif","m\Tx_book_03.tga",""
"bookskill_blunt weapon1","Book","The Hope of the Redoran","250","3.00","Blunt Weapon","","0","m\Text_Octavo_01.NIF","m\Tx_octavo_01.tga",""
"BookSkill_Blunt Weapon2","Book","The Importance of Where","200","3.00","Blunt Weapon","","0","m\Text_Octavo_open_02.NIF","m\Tx_octavo_open_02.tga",""
"bookskill_blunt weapon3","Book","Night Falls On Sentinel","275","4.00","Blunt Weapon","","0","m\Text_Quarto_03.NIF","m\Tx_quarto_03.tga",""
"BookSkill_Blunt Weapon4","Book","36 Lessons of Vivec, Sermon 3","200","3.00","Blunt Weapon","","0","m\Text_Octavo_06.nif","m\Tx_book_03.tga",""
"BookSkill_Blunt Weapon5","Book","36 Lessons of Vivec, Sermon 9","200","3.00","Blunt Weapon","","0","m\Text_Octavo_06.nif","m\Tx_book_03.tga",""
"BookSkill_Conjuration1","Book","Feyfolken II","300","4.00","Conjuration","","0","m\Text_Quarto_02.nif","m\Tx_quarto_02.tga",""
"BookSkill_Conjuration2","Book","Feyfolken III","300","4.00","Conjuration","","0","m\Text_Quarto_02.nif","m\Tx_quarto_02.tga",""
"BookSkill_Conjuration3","Book","2920, Hearth Fire","275","3.00","Conjuration","","0","m\Text_Octavo_07.nif","m\Tx_book_01.tga",""
"BookSkill_Conjuration4","Book","2920, FrostFall","275","3.00","Conjuration","","0","m\Text_Octavo_07.nif","m\Tx_book_01.tga",""
"bookskill_conjuration5","Book","The Warrior's Charge","325","3.00","Conjuration","","0","m\Text_Octavo_04.nif","m\Tx_octavo_04.tga",""
"bookskill_destruction1","Book","The Horror of Castle Xyr","250","3.00","Destruction","","0","m\Text_Octavo_05.nif","m\Tx_book_04.tga",""
"bookskill_destruction2","Book","Response to Bero's Speech","200","4.00","Destruction","","0","m\Text_Folio_04.NIF","m\Tx_folio_04.tga",""
"bookskill_destruction3","Book","A Hypothetical Treachery","175","3.00","Destruction","","20","m\Text_Octavo_03.nif","m\Tx_octavo_03.tga",""
"bookskill_destruction4","Book","The Art of War Magic","225","3.00","Destruction","","20","m\Text_Octavo_05.nif","m\Tx_book_04.tga",""
"BookSkill_Destruction5","Book","Mystery of Talara, Part 3","250","3.00","Destruction","","0","m\Text_Octavo_02.nif","m\Tx_octavo_02.tga",""
"BookSkill_Destruction5_open","Book","Mystery of Talara, Part 3","250","3.00","Destruction","","0","m\Text_Octavo_open_02.NIF","m\Tx_octavo_02.tga",""
"BookSkill_Enchant1","Book","Feyfolken I","300","4.00","Enchant","","0","m\Text_Quarto_02.nif","m\Tx_quarto_02.tga",""
"BookSkill_Enchant2","Book","The Wolf Queen, Book VIII","250","3.00","Enchant","","0","m\Text_Octavo_03.nif","m\Tx_octavo_03.tga",""
"bookskill_enchant3","Book","Palla, Book II","400","3.00","Enchant","","0","m\Text_Octavo_04.nif","m\Tx_octavo_04.tga",""
"bookskill_enchant4","Book","36 Lessons of Vivec, Sermon 19","200","3.00","Enchant","","0","m\Text_Octavo_06.nif","m\Tx_book_03.tga",""
"bookskill_enchant5","Book","The Final Lesson","350","3.00","Enchant","","0","m\Text_Octavo_04.NIF","m\Tx_octavo_04.tga",""
"bookskill_hand to hand1","Book","The Prayers of Baranat","250","3.00","Hand-to-hand","","0","m\Text_Octavo_06.nif","m\Tx_book_03.tga",""
"bookskill_hand to hand2","Book","The Wolf Queen, Book II","250","3.00","Hand-to-hand","","0","m\Text_Octavo_03.nif","m\Tx_octavo_03.tga",""
"bookskill_hand to hand3","Book","Charwich-Koniinge, Volume 2","300","3.00","Hand-to-hand","","0","m\Text_Octavo_05.nif","m\Tx_book_04.tga",""
"bookskill_hand to hand4","Book","Charwich-Koniinge, Volume 4","300","3.00","Hand-to-hand","","0","m\Text_Octavo_05.nif","m\Tx_book_04.tga",""
"bookskill_hand to hand5","Book","Master Zoaraym's Tale","300","3.00","Hand-to-hand","","20","m\Text_Octavo_03.nif","m\Tx_octavo_03.tga",""
"bookskill_heavy armor1","Book","Hallgerd's Tale","325","4.00","Heavy Armor","","0","m\Text_Folio_01.NIF","m\Tx_folio_01.tga",""
"BookSkill_Heavy Armor2","Book","2920, MidYear","275","3.00","Heavy Armor","","0","m\Text_Octavo_07.nif","m\Tx_book_01.tga",""
"BookSkill_Heavy Armor3","Book","Chimarvamidium","225","4.00","Heavy Armor","","0","m\Text_Folio_open_04.nif","m\Tx_folio_open_04.tga",""
"bookskill_heavy armor4","Book","How Orsinium Passed to the Orcs","200","2.00","Heavy Armor","","0","m\Text_Octavo_08.nif","m\Tx_book_02.tga",""
"bookskill_heavy armor5","Book","36 Lessons of Vivec, Sermon 12","200","3.00","Heavy Armor","","0","m\Text_Octavo_06.nif","m\Tx_book_03.tga",""
"bookskill_illusion1","Book","The Wolf Queen, Book III","250","3.00","Illusion","","0","m\Text_Octavo_03.nif","m\Tx_octavo_03.tga",""
"bookskill_illusion2","Book","Silence","230","4.00","Illusion","","0","m\Text_Quarto_02.NIF","m\Tx_quarto_02.tga",""
"bookskill_illusion3","Book","Incident in Necrom","225","3.00","Illusion","","0","m\Text_Octavo_02.nif","m\Tx_octavo_02.tga",""
"bookskill_illusion4","Book","Palla, Book I","400","3.00","Illusion","","0","m\Text_Octavo_04.nif","m\Tx_octavo_04.tga",""
"bookskill_illusion5","Book","Mystery of Talara, Part 4","250","3.00","Illusion","","0","m\Text_Octavo_02.nif","m\Tx_octavo_02.tga",""
"BookSkill_Light Armor1","Book","The Rear Guard","200","4.00","Light Armor","","0","m\Text_Quarto_01.NIF","m\Tx_quarto_01.tga",""
"BookSkill_Light Armor2","Book","Ice and Chiton","325","3.00","Light Armor","","0","m\Text_Octavo_02.NIF","m\Tx_octavo_02.tga",""
"bookskill_light armor3","Book","Lord Jornibret's Last Dance","300","4.00","Light Armor","","0","m\Text_Folio_open_03.NIF","m\Tx_folio_open_03.tga",""
"bookskill_light armor4","Book","36 Lessons of Vivec, Sermon 21","200","3.00","Light Armor","","0","m\Text_Octavo_06.nif","m\Tx_book_03.tga",""
"bookskill_light armor5","Book","36 Lessons of Vivec, Sermon 28","200","3.00","Light Armor","","20","m\Text_Octavo_06.nif","m\Tx_book_03.tga",""
"BookSkill_Long Blade1","Book","Words and Philosophy","225","3.00","Long Blade","","20","m\Text_Octavo_06.nif","m\Tx_book_03.tga",""
"BookSkill_Long Blade2","Book","2920, Morning Star","275","3.00","Long Blade","","0","m\Text_Octavo_07.nif","m\Tx_book_01.tga",""
"bookskill_long blade3","Book","36 Lessons of Vivec, Sermon 17","200","3.00","Long Blade","","0","m\Text_Octavo_06.nif","m\Tx_book_03.tga",""
"bookskill_long blade4","Book","36 Lessons of Vivec, Sermon 20","200","3.00","Long Blade","","0","m\Text_Octavo_06.nif","m\Tx_book_03.tga",""
"bookskill_long blade5","Book","36 Lessons of Vivec, Sermon 23","200","3.00","Long Blade","","0","m\Text_Octavo_06.nif","m\Tx_book_03.tga",""
"bookskill_marksman1","Book","The Gold Ribbon of Merit","250","3.00","Marksman","","20","m\Text_Octavo_07.nif","m\Tx_book_01.tga",""
"BookSkill_Marksman2","Book","A Dance in Fire, Chapter 5","150","3.00","Marksman","","20","m\Text_Octavo_01.nif","m\Tx_octavo_01.tga",""
"bookskill_marksman3","Book","Vernaccus and Bourlor","250","4.00","Marksman","","0","m\Text_Folio_open_03.NIF","m\Tx_folio_open_03.tga",""
"bookskill_marksman4","Book","The Marksmanship Lesson","250","3.00","Marksman","","0","m\Text_Octavo_05.nif","m\Tx_book_04.tga",""
"bookskill_marksman5","Book","The Black Arrow, Volume II","400","2.00","Marksman","","0","m\Text_Octavo_08.nif","m\Tx_book_02.tga",""
"bookskill_medium armor1","Book","Cherim's Heart of Anequina","225","4.00","Medium Armor","","0","m\Text_Quarto_01.NIF","m\Tx_quarto_open_01.tga",""
"BookSkill_Medium Armor2","Book","Bone, Part One","300","4.00","Medium Armor","","0","m\Text_Folio_01.nif","m\Tx_folio_01.tga",""
"BookSkill_Medium Armor3","Book","Bone, Part Two","300","4.00","Medium Armor","","0","m\Text_Folio_01.nif","m\Tx_folio_01.tga",""
"bookskill_medium armor4","Book","36 Lessons of Vivec, Sermon 22","200","3.00","Medium Armor","","0","m\Text_Octavo_06.nif","m\Tx_book_03.tga",""
"bookskill_medium armor5","Book","36 Lessons of Vivec, Sermon 33","200","3.00","Medium Armor","","0","m\Text_Octavo_06.nif","m\Tx_book_03.tga",""
"bookskill_mercantile1","Book","The Buying Game","200","4.00","Mercantile","","0","m\Text_Folio_04.nif","m\Tx_folio_04.tga",""
"bookskill_mercantile2","Book","The Wolf Queen, Book IV","250","3.00","Mercantile","","0","m\Text_Octavo_03.nif","m\Tx_octavo_03.tga",""
"BookSkill_Mercantile3","Book","2920, Sun's Height","275","3.00","Mercantile","","0","m\Text_Octavo_07.nif","m\Tx_book_01.tga",""
"bookskill_mercantile4","Book","A Dance in Fire, Chapter 6","150","3.00","Mercantile","","0","m\Text_Octavo_01.nif","m\Tx_octavo_01.tga",""
"bookskill_mercantile5","Book","A Dance in Fire, Chapter 7","150","3.00","Mercantile","","0","m\Text_Octavo_01.nif","m\Tx_octavo_01.tga",""
"bookskill_mystery5","Book","Mystery of Talara, Part 5","250","3.00","","","0","m\Text_Octavo_02.nif","m\Tx_octavo_02.tga",""
"bookskill_mysticism1","Book","The Firsthold Revolt","200","4.00","Mysticism","","0","m\Text_Quarto_open_01.NIF","m\Tx_quarto_01.tga",""
"BookSkill_Mysticism2","Book","2920, Sun's Dawn","275","3.00","Mysticism","","20","m\Text_Octavo_07.nif","m\Tx_book_01.tga",""
"BookSkill_Mysticism3","Book","36 Lessons of Vivec, Sermon 4","200","3.00","Mysticism","","0","m\Text_Octavo_06.nif","m\Tx_book_03.tga",""
"BookSkill_Mysticism4","Book","36 Lessons of Vivec, Sermon 36","200","3.00","Mysticism","","0","m\Text_Octavo_06.nif","m\Tx_book_03.tga",""
"BookSkill_Mysticism5","Book","Charwich-Koniinge, Volume 3","300","3.00","Mysticism","","0","m\Text_Octavo_05.nif","m\Tx_book_04.tga",""
"bookskill_restoration1","Book","Withershins","250","3.00","Restoration","","0","m\Text_Octavo_04.nif","m\Tx_octavo_04.tga",""
"bookskill_restoration2","Book","Notes on Racial Phylogeny","275","3.00","Restoration","","0","m\Text_Octavo_open_02.NIF","m\Tx_octavo_open_02.tga",""
"bookskill_restoration3","Book","The Four Suitors of Benitah","300","3.00","Restoration","","0","m\Text_Octavo_03.NIF","m\Tx_octavo_03.tga",""
"BookSkill_Restoration4","Book","2920, Rain's Hand","275","3.00","Restoration","","0","m\Text_Octavo_07.nif","m\Tx_book_01.tga",""
"BookSkill_Restoration5","Book","Mystery of Talara, Part 2","250","3.00","Restoration","","0","m\Text_Octavo_02.NIF","m\Tx_octavo_02.tga",""
"bookskill_security1","Book","The Locked Room","200","4.00","Security","","0","m\Text_Quarto_open_01.NIF","m\Tx_quarto_01.tga",""
"bookskill_security2","Book","The Wolf Queen, Book I","250","3.00","Security","","0","m\Text_Octavo_03.nif","m\Tx_octavo_03.tga",""
"BookSkill_Security3","Book","The Dowry","300","3.00","Security","","0","m\Text_Octavo_03.nif","m\Tx_octavo_03.tga",""
"bookskill_security4","Book","Chance's Folly","250","3.00","Security","","0","m\Text_Octavo_01.nif","m\Tx_octavo_01.tga",""
"bookskill_security5","Book","Surfeit of Thieves","350","4.00","Security","","0","m\Text_Folio_open_02.NIF","m\Tx_folio_open_02.tga",""
"bookskill_short blade1","Book","Unnamed Book","225","4.00","Short Blade","","0","m\Text_Folio_02.NIF","m\Tx_folio_02.tga",""
"BookSkill_Short Blade2","Book","2920, Sun's Dusk","275","3.00","Short Blade","","0","m\Text_Octavo_07.nif","m\Tx_book_01.tga",""
"BookSkill_Short Blade3","Book","2920, Evening Star","275","3.00","Short Blade","","0","m\Text_Octavo_07.nif","m\Tx_book_01.tga",""
"BookSkill_Short Blade4","Book","36 Lessons of Vivec, Sermon 10","200","3.00","Short Blade","","0","m\Text_Octavo_06.nif","m\Tx_book_03.tga",""
"BookSkill_Short Blade5","Book","36 Lessons of Vivec, Sermon 30","200","3.00","Short Blade","","0","m\Text_Octavo_06.nif","m\Tx_book_03.tga",""
"bookskill_sneak1","Book","The Wolf Queen, Book VI","250","3.00","Sneak","","20","m\Text_Octavo_03.nif","m\Tx_octavo_03.tga",""
"BookSkill_Sneak2","Book","2920, Last Seed","275","3.00","Sneak","","20","m\Text_Octavo_07.nif","m\Tx_book_01.tga",""
"BookSkill_Sneak3","Book","Azura and the Box","200","3.00","Sneak","","0","m\Text_Octavo_05.nif","m\Tx_book_04.tga",""
"bookskill_sneak4","Book","Trap","250","3.00","Sneak","","0","m\Text_Octavo_04.NIF","m\Tx_octavo_04.tga",""
"bookskill_sneak5","Book","36 Lessons of Vivec, Sermon 26","200","3.00","Sneak","","0","m\Text_Octavo_06.nif","m\Tx_book_03.tga",""
"bookskill_spear1","Book","Smuggler's Island","250","3.00","Spear","","0","m\Text_Octavo_01.NIF","m\Tx_octavo_01.tga",""
"BookSkill_Spear2","Book","2920, First Seed","275","3.00","Spear","","0","m\Text_Octavo_07.nif","m\Tx_book_01.tga",""
"bookskill_spear3","Book","36 Lessons of Vivec, Sermon 14","200","3.00","Spear","","0","m\Text_Octavo_06.nif","m\Tx_book_03.tga",""
"bookskill_spear4","Book","36 Lessons of Vivec, Sermon 24","200","3.00","Spear","","20","m\Text_Octavo_06.nif","m\Tx_book_03.tga",""
"bookskill_spear5","Book","36 Lessons of Vivec, Sermon 35","200","3.00","Spear","","0","m\Text_Octavo_06.nif","m\Tx_book_03.tga",""
"BookSkill_Speechcraft1","Book","Biography of the Wolf Queen","250","3.00","Speechcraft","","0","m\Text_Octavo_03.nif","m\Tx_octavo_03.tga",""
"bookskill_speechcraft2","Book","The Wolf Queen, Book V","250","3.00","Speechcraft","","0","m\Text_Octavo_03.nif","m\Tx_octavo_03.tga",""
"BookSkill_Speechcraft3","Book","2920, Second Seed","275","3.00","Speechcraft","","0","m\Text_Octavo_07.nif","m\Tx_book_01.tga",""
"bookskill_speechcraft4","Book","The Wolf Queen, Book VII","250","3.00","Speechcraft","","0","m\Text_Octavo_03.nif","m\Tx_octavo_03.tga",""
"bookskill_speechcraft5","Book","36 Lessons of Vivec, Sermon 27","200","3.00","Speechcraft","","0","m\Text_Octavo_06.nif","m\Tx_book_03.tga",""
"bookskill_unarmored1","Book","The Wraith's Wedding Dowry","300","4.00","Unarmored","","0","m\Text_Quarto_01.NIF","m\Tx_quarto_open_01.tga",""
"bookskill_unarmored2","Book","Charwich-Koniinge, Volume 1","300","3.00","Unarmored","","0","m\Text_Octavo_05.nif","m\Tx_book_04.tga",""
"bookskill_unarmored3","Book","36 Lessons of Vivec, Sermon 11","200","3.00","Unarmored","","0","m\Text_Octavo_06.nif","m\Tx_book_03.tga",""
"bookskill_unarmored4","Book","36 Lessons of Vivec, Sermon 15","200","3.00","Unarmored","","0","m\Text_Octavo_06.nif","m\Tx_book_03.tga",""
"bookskill_unarmored5","Book","36 Lessons of Vivec, Sermon 34","200","3.00","Unarmored","","0","m\Text_Octavo_06.nif","m\Tx_book_03.tga",""
"chargen statssheet","Book","Release Identification","1","1.00","","","100","m\Text_Scroll_open_03.nif","m\Tx_scroll_open_03.tga","CharGenStatsSheet"
"Cumanya's Notes","Book","A Fair Warning","25","4.00","","","0","m\Text_Quarto_open_01.NIF","m\Tx_quarto_01.tga",""
"note to hrisskar","Book","Note to Hrisskar","1","1.00","","","100","m\Text_Note_01.nif","m\Tx_note_01.tga",""
"note_Peke_Utchoo","Book","Peke Utchoo's last words","0","0.20","","","100","m\Text_Note_01.nif","m\Tx_note_01.tga",""
"sc_almsiviintervention","Book","Scroll of Almsivi Intervention","63","0.20","","almsivi intervention enchantmen","100","m\Text_Scroll_01.nif","m\Tx_scroll_open_01.tga",""
"sc_alvusiaswarping","Book","Scroll of Alvusia's Warping","129","0.20","","sc_alvusiaswarping_en","0","m\text_scroll_01.nif","m\tx_scroll_open_01.tga",""
"sc_argentglow","Book","Scroll of The Argent Glow","431","0.20","","sc_argentglow_en","0","m\text_scroll_01.nif","m\tx_scroll_open_01.tga",""
"sc_balefulsuffering","Book","Scroll of Baleful Suffering","223","0.20","","sc_balefulsuffering_en","0","m\text_scroll_01.nif","m\tx_scroll_open_01.tga",""
"sc_blackdeath","Book","Scroll of Black Death","134","0.20","","sc_blackdeath_en","0","m\text_scroll_01.nif","m\tx_scroll_open_01.tga",""
"sc_blackdespair","Book","Scroll of Black Despair","134","0.20","","sc_blackdespair_en","0","m\text_scroll_01.nif","m\tx_scroll_open_01.tga",""
"sc_blackfate","Book","Scroll of Black Fate","134","0.20","","sc_blackfate_en","0","m\text_scroll_01.nif","m\tx_scroll_open_01.tga",""
"sc_blackmind","Book","Scroll of Black Mind","134","0.20","","sc_blackmind_en","0","m\text_scroll_01.nif","m\tx_scroll_open_01.tga",""
"sc_blackscorn","Book","Scroll of Black Scorn","134","0.20","","sc_blackscorn_en","0","m\text_scroll_01.nif","m\tx_scroll_open_01.tga",""
"sc_blacksloth","Book","Scroll of Black Sloth","134","0.20","","sc_blacksloth_en","0","m\text_scroll_01.nif","m\tx_scroll_open_01.tga",""
"sc_blackstorm","Book","Scroll of The Black Storm","134","0.20","","sc_blackstorm_en","0","m\text_scroll_01.nif","m\tx_scroll_open_01.tga",""
"sc_blackweakness","Book","Scroll of Black Weakness","134","0.20","","sc_blackweakness_en","0","m\text_scroll_01.nif","m\tx_scroll_open_01.tga",""
"sc_bloodfire","Book","Scroll of Bloodfire","112","0.20","","sc_bloodfire_en","0","m\text_scroll_01.nif","m\tx_scroll_open_01.tga",""
"sc_bloodthief","Book","Scroll of The Blood Thief","218","0.20","","sc_bloodthief_en","0","m\text_scroll_01.nif","m\tx_scroll_open_01.tga",""
"sc_bloodynote_s","Book","A Blood-Stained Note","0","0.20","","","0","m\Text_Note_01.nif","m\Tx_note_01.tga",""
"sc_bodily_restoration","Book","Scroll of Bodily Restoration","152","0.20","","sc_bodily_restoration_en","0","m\text_scroll_01.nif","m\tx_scroll_open_01.tga",""
"sc_brevasavertedeyes","Book","Scroll of Breva's Averted Eyes","112","0.20","","sc_brevasavertedeyes_en","0","m\text_scroll_01.nif","m\tx_scroll_open_01.tga",""
"sc_celerity","Book","Scroll of Celerity","112","0.20","","sc_celerity_en","0","m\text_scroll_01.nif","m\tx_scroll_open_01.tga",""
"sc_Chappy_sniper_test","Book","Scroll of the Hidden killer","211","1.00","","sc_Chappy_sniper_test_en","100","m\Text_Scroll_01.nif","m\Tx_scroll_open_01.tga",""
"sc_chridittepanacea","Book","Scroll of Chriditte's Panacea","161","0.20","","sc_chridittespanacea_en","0","m\text_scroll_01.nif","m\tx_scroll_open_01.tga",""
"sc_corruptarcanix","Book","Scroll of Corrupt Arcanix","211","0.20","","sc_corruptarcanix_en","0","m\text_scroll_01.nif","m\tx_scroll_open_01.tga",""
"sc_cureblight_ranged","Book","Scroll of Daerir's Blessing","100","1.00","","cureblight_ranged_en","100","m\Text_Scroll_01.nif","m\Tx_scroll_open_01.tga",""
"sc_daerirsmiracle","Book","Scroll of Daerir's Miracle","80","0.20","","sc_daerirsmiracle_en","0","m\text_scroll_01.nif","m\tx_scroll_open_01.tga",""
"sc_dawnsprite","Book","Scroll of The Dawn Sprite","112","0.20","","sc_dawnsprite_en","0","m\text_scroll_01.nif","m\tx_scroll_open_01.tga",""
"sc_daydenespanacea","Book","Scroll of Daydene's Panacea","40","0.20","","sc_daydenespanacea_en","0","m\text_scroll_01.nif","m\tx_scroll_open_01.tga",""
"sc_daynarsairybubble","Book","Scroll of Daynar's Airy Bubble","112","0.20","","sc_daynarsairybubble_en","0","m\text_scroll_01.nif","m\tx_scroll_open_01.tga",""
"sc_dedresmasterfuleye","Book","Scroll of Dedres' Masterful Eye","114","0.20","","sc_dedresmasterfuleye_en","0","m\text_scroll_01.nif","m\tx_scroll_open_01.tga",""
"sc_didalasknack","Book","Scroll of Didala's Knack","112","0.20","","sc_didalasknack_en","0","m\text_scroll_01.nif","m\tx_scroll_open_01.tga",""
"sc_divineintervention","Book","Scroll of Divine Intervention","63","1.00","","divine intervention enchantmen","100","m\Text_Scroll_01.nif","m\Tx_scroll_open_01.tga",""
"sc_drathissoulrot","Book","Scroll of Drathis' Soulrot","162","0.20","","sc_drathissoulrot_en","0","m\text_scroll_01.nif","m\tx_scroll_open_01.tga",""
"sc_drathiswinterguest","Book","Scroll of Drathis' Winter Guest","74","0.20","","sc_drathiswinterguest_en","0","m\text_scroll_01.nif","m\tx_scroll_open_01.tga",""
"sc_ekashslocksplitter","Book","Scroll of Ekash's Lock Splitter","343","0.20","","sc_ekashslocksplitter_en","0","m\text_scroll_01.nif","m\tx_scroll_open_01.tga",""
"sc_elementalburstfire","Book","Scroll of Elemental Burst:Fire","161","0.20","","sc_elementalburstfire_en","0","m\text_scroll_01.nif","m\tx_scroll_open_01.tga",""
"sc_elementalburstfrost","Book","Scroll of Elemental Burst:Frost","161","0.20","","sc_elementalburstfrost_en","0","m\text_scroll_01.nif","m\tx_scroll_open_01.tga",""
"sc_elementalburstshock","Book","Scroll of Elemental Burst:Shock","193","0.20","","sc_elementalburstshock_en","0","m\text_scroll_01.nif","m\tx_scroll_open_01.tga",""
"sc_elevramssty","Book","Scroll of Elevram's Sty","129","0.20","","sc_elevramssty_en","0","m\text_scroll_01.nif","m\tx_scroll_open_01.tga",""
"sc_Erna","Book","Erna's Note to Brandr","0","0.20","","","0","m\Text_Note_01.nif","m\Tx_note_01.tga","ErnaNoteScript"
"sc_Erna01","Book","Erna's Note to Erna","0","0.20","","","0","m\Text_Note_01.nif","m\Tx_note_01.tga",""
"sc_fadersleadenflesh","Book","Scroll of Fader's Leaden Flesh","129","0.20","","sc_fadersleadenflesh_en","0","m\text_scroll_01.nif","m\tx_scroll_open_01.tga",""
"sc_feldramstrepidation","Book","Scroll of Feldram's Trepidation","112","0.20","","sc_feldramstrepidation_en","0","m\text_scroll_01.nif","m\tx_scroll_open_01.tga",""
"sc_FiercelyRoastThyEnemy_unique","Book","Scroll of Fiercely Roasting","73","0.20","","sc_FiercelyRoastThyEnemy_en","0","m\text_scroll_01.nif","m\tx_scroll_open_01.tga",""
"sc_fifthbarrier","Book","Scroll of The Fifth Barrier","156","0.20","","sc_fifthbarrier_en","0","m\text_scroll_01.nif","m\tx_scroll_open_01.tga",""
"sc_firstbarrier","Book","Scroll of The First Barrier","68","0.20","","sc_firstbarrier_en","0","m\text_scroll_01.nif","m\tx_scroll_open_01.tga",""
"sc_fjaldingnote","Book","Old, Wet Note","0","0.20","","","0","m\Text_Note_01.nif","m\Tx_note_01.tga",""
"sc_fjellnote","Book","Bloody Note","0","0.20","Security","","0","m\Text_Note_01.nif","m\Tx_note_01.tga",""
"sc_flamebane","Book","Scroll of Flamebane","112","0.20","","sc_flamebane_en","0","m\text_scroll_01.nif","m\tx_scroll_open_01.tga",""
"sc_flameguard","Book","Scroll of Flameguard","134","0.20","","sc_flameguard_en","0","m\text_scroll_01.nif","m\tx_scroll_open_01.tga",""
"sc_fourthbarrier","Book","Scroll of The Fourth Barrier","134","0.20","","sc_fourthbarrier_en","0","m\text_scroll_01.nif","m\tx_scroll_open_01.tga",""
"sc_fphyggisgemfeeder","Book","Scroll of Fphyggi's Gem-Feeder","195","0.20","","sc_fphyggisgemfeeder_en","0","m\text_scroll_01.nif","m\tx_scroll_open_01.tga",""
"sc_frosselnote","Book","Bloody Note","0","0.20","","","0","m\Text_Note_01.nif","m\Tx_note_01.tga",""
"sc_frostbane","Book","Scroll of Frostbane","112","0.20","","sc_frostbane_en","0","m\text_scroll_01.nif","m\tx_scroll_open_01.tga",""
"sc_frostguard","Book","Scroll of Frostguard","134","0.20","","sc_frostguard_en","0","m\text_scroll_01.nif","m\tx_scroll_open_01.tga",""
"sc_fur_armor","Book","Custom Fur Armor Price List","0","0.20","","","100","m\Text_Scroll_01.nif","m\Tx_scroll_open_01.tga",""
"sc_galmsesseal","Book","Scroll of Galmes' Seal","63","0.20","","sc_galmsesseal_en","0","m\text_scroll_01.nif","m\tx_scroll_open_01.tga",""
"sc_gamblersprayer","Book","Scroll of The Gambler's Prayer","112","0.20","","sc_gamblersprayer_en","0","m\text_scroll_01.nif","m\tx_scroll_open_01.tga",""
"sc_golnaraseyemaze","Book","Scroll of Golnara's Eye-Maze","156","0.20","","sc_golnaraseyemaze_en","0","m\text_scroll_01.nif","m\tx_scroll_open_01.tga",""
"sc_gonarsgoad","Book","Scroll of Gonar's Goad","112","0.20","","sc_gonarsgoad_en","0","m\text_scroll_01.nif","m\tx_scroll_open_01.tga",""
"sc_GrandfatherFrost","Book","The Song of Grandfather Frost","112","0.20","Alchemy","","0","m\text_scroll_01.nif","m\tx_scroll_open_01.tga",""
"sc_greaterdomination","Book","Scroll of Greater Domination","789","0.20","","sc_greaterdomination_en","0","m\text_scroll_01.nif","m\tx_scroll_open_01.tga",""
"sc_greydeath","Book","Scroll of Grey Death","112","0.20","","sc_greydeath_en","0","m\text_scroll_01.nif","m\tx_scroll_open_01.tga",""
"sc_greydespair","Book","Scroll of Grey Despair","112","0.20","","sc_greydespair_en","0","m\text_scroll_01.nif","m\tx_scroll_open_01.tga",""
"sc_greyfate","Book","Scroll of Grey Fate","112","0.20","","sc_greyfate_en","0","m\text_scroll_01.nif","m\tx_scroll_open_01.tga",""
"sc_greymind","Book","Scroll of Grey Mind","112","0.20","","sc_greymind_en","0","m\text_scroll_01.nif","m\tx_scroll_open_01.tga",""
"sc_greyscorn","Book","Scroll of Grey Scorn","112","0.20","","sc_greyscorn_en","0","m\text_scroll_01.nif","m\tx_scroll_open_01.tga",""
"sc_greysloth","Book","Scroll of Grey Sloth","112","0.20","","sc_greysloth_en","0","m\text_scroll_01.nif","m\tx_scroll_open_01.tga",""
"sc_greyweakness","Book","Scroll of Grey Weakness","112","0.20","","sc_greyweakness_en","0","m\text_scroll_01.nif","m\tx_scroll_open_01.tga",""
"sc_healing","Book","Scroll of Healing","107","0.20","","sc_healing_en","0","m\text_scroll_01.nif","m\tx_scroll_open_01.tga",""
"sc_heartwise","Book","Scroll of Heartwise","112","0.20","","sc_heartwise_en","0","m\text_scroll_01.nif","m\tx_scroll_open_01.tga",""
"sc_hellfire","Book","Scroll of Hellfire","151","0.20","","sc_hellfire_en","0","m\text_scroll_01.nif","m\tx_scroll_open_01.tga",""
"sc_hiddenkiller","Book","Scroll of the Hidden Killer","211","1.00","","sc_Chappy_sniper_test_en","100","m\Text_Scroll_01.nif","m\Tx_scroll_open_01.tga",""
"sc_icarianflight","Book","Scroll of Icarian Flight","119","0.20","","sc_icarianflight_en","0","m\text_scroll_01.nif","m\tx_scroll_open_01.tga",""
"sc_illneasbreath","Book","Scroll of Illnea's Breath","158","0.20","","sc_illneasbreath_en","0","m\text_scroll_01.nif","m\tx_scroll_open_01.tga",""
"sc_inaschastening","Book","Scroll of Inas' Chastening","85","0.20","","sc_inaschastening_en","0","m\text_scroll_01.nif","m\tx_scroll_open_01.tga",""
"sc_inasismysticfinger","Book","Scroll of Inasi's Mystic Finger","112","0.20","","sc_inasismysticfinger_en","0","m\text_scroll_01.nif","m\tx_scroll_open_01.tga",""
"sc_Indie","Book","A dying man's last words","0","0.20","","","0","m\Text_Parchment_01.nif","m\Tx_parchment_01.tga",""
"sc_insight","Book","Scroll of Insight","112","0.20","","sc_insight_en","0","m\text_scroll_01.nif","m\tx_scroll_open_01.tga",""
"sc_invisibility","Book","Scroll of Invisibility","112","0.20","","sc_invisibility_en","100","m\text_scroll_01.nif","m\tx_scroll_open_01.tga",""
"sc_jeleen","Book","Jeleen's Sad Farewell","0","0.20","","","0","m\Text_Note_01.nif","m\Tx_note_01.tga",""
"sc_leaguestep","Book","Scroll of Leaguestep","85","0.20","","sc_leaguestep_en","0","m\text_scroll_01.nif","m\tx_scroll_open_01.tga",""
"sc_lesserdomination","Book","Scroll of Lesser Domination","343","0.20","","sc_lesserdomination_en","0","m\text_scroll_01.nif","m\tx_scroll_open_01.tga",""
"sc_llirosglowingeye","Book","Scroll of Lliros' Glowing Eye","112","0.20","","sc_llirosglowingeye_en","0","m\text_scroll_01.nif","m\tx_scroll_open_01.tga",""
"sc_lordmhasvengeance","Book","Scroll of Lord Mhas' Vengeance","321","0.20","","sc_lordmhasvengeance_en","0","m\text_scroll_01.nif","m\tx_scroll_open_01.tga",""
"sc_lycanthropycure","Book","Scroll of the Wolf Ender","112","0.20","","","0","m\text_scroll_01.nif","m\tx_scroll_open_01.tga","Lycanthropycure"
"sc_mageseye","Book","Scroll of The Mage's Eye","112","0.20","","sc_mageseye_en","0","m\text_scroll_01.nif","m\tx_scroll_open_01.tga",""
"sc_mageweal","Book","Scroll of Mageweal","112","0.20","","sc_mageweal_en","0","m\text_scroll_01.nif","m\tx_scroll_open_01.tga",""
"sc_Malaki","Book","A scroll written in blood","112","0.20","","","0","m\text_scroll_01.nif","m\tx_scroll_open_01.tga",""
"sc_manarape","Book","Scroll of Manarape","112","0.20","","sc_manarape_en","0","m\text_scroll_01.nif","m\tx_scroll_open_01.tga",""
"sc_mark","Book","Scroll of Mark","85","0.20","","sc_mark_en","0","m\text_scroll_01.nif","m\tx_scroll_open_01.tga",""
"sc_messengerscroll","Book","Messenger Scroll","129","1.00","","sc_messenger_en","100","m\Text_Scroll_01.nif","m\Tx_scroll_open_01.tga",""
"sc_mindfeeder","Book","Scroll of The Mind Feeder","218","0.20","","sc_mindfeeder_en","0","m\text_scroll_01.nif","m\tx_scroll_open_01.tga",""
"sc_mondensinstigator","Book","Scroll of Monden's Instigator","112","0.20","","sc_mondensinstigator_en","0","m\text_scroll_01.nif","m\tx_scroll_open_01.tga",""
"sc_nerusislockjaw","Book","Scroll of Nerusi's Lockjaw","112","0.20","","sc_nerusislockjaw_en","0","m\text_scroll_01.nif","m\tx_scroll_open_01.tga",""
"sc_ninthbarrier","Book","Scroll of The Ninth Barrier","662","0.20","","sc_ninthbarrier_en","0","m\text_scroll_01.nif","m\tx_scroll_open_01.tga",""
"sc_oathfast","Book","Scroll of The Oathfast","112","0.20","","sc_oathfast_en","0","m\text_scroll_01.nif","m\tx_scroll_open_01.tga",""
"sc_ondusisunhinging","Book","Scroll of Ondusi's Unhinging","73","0.20","","sc_ondusisunhinging_en","0","m\text_scroll_01.nif","m\tx_scroll_open_01.tga",""
"sc_paper plain","Book","paper","3","1.00","","","50","m\Misc_paper_plain_01.nif","m\Tx_paper_plain_01.tga",""
"sc_paper_plain_01_canodia","Book","paper","3","1.00","","","50","m\Misc_paper_plain_01.nif","m\Tx_paper_plain_01.tga",""
"sc_piratetreasure","Book","Pirate Captain's Note","50","0.20","","","0","m\Text_Note_01.nif","m\Tx_note_01.tga",""
"sc_princeovsbrightball","Book","Scroll of Prince Ov's Brightbal","112","0.20","","sc_princeovsbrightball_en","0","m\text_scroll_01.nif","m\tx_scroll_open_01.tga",""
"sc_psychicprison","Book","Scroll of Psychic Prison","261","0.20","","sc_psychicprison_en","0","m\text_scroll_01.nif","m\tx_scroll_open_01.tga",""
"sc_purityofbody","Book","Scroll of Purity of Body","119","0.20","","sc_purityofbody_en","0","m\text_scroll_01.nif","m\tx_scroll_open_01.tga",""
"sc_radiyasicymask","Book","Scroll of Radiya's Icy Mask","129","0.20","","sc_radiyasicymask_en","0","m\text_scroll_01.nif","m\tx_scroll_open_01.tga",""
"sc_radrenesspellbreaker","Book","Scroll of Radrene'sSpellBreaker","101","0.20","","sc_radrenesspellbreaker_en","0","m\text_scroll_01.nif","m\tx_scroll_open_01.tga",""
"sc_reddeath","Book","Scroll of Red Death","112","0.20","","sc_reddeath_en","0","m\text_scroll_01.nif","m\tx_scroll_open_01.tga",""
"sc_reddespair","Book","Scroll of Red Despair","112","0.20","","sc_reddespair_en","0","m\text_scroll_01.nif","m\tx_scroll_open_01.tga",""
"sc_redfate","Book","Scroll of Red Fate","112","0.20","","sc_redfate_en","0","m\text_scroll_01.nif","m\tx_scroll_open_01.tga",""
"sc_redmind","Book","Scroll of Red Mind","112","0.20","","sc_redmind_en","0","m\text_scroll_01.nif","m\tx_scroll_open_01.tga",""
"sc_redscorn","Book","Scroll of Red Scorn","112","0.20","","sc_redscorn_en","0","m\text_scroll_01.nif","m\tx_scroll_open_01.tga",""
"sc_redsloth","Book","Scroll of Red Sloth","112","0.20","","sc_redsloth_en","0","m\text_scroll_01.nif","m\tx_scroll_open_01.tga",""
"sc_redweakness","Book","Scroll of Red Weakness","112","0.20","","sc_redweakness_en","0","m\text_scroll_01.nif","m\tx_scroll_open_01.tga",""
"sc_restoration","Book","Scroll of Restoration","152","0.20","","sc_restoration_en","0","m\text_scroll_01.nif","m\tx_scroll_open_01.tga",""
"sc_reynosbeastfinder","Book","Scroll of Reynos' Beast Finder","112","0.20","","sc_reynosbeastfinder_en","0","m\text_scroll_01.nif","m\tx_scroll_open_01.tga",""
"sc_reynosfins","Book","Scroll of Reynos' Fins","145","0.20","","sc_reynosfins_en","0","m\text_scroll_01.nif","m\tx_scroll_open_01.tga",""
"sc_rumornote_bm","Book","Odd Rumor","0","0.20","","","0","m\Text_Note_01.nif","m\Tx_note_01.tga","OddRumorScript"
"sc_salensvivication","Book","Scroll of Salen's Vivication","101","0.20","","sc_salensvivication_en","0","m\text_scroll_01.nif","m\tx_scroll_open_01.tga",""
"sc_savagemight","Book","Scroll of Savage Might","112","0.20","","sc_savagemight_en","0","m\text_scroll_01.nif","m\tx_scroll_open_01.tga",""
"sc_savagetyranny","Book","Scroll of Savage Tyranny","119","0.20","","sc_savagetyranny_en","0","m\text_scroll_01.nif","m\tx_scroll_open_01.tga",""
"sc_secondbarrier","Book","Scroll of The Second Barrier","90","0.20","","sc_secondbarrier_en","0","m\text_scroll_01.nif","m\tx_scroll_open_01.tga",""
"sc_selisfieryward","Book","Scroll of Selis' Fiery Ward","129","0.20","","sc_selisfieryward_en","0","m\text_scroll_01.nif","m\tx_scroll_open_01.tga",""
"sc_selynsmistslippers","Book","Scroll of Selyn's Mist Slippers","125","0.20","","sc_selynsmistslippers_en","0","m\text_scroll_01.nif","m\tx_scroll_open_01.tga",""
"sc_sertisesporphyry","Book","Scroll of Sertises' Porphyry","125","0.20","","sc_sertisesporphyry_en","0","m\text_scroll_01.nif","m\tx_scroll_open_01.tga",""
"sc_shockbane","Book","Scroll of Shockbane","112","0.20","","sc_shockbane_en","0","m\text_scroll_01.nif","m\tx_scroll_open_01.tga",""
"sc_shockguard","Book","Scroll of Shockguard","134","0.20","","sc_shockguard_en","0","m\text_scroll_01.nif","m\tx_scroll_open_01.tga",""
"sc_sixthbarrier","Book","Scroll of The Sixth Barrier","178","0.20","","sc_sixthbarrier_en","0","m\text_scroll_01.nif","m\tx_scroll_open_01.tga",""
"sc_sjobalnote","Book","Thauraver's Orders","0","0.20","Security","","0","m\Text_Note_01.nif","m\Tx_note_01.tga",""
"sc_stormward","Book","Scroll of Stormward","129","0.20","","sc_stormward_en","0","m\text_scroll_01.nif","m\tx_scroll_open_01.tga",""
"sc_summondaedroth_hto","Book","Milyn Faram's Scroll","211","1.00","","summon_daedroth_HTO_en","100","m\Text_Scroll_01.nif","m\Tx_scroll_open_01.tga",""
"sc_summonflameatronach","Book","Scroll of Summon Flame Atronach","211","0.20","","sc_summonflameatronach_EN","100","m\text_scroll_01.nif","m\tx_scroll_open_01.tga",""
"sc_summonfrostatronach","Book","Scroll of Summon Frost Atronach","235","0.20","","sc_summonfrostatronach_EN","100","m\text_scroll_01.nif","m\tx_scroll_open_01.tga",""
"sc_summongoldensaint","Book","Scroll of Summon Golden Saint","520","0.20","","sc_summongoldensaint_EN","100","m\text_scroll_01.nif","m\tx_scroll_open_01.tga",""
"sc_summonskeletalservant","Book","Scroll of Summon Skeleton","112","0.20","","sc_summonskeletalminion","0","m\text_scroll_01.nif","m\tx_scroll_open_01.tga",""
"sc_supremedomination","Book","Scroll of Supreme Domination","1531","0.20","","sc_supremedomination_en","0","m\text_scroll_01.nif","m\tx_scroll_open_01.tga",""
"sc_taldamsscorcher","Book","Scroll of Taldam's Scorcher","74","0.20","","sc_taldamsscorcher_en","0","m\text_scroll_01.nif","m\tx_scroll_open_01.tga",""
"sc_telvinscourage","Book","Scroll of Telvin's Courage","112","0.20","","sc_telvinscourage_en","0","m\text_scroll_01.nif","m\tx_scroll_open_01.tga",""
"sc_tendilstrembling","Book","Scroll of Tendil's Trembling","112","0.20","","sc_tendilstrembling_en","0","m\text_scroll_01.nif","m\tx_scroll_open_01.tga",""
"sc_tevilspeace","Book","Scroll of Tevil's Peace","112","0.20","","sc_tevilspeace_en","0","m\text_scroll_01.nif","m\tx_scroll_open_01.tga",""
"sc_tevralshawkshaw","Book","Scroll of Tevral's Hawkshaw","112","0.20","","sc_tevralshawkshaw_en","0","m\text_scroll_01.nif","m\tx_scroll_open_01.tga",""
"sc_thirdbarrier","Book","Scroll of The Third Barrier","112","0.20","","sc_thirdbarrier_en","0","m\text_scroll_01.nif","m\tx_scroll_open_01.tga",""
"sc_tinurshoptoad","Book","Scroll of Tinur's Hoptoad","112","0.20","","sc_tinurshoptoad_en","0","m\text_scroll_01.nif","m\tx_scroll_open_01.tga",""
"sc_toususabidingbeast","Book","Scroll of Tousu's Abiding Beast","112","0.20","","sc_toususabidingbeast_en","0","m\text_scroll_01.nif","m\tx_scroll_open_01.tga",""
"sc_tranasasspellmire","Book","Scroll of Tranasa's Spellmire","211","0.20","","sc_tranasasspellmire_en","0","m\text_scroll_01.nif","m\tx_scroll_open_01.tga",""
"sc_tranasasspelltrap","Book","Scroll of Tranasa's Spelltrap","211","0.20","","sc_tranasasspelltrap_en","100","m\text_scroll_01.nif","m\tx_scroll_open_01.tga",""
"sc_tranasasspelltwist","Book","Scroll of Tranasa's Spelltwist","211","0.20","","sc_tranasasspelltwist_en","0","m\text_scroll_01.nif","m\tx_scroll_open_01.tga",""
"sc_Tyronius","Book","Scroll of Tyronius","0","0.20","","","0","m\text_scroll_01.nif","m\tx_scroll_open_01.tga",""
"sc_ulmjuicedasfeather","Book","Scroll of Ulm Juiceda's Feather","112","0.20","","sc_ulmjuicedasfeather_en","0","m\text_scroll_01.nif","m\tx_scroll_open_01.tga",""
"sc_unclesweetshare","Book","The Song of Uncle Sweetshare","30","0.20","Alchemy","","0","m\text_scroll_01.nif","m\tx_scroll_open_01.tga",""
"sc_uthshandofheaven","Book","Scroll of Uth's Hand of Heaven","321","0.20","","sc_uthshandofheaven_en","0","m\text_scroll_01.nif","m\tx_scroll_open_01.tga",""
"sc_vaerminaspromise","Book","Scroll of Vaermina's Promise","129","0.20","","sc_vaerminaspromise_en","0","m\text_scroll_01.nif","m\tx_scroll_open_01.tga",""
"sc_vigor","Book","Scroll of Vigor","112","0.20","","sc_vigor_en","0","m\text_scroll_01.nif","m\tx_scroll_open_01.tga",""
"sc_vitality","Book","Scroll of Vitality","112","0.20","","sc_vitality_en","0","m\text_scroll_01.nif","m\tx_scroll_open_01.tga",""
"sc_Vulpriss","Book","A scrawled note","0","0.20","","","0","m\text_scroll_01.nif","m\tx_scroll_open_01.tga",""
"sc_warriorsblessing","Book","Scroll of Warrior's Blessing","152","0.20","","sc_warriorsblessing_en","0","m\text_scroll_01.nif","m\tx_scroll_open_01.tga",""
"sc_windform","Book","Scroll of Windform","311","0.20","","sc_windform_en","100","m\text_scroll_01.nif","m\tx_scroll_open_01.tga",""
"sc_windwalker","Book","Scroll of Windwalker","1762","0.20","","sc_windwalker_en","0","m\text_scroll_01.nif","m\tx_scroll_open_01.tga",""
"sc_witchnote","Book","Note from a Glenmoril Witch","0","0.20","","","0","m\Text_Note_01.nif","m\Tx_note_01.tga",""
"text_paper_roll_01","Book","Rolled Paper","1","0.20","","","100","m\Text_paper_roll_01.nif","m\Tx_paper_roll_01.tga",""
"writ_Alen","Book","Royal Writ of Execution","1","0.20","","","0","m\Text_paper_roll_01.nif","m\Tx_paper_roll_01.tga",""
"writ_baladas","Book","Honorable Writ of Execution","1","0.20","","","0","m\Text_paper_roll_01.nif","m\Tx_paper_roll_01.tga",""
"writ_belvayn","Book","Honorable Writ of Execution","1","0.20","","","0","m\Text_paper_roll_01.nif","m\Tx_paper_roll_01.tga",""
"writ_bemis","Book","Honorable Writ of Execution","1","0.20","","","0","m\Text_paper_roll_01.nif","m\Tx_paper_roll_01.tga",""
"writ_Berano","Book","Royal Writ of Execution","1","0.20","","","0","m\Text_paper_roll_01.nif","m\Tx_paper_roll_01.tga",""
"writ_bero","Book","Honorable Writ of Execution","1","0.20","","","0","m\Text_paper_roll_01.nif","m\Tx_paper_roll_01.tga",""
"writ_brilnosu","Book","Honorable Writ of Execution","1","0.20","","","0","m\Text_paper_roll_01.nif","m\Tx_paper_roll_01.tga",""
"writ_galasa","Book","Honorable Writ of Execution","1","0.20","","","0","m\Text_paper_roll_01.nif","m\Tx_paper_roll_01.tga",""
"writ_guril","Book","Honorable Writ of Execution","1","0.20","","","0","m\Text_paper_roll_01.nif","m\Tx_paper_roll_01.tga",""
"writ_Hloggar","Book","Royal Writ of Execution","1","0.20","","","0","m\Text_paper_roll_01.nif","m\Tx_paper_roll_01.tga",""
"writ_mavon","Book","Honorable Writ of Execution","1","0.20","","","0","m\Text_paper_roll_01.nif","m\Tx_paper_roll_01.tga",""
"writ_navil","Book","Honorable Writ of Execution","1","0.20","","","0","m\Text_paper_roll_01.nif","m\Tx_paper_roll_01.tga",""
"writ_oran","Book","Honorable Writ of Execution","1","0.20","","","0","m\Text_paper_roll_01.nif","m\Tx_paper_roll_01.tga",""
"writ_sadus","Book","Honorable Writ of Execution","1","0.20","","","0","m\Text_paper_roll_01.nif","m\Tx_paper_roll_01.tga",""
"writ_saren","Book","Honorable Writ of Execution","1","0.20","","","0","m\Text_paper_roll_01.nif","m\Tx_paper_roll_01.tga",""
"writ_therana","Book","Honorable Writ of Execution","1","0.20","","","0","m\Text_paper_roll_01.nif","m\Tx_paper_roll_01.tga",""
"writ_varro","Book","Honorable Writ of Execution","1","0.20","","","0","m\Text_paper_roll_01.nif","m\Tx_paper_roll_01.tga",""
"writ_vendu","Book","Honorable Writ of Execution","1","0.20","","","0","m\Text_paper_roll_01.nif","m\Tx_paper_roll_01.tga",""
"writ_yasalmibaal","Book","Honorable Writ of Execution","1","0.20","","","0","m\Text_paper_roll_01.nif","m\Tx_paper_roll_01.tga",""
