"ID","ItemType","Name","Type","Value","Weight","Model","Inventory","Script","EnchantPts","Enchant"
"Adusamsi's_Ring","Clothing","Adusamsi's Ring","Ring","30","0.10","c\C_Ring_expensive_3.NIF","c\tx_ring_expensive03.tga","","150","divine intervention_en"
"Adusamsi's_robe","Clothing","Adusamsi's Robe","Robe","10","3.00","c\C_M_Robe_Expens_3_GND.NIF","c\tx_Robe_expensive_3.tga","","50","medusa's gaze_en"
"Akatosh Ring","Clothing","Akatosh's Ring","Ring","2400","0.10","c\C_Ring_exquisite_1.NIF","c\tx_ring_exquisite01.tga","","1200","Akatosh's Blessing_EN"
"Akatosh's Ring","Clothing","Akatosh's Ring","Ring","2400","0.10","c\C_Ring_exquisite_1.NIF","c\tx_ring_exquisite01.tga","","1200","Akatosh's Blessing_EN"
"amulet of 6th house","Clothing","6th House Amulet","Amulet","2000","1.00","c\Amulet_Extravagant_1.NIF","c\tx_amulet_extrav1.tga","","1300","corprus_amulet"
"amulet of admonition","Clothing","Amulet of Admonition","Amulet","1000","1.00","c\Amulet_Common_3.NIF","c\tx_amulet_com3.tga","","10","admonition_en"
"amulet of almsivi intervention","Clothing","Amulet of Almsivi Intervention","Amulet","21","1.00","c\Amulet_Common_3.NIF","c\tx_amulet_com3.tga","","10","almsivi intervention_en"
"amulet of ashamanu (unique)","Clothing","Amulet of Ashamanu","Amulet","640","1.00","c\Amulet_Expensive_2.NIF","c\tx_amulet_expens2.tga","","100","ashamanu's blessing"
"amulet of balyna's antidote","Clothing","Amulet of Balyna's Antidote","Amulet","15","1.00","c\Amulet_Common_3.NIF","c\tx_amulet_com3.tga","","10","balyna's antidote_en"
"amulet of balyna's soothing bal","Clothing","Amulet of Soothing Balm","Amulet","8","1.00","c\Amulet_Common_3.NIF","c\tx_amulet_com3.tga","","10","balyna's soothing balm_en"
"amulet of divine intervention","Clothing","Amulet of Divine Intervention","Amulet","21","1.00","c\Amulet_Common_3.NIF","c\tx_amulet_com3.tga","","10","divine intervention_en"
"amulet of domination","Clothing","Amulet of Domination","Amulet","1000","1.00","c\Amulet_Common_3.NIF","c\tx_amulet_com3.tga","","10","GreaterDomination_en"
"amulet of far silence","Clothing","Amulet of Far Silence","Amulet","113","1.00","c\Amulet_Expensive_2.NIF","c\tx_amulet_expens2.tga","","150","far silence_en"
"amulet of frost","Clothing","Amulet of Frost","Amulet","46","1.00","c\Amulet_Expensive_3.NIF","c\tx_amulet_expens3.tga","","600","freezing touch_enu"
"amulet of health","Clothing","Amulet of Health","Amulet","44","1.00","c\Amulet_Expensive_2.NIF","c\tx_amulet_expens2.tga","","150","veloth's benison_en"
"amulet of igniis","Clothing","Amulet of Igniis","Amulet","1000","1.00","c\Amulet_Extravagant_1.NIF","c\tx_amulet_extrav1.tga","","600","am_amuletofigniis_en"
"amulet of infectious charm","Clothing","Amulet of Infectious Charm","Amulet","20","1.00","c\Amulet_Expensive_3.nif","c\tx_amulet_expens3.tga","","150","infectious charm_en"
"amulet of levitating","Clothing","Amulet of Levitating","Amulet","50","1.00","c\Amulet_Expensive_2.NIF","c\tx_amulet_expens2.tga","","100","levitate_en"
"amulet of light","Clothing","Amulet of Light","Amulet","14","1.00","c\Amulet_Common_2.NIF","c\tx_amulet_com2.tga","","10","light_en"
"amulet of locking","Clothing","Amulet of Locking","Amulet","4","1.00","c\Amulet_Common_3.NIF","c\tx_amulet_com3.tga","","10","lock_en"
"amulet of mark","Clothing","Amulet of Mark","Amulet","94","1.00","c\Amulet_Expensive_1.NIF","c\tx_amulet_expens1.tga","","10","mark_en"
"amulet of mighty blows","Clothing","Amulet of Mighty Blows","Amulet","15","1.00","c\Amulet_Common_2.NIF","c\tx_amulet_com2.tga","","70","orc's strength_en"
"amulet of opening","Clothing","Amulet of Opening","Amulet","8","1.00","c\Amulet_Common_4.NIF","c\tx_amulet_com4.tga","","10","open_en"
"amulet of recall","Clothing","Amulet of Recall","Amulet","194","1.00","c\Amulet_Extravagant_1.NIF","c\tx_amulet_extrav1.tga","","600","recall_en"
"amulet of rest","Clothing","Amulet of Rest","Amulet","51","1.00","c\Amulet_Expensive_2.NIF","c\tx_amulet_expens2.tga","","150","rest of st. merris_en"
"amulet of shades","Clothing","Amulet of Shades","Amulet","225","1.00","c\Amulet_Extravagant_2.NIF","c\tx_amulet_extrav2.tga","","600","summon least bonewalker_en"
"amulet of shadows","Clothing","Amulet of Shadows","Amulet","750","1.00","c\Amulet_Extravagant_1.NIF","c\tx_amulet_extrav1.tga","","600","am_amuletofshadows_en"
"amulet of shield","Clothing","Amulet of Shield","Amulet","50","1.00","c\Amulet_Expensive_3.NIF","c\tx_amulet_expens3.tga","","150","shield_en"
"amulet of silence","Clothing","Amulet of Silence","Amulet","75","1.00","c\Amulet_Extravagant_1.NIF","c\tx_amulet_extrav1.tga","","600","silence_enu"
"amulet of slowfalling","Clothing","Amulet of Slowfalling","Amulet","413","1.00","c\Amulet_Exquisit_1.NIF","c\tx_amulet_exquisite1.tga","","10","slowfall_en"
"amulet of spell absorption","Clothing","Amulet of Spell Absorption","Amulet","213","1.00","c\Amulet_Extravagant_2.NIF","c\tx_amulet_extrav2.tga","","600","spell absorption_en"
"amulet of stamina","Clothing","Amulet of Stamina","Amulet","5","1.00","c\Amulet_Common_3.NIF","c\tx_amulet_com3.tga","","10","stamina_en"
"amulet of verbosity","Clothing","Amulet of Verbosity","Amulet","120","1.00","c\Amulet_Extravagant_1.NIF","c\tx_amulet_extrav1.tga","","600","am_verbosity_en"
"amulet of water walking","Clothing","Amulet of Water Walking","Amulet","10","1.00","c\Amulet_Common_5.NIF","c\tx_amulet_com5.tga","","10","water walking_en"
"amulet_Agustas_unique","Clothing","Augustus' Amulet","Amulet","240","1.00","c\Amulet_Extravagant_1.NIF","c\tx_amulet_extrav1.tga","","600","augustusamulet_en_unique"
"amulet_aundae","Clothing","Aundae Amulet","Amulet","120","1.00","c\Amulet_Extravagant_2.NIF","c\tx_amulet_extrav2.tga","amuletAundaeScript","600",""
"amulet_berne","Clothing","Berne Amulet","Amulet","120","1.00","c\Amulet_Extravagant_2.NIF","c\tx_amulet_extrav2.tga","amuletBerneScript","600",""
"amulet_gaenor","Clothing","Gaenor's Amulet","Amulet","2000","1.00","c\Amulet_Extravagant_1.NIF","c\tx_amulet_extrav1.tga","","600","amulet_gaenor_en"
"amulet_gem_feeding","Clothing","Amulet of Gem Feeding","Amulet","275","1.00","c\Amulet_Exquisit_1.NIF","c\tx_amulet_exquisite1.tga","","1200","gem_feeding_en"
"amulet_Pop00","Clothing","Pop's Amulet","Amulet","240","1.00","c\Amulet_Expensive_1.NIF","c\tx_amulet_expens1.tga","","150",""
"amulet_quarra","Clothing","Quarra Amulet","Amulet","120","1.00","c\Amulet_Extravagant_2.NIF","c\tx_amulet_extrav2.tga","amuletQuarraScript","600",""
"amulet_salandas","Clothing","Suldreni's Amulet","Amulet","130","1.00","c\Amulet_Extravagant_2.NIF","c\tx_amulet_extrav2.tga","","600","amulet_salandas_en"
"amulet_skink_unique","Clothing","Skink's Amulet","Amulet","1000","1.00","c\Amulet_Extravagant_1.NIF","c\tx_amulet_extrav1.tga","","600",""
"amulet_unity_uniq","Clothing","Amulet of Unity","Amulet","1000","1.00","c\Amulet_Expensive_3.NIF","c\tx_amulet_expens3.tga","","600","unity_amulet_en_unique"
"amulet_usheeja","Clothing","Amulet of Usheeja","Amulet","120","1.00","c\Amulet_Usheeja.NIF","c\tx_amulet_usheeja.tga","","600","freezing touch_enu"
"amuletfleshmadewhole_uniq","Clothing","Amulet of Flesh Made Whole","Amulet","500","1.00","c\Amulet_Extravagant_2.NIF","c\tx_amulet_extrav2.tga","","1200","fleshmadewhole_uniq"
"ancestor's ring","Clothing","Ancestor's Ring","Ring","203","0.10","c\C_Ring_extravagant_2.NIF","c\tx_ring_extravagant02.tga","","150","summon ancestral ghost_en"
"artifact_amulet of heartfire","Clothing","Amulet of Heartfire","Amulet","20000","5.00","c\Artifact_amulet_hfire_01.NIF","c\Tx_amulet_hfire_01.tga","","150","ward of odros"
"artifact_amulet of heartheal","Clothing","Amulet of Heartheal","Amulet","20000","5.00","c\Artifact_amulet_hheal_01.NIF","c\Tx_amulet_hheal_01.tga","","150","ward of vemyn"
"artifact_amulet of heartrime","Clothing","Amulet of Heartrime","Amulet","20000","5.00","c\Artifact_amulet_htrime_01.NIF","c\Tx_amulet_hrime_01.tga","","600","ward of endus"
"artifact_amulet of heartthrum","Clothing","Amulet of Heartthrum","Amulet","20000","5.00","c\Artifact_amulet_hthrum_01.NIF","c\Tx_amulet_hthrum_01.tga","","600","ward of tureynul"
"artifact_belt_of_heartfire","Clothing","Belt of Heartfire","Belt","20000","1.00","c\Artifact_belt_hfire_01.NIF","c\Tx_belt_heartfire_01.tga","","100","ward of uthol"
"artifact_blood_ring","Clothing","Blood Ring","Ring","30000","0.20","c\Artifact_bloodring_01.NIF","c\Tx_r_blood_01.tga","","250","ward of gilvoth"
"artifact_heart_ring","Clothing","Heart Ring","Ring","30000","0.20","c\Artifact_amulet_hring_01.NIF","c\Tx_ashv_r_hthrum_01.tga","","250","heartring_en"
"artifact_soul_ring","Clothing","Soul Ring","Ring","30000","0.20","c\Artifact_ring_soul_01.NIF","","","250","ward of araynys"
"aryongloveleft","Clothing","Aryon's Dominator","L. Glove","233","1.00","c\C_glove_expensive1_GND.NIF","c\tx_glove_expensive1.tga","","200","aryongloveleft_en_unique"
"aryongloveright","Clothing","Aryon's Helper","R. Glove","94","1.00","c\C_glove_expensive1_GND.NIF","c\tx_glove_expensive1.tga","","200","aryongloveright_en_unique"
"balm amulet","Clothing","Balm Amulet","Amulet","8","1.00","c\Amulet_Common_4.NIF","c\tx_amulet_com4.tga","","10","balyna's soothing balm_en"
"belt of balyna's soothing balm","Clothing","Belt of Balyna's Soothing Balm","Belt","8","1.00","c\C_belt_Common_2.NIF","c\tx_belt_common02.tga","","10","balyna's soothing balm_en"
"belt of charisma","Clothing","Belt of Charisma","Belt","6","1.00","c\C_belt_Common_5.NIF","c\tx_belt_common05.tga","","10","charisma_en"
"belt of feet of notorgo","Clothing","Belt of Iron Will","Belt","6","1.00","c\C_belt_Common_4.NIF","c\tx_belt_common04.tga","","10","feet of notorgo_en"
"belt of fortitude","Clothing","Belt of Fortitude","Belt","6","1.00","c\C_belt_Common_5.NIF","c\tx_belt_common05.tga","","10","fortitude_en"
"belt of free action","Clothing","Belt of Free Action","Belt","25","1.00","c\C_belt_Expensive_2.NIF","c\tx_belt_expensive02.tga","","50","free action_en"
"belt of heartfire","Clothing","Belt of Heartfire","Belt","20000","4.00","c\Artifact_belt_hfire_01.NIF","c\TX_C_belt_leather00.tga","","200","ward of uthol"
"belt of iron will","Clothing","Belt of Iron Will","Belt","6","1.00","c\C_belt_Common_3.NIF","c\tx_belt_common03.tga","","10","iron will_peakstar_en"
"belt of jack of trades","Clothing","Belt of Jack of Trades","Belt","6","1.00","c\C_belt_Common_5.NIF","c\tx_belt_common05.tga","","10","jack of trades_en"
"belt of nimbleness","Clothing","Belt of Nimbleness","Belt","6","1.00","c\C_belt_Common_4.NIF","c\tx_belt_common04.tga","","10","nimbleness_en"
"Belt of Northern Knuck Knuck","Clothing","Belt of Northern Knuck Knuck","Belt","65","1.00","c\C_belt_Extravagant_2.NIF","c\tx_belt_extravagant02.tga","","100","knuckle luck_en"
"belt of orc's strength","Clothing","Belt of Orc's Strength","Belt","6","1.00","c\C_belt_Common_4.NIF","c\tx_belt_common04.tga","","10","orc's strength_en"
"belt of the armor of god","Clothing","Belt of the Armor of God","Belt","33","1.00","c\C_belt_Expensive_2.NIF","c\tx_belt_expensive02.tga","","70","armor of god_en"
"belt of vigor","Clothing","Belt of Vigor","Belt","4","1.00","c\C_belt_Common_2.NIF","c\tx_belt_common02.tga","","10","vigor_en"
"belt of wisdom","Clothing","Belt of Wisdom","Belt","5","1.00","c\C_belt_Common_1.NIF","c\tx_belt_common01.tga","","70","wisdom_en"
"belt_goval","Clothing","Ralen Family Belt","Belt","200","1.00","c\C_belt_Common_2.NIF","c\tx_belt_common02.tga","","60","belt_goval_en"
"bitter_hand","Clothing","Bitter Hand","L. Glove","2","1.00","c\C_glove_common1_GND.NIF","c\tx_glove_common1.tga","","10","dire weakness to poison_EN"
"black_blindfold_glove","Clothing","Elvul's Black Blindfold","L. Glove","1690","1.00","c\c_glove_extravagant1_GND.NIF","c\tx_glove_extravagant_1.tga","","50","black blindfold_en"
"blind ring","Clothing","Blind Ring","Ring","6","0.10","c\C_Ring_common02.NIF","c\tx_ring_common02.tga","","10","blind_enu"
"blood belt","Clothing","Blood Belt","Belt","16","1.00","c\C_belt_Expensive_1.NIF","c\tx_belt_expensive01.tga","","50","blood gift_en"
"blood despair amulet","Clothing","Blood Despair Amulet","Amulet","60","1.00","c\Amulet_Expensive_2.NIF","c\tx_amulet_expens2.tga","","1200","crimson despair_en"
"blood ring","Clothing","Blood Ring","Ring","30000","0.20","c\Artifact_bloodring_01.NIF","c\Tx_r_blood_01.tga","","150","ward of gilvoth"
"bm_amulspd1","Clothing","Hunter's Amulet of Speed","Amulet","15000","1.00","c\Amulet_Exquisit_1.NIF","c\tx_amulet_exquisite1.tga","","1200","bm_amulspd"
"bm_amulstr1","Clothing","Hunter's Amulet of Strength","Amulet","15000","1.00","c\Amulet_Exquisit_1.NIF","c\tx_amulet_exquisite1.tga","","1200","bm_amulstr"
"bm_black_glove_l_s","Clothing","Deceit","L. Glove","2","1.00","c\C_glove_MoragTong_GND.NIF","c\tx_glove_MoragTong.tga","","10","deceit_en"
"bm_black_glove_r_s","Clothing","Treachery","R. Glove","2","1.00","c\C_glove_MoragTong_GND.NIF","c\tx_glove_MoragTong.tga","","10","treachery_en"
"BM_Nordic01_gloveL","Clothing","Left Glove","L. Glove","4","1.00","c\C_common_Nordic01GlGND.NIF","c\Tx_Common_Nordic01_Hand.dds","","20",""
"BM_Nordic01_gloveR","Clothing","Right Glove","R. Glove","4","1.00","c\C_common_Nordic01GlGND.NIF","c\Tx_Common_Nordic01_Hand.dds","","20",""
"BM_Nordic01_pants","Clothing","Common Pants","Pants","4","3.00","c\C_common_Nordic01PGND.NIF","c\Tx_Common_Nordic01_Pants.dds","","20",""
"BM_Nordic01_Robe","Clothing","Common Robe","Robe","20","3.00","c\C_common_Nordic01_robeGND.NIF","c\Tx_Common_Nordic01_Robe.dds","","50",""
"BM_Nordic01_Robe_whitewalk","Clothing","Whitewalker","Robe","20","3.00","c\C_common_Nordic01_robeGND.NIF","c\Tx_Common_Nordic01_Robe.dds","","50","whitewalker_en"
"BM_Nordic01_shirt","Clothing","Common Shirt","Shirt","4","3.00","c\C_common_Nordic01ShirtGND.NIF","c\Tx_Common_Nordic01_Shirt.dds","","20",""
"BM_Nordic01_shoes","Clothing","Common Shoes","Shoes","2","3.00","c\C_common_Nordic01ShoeGND.NIF","c\Tx_Common_Nordic01_Foot.dds","","10",""
"BM_Nordic02_gloveL","Clothing","Left Glove","L. Glove","4","1.00","c\C_common_Nordic02GlGND.NIF","c\Tx_Common_Nordic02_Hand.dds","","20",""
"BM_Nordic02_gloveR","Clothing","Right Glove","R. Glove","4","1.00","c\C_common_Nordic02GlGND.NIF","c\Tx_Common_Nordic02_Hand.dds","","20",""
"BM_Nordic02_pants","Clothing","Common Pants","Pants","4","3.00","c\C_common_Nordic02PGND.NIF","c\Tx_Common_Nordic02_Pants.dds","","20",""
"BM_Nordic02_shirt","Clothing","Common Shirt","Shirt","4","3.00","c\C_common_Nordic02shirtGND.NIF","c\Tx_Common_Nordic02_Shirt.dds","","20",""
"BM_Nordic02_shoes","Clothing","Common Shoes","Shoes","2","3.00","c\C_common_Nordic02ShoeGND.NIF","c\Tx_Common_Nordic02_Foot.dds","","10",""
"BM_ring_Aesliip","Clothing","Aesliip's Ring","Ring","2500","0.10","c\C_Ring_extravagant_2.NIF","c\tx_ring_extravagant02.tga","","600","bm_aesliip"
"BM_ring_hircine","Clothing","Hircine's Ring","Ring","6400","0.10","c\C_Ring_Hircine.NIF","c\Tx_Ring_Hircine.dds","hircineringScript","1200",""
"bm_ring_marksman","Clothing","Ring of Raven Eye","Ring","3000","0.10","c\C_Ring_expensive_2.NIF","c\tx_ring_expensive02.tga","","150","deadlyslay_en"
"bm_ring_view","Clothing","BlueDev's Ring of Viewing","Ring","240","0.10","c\C_Ring_exquisite_1.NIF","c\tx_ring_exquisite01.tga","ringviewScript","1200",""
"BM_Wool01_gloveL","Clothing","Left Glove","L. Glove","4","1.00","c\C_common_Wool01GLGND.NIF","c\Tx_Common_Wool01_Hand.dds","","10",""
"BM_Wool01_gloveR","Clothing","Right Glove","R. Glove","4","1.00","c\C_common_Wool01GLGND.NIF","c\Tx_Common_Wool01_Hand.dds","","10",""
"BM_Wool01_pants","Clothing","Common Pants","Pants","4","3.00","c\C_common_Wool01PGND.NIF","c\Tx_Common_Wool01_Pants.dds","","20",""
"BM_Wool01_Robe","Clothing","Common Robe","Robe","20","3.00","c\C_common_Wool01_robe_GND.NIF","C\Tx_Common_Wool01_Robe.dds","","50",""
"BM_Wool01_shirt","Clothing","Common Shirt","Shirt","4","3.00","c\C_common_Wool01ShirtGND.NIF","c\Tx_Common_Wool01_Shirt.dds","","20",""
"BM_Wool01_shoes","Clothing","Common Shoes","Shoes","2","3.00","c\C_common_Wool01ShoeGND.NIF","c\Tx_Common_Wool01_Foot.dds","","10",""
"BM_Wool02_gloveL","Clothing","Left Glove","L. Glove","4","1.00","c\C_common_Wool02GlGND.NIF","c\Tx_Common_Wool02_Hand.dds","","10",""
"BM_Wool02_gloveR","Clothing","Right Glove","R. Glove","4","1.00","c\C_common_Wool02GlGND.NIF","c\Tx_Common_Wool02_Hand.dds","","10",""
"BM_Wool02_pants","Clothing","Common Pants","Pants","4","3.00","c\C_common_Wool02PGND.NIF","c\Tx_Common_Wool02_Pants.dds","","20",""
"BM_Wool02_shirt","Clothing","Common Shirt","Shirt","4","3.00","c\C_common_Wool02ShirtGND.NIF","c\Tx_Common_Wool02_Shirt.dds","","20",""
"BM_Wool02_shoes","Clothing","Common Shoes","Shoes","2","3.00","c\C_common_Wool02ShoeGND.NIF","c\Tx_Common_Wool02_Foot.dds","","10",""
"bone charm","Clothing","Bone Charm","Amulet","255","1.00","c\Amulet_Extravagant_2.NIF","c\tx_amulet_extrav2.tga","","150","summon skeletal minion_en"
"bone guard belt","Clothing","Bone Guard Belt","Belt","30","1.00","c\C_belt_Expensive_3.NIF","c\tx_belt_expensive03.tga","","10","bone guard_en"
"bonebiter charm","Clothing","Bonebiter Charm","Amulet","13","1.00","c\Amulet_Common_1.NIF","c\tx_amulet_com1.tga","","10","bonebiter_en"
"brawlers_belt","Clothing","Brawler's Belt","Belt","2","1.00","c\C_belt_Common_1.NIF","c\tx_belt_common01.tga","","10","shield_en"
"bugharz's belt","Clothing","Bugharz's Belt","Belt","54","1.00","c\C_belt_Extravagant_1.NIF","c\tx_belt_extravagant01.tga","","200","orc's strength_en"
"Caius_pants","Clothing","Caius' Black Pants","Pants","4","2.00","c\C_M_Pants_common_3c_GND.NIF","c\tx_pants_comm_3c.tga","","20","Caius' Chameleon"
"Caius_ring","Clothing","Caius' Ring","Ring","2","0.10","c\C_Ring_common01.NIF","c\Tx_ring_common01.tga","","10","Caius' Sloppy Luck"
"caius_shirt","Clothing","Caius' Black Shirt","Shirt","4","2.00","c\C_M_Shirt_Common_3c_GND.NIF","c\tx_shirtcomm_3_c.tga","","20","Caius' Subtlety"
"caliginy ring","Clothing","Caliginy Ring","Ring","63","0.10","c\C_Ring_expensive_2.NIF","c\tx_ring_expensive02.tga","","10","alad's caliginy_en"
"chameleon ring","Clothing","Chameleon Ring","Ring","15","0.10","c\C_Ring_common02.NIF","c\tx_ring_common02.tga","","10","chameleon_en"
"champion belt","Clothing","Champion Belt","Belt","50","1.00","c\C_belt_Expensive_1.NIF","c\tx_belt_expensive01.tga","","50","third barrier_en"
"cl_ringofregeneration","Clothing","Ring of Regeneration","Ring","8500","0.10","c\C_Ring_expensive_1.NIF","c\tx_ring_expensive01.tga","","150","cl_ringofregeneration_en"
"clench charm","Clothing","Clench Charm","Amulet","13","1.00","c\Amulet_Common_1.NIF","c\tx_amulet_com1.tga","","10","clench_en"
"common_amulet_01","Clothing","Common Amulet","Amulet","2","1.00","c\Amulet_Common_1.NIF","c\tx_amulet_com1.tga","","10",""
"common_amulet_02","Clothing","Common Amulet","Amulet","2","1.00","c\Amulet_Common_2.NIF","c\tx_amulet_com2.tga","","10",""
"common_amulet_03","Clothing","Common Amulet","Amulet","2","1.00","c\Amulet_Common_3.NIF","c\tx_amulet_com3.tga","","10",""
"common_amulet_04","Clothing","Common Amulet","Amulet","2","1.00","c\Amulet_Common_4.NIF","c\tx_amulet_com4.tga","","10",""
"common_amulet_05","Clothing","Common Amulet","Amulet","2","1.00","c\Amulet_Common_5.NIF","c\tx_amulet_com5.tga","","10",""
"common_belt_01","Clothing","Common Belt","Belt","2","1.00","c\C_belt_Common_1.NIF","c\tx_belt_common01.tga","","10",""
"common_belt_02","Clothing","Common Belt","Belt","2","1.00","c\C_belt_Common_2.NIF","c\tx_belt_common02.tga","","10",""
"common_belt_03","Clothing","Common Belt","Belt","2","1.00","c\C_belt_Common_3.NIF","c\tx_belt_common03.tga","","10",""
"common_belt_04","Clothing","Common Belt","Belt","2","1.00","c\C_belt_Common_4.NIF","c\tx_belt_common04.tga","","10",""
"common_belt_05","Clothing","Common Belt","Belt","2","1.00","c\C_belt_Common_5.NIF","c\tx_belt_common05.tga","","10",""
"common_glove_l_balmolagmer","Clothing","Left Bal Molagmer Glove","L. Glove","2","1.00","c\C_glove_Balmolagmer_GND.NIF","c\tx_glove_balmolagmer.tga","","10",""
"common_glove_l_moragtong","Clothing","Black Left Glove","L. Glove","2","1.00","c\C_glove_MoragTong_GND.NIF","c\tx_glove_MoragTong.tga","","10",""
"common_glove_left_01","Clothing","Common Left Glove","L. Glove","2","1.00","c\C_glove_common1_GND.NIF","c\tx_glove_common1.tga","","10",""
"common_glove_r_balmolagmer","Clothing","Right Bal Molagmer Glove","R. Glove","2","1.00","c\C_glove_Balmolagmer_GND.NIF","c\tx_glove_balmolagmer.tga","gloveScript","10",""
"common_glove_r_moragtong","Clothing","Black Right Glove","R. Glove","2","1.00","c\C_glove_MoragTong_GND.NIF","c\tx_glove_MoragTong.tga","","10",""
"common_glove_right_01","Clothing","Common Right Glove","R. Glove","2","1.00","c\C_glove_common1_GND.NIF","c\tx_glove_common1.tga","","10",""
"common_pants_01","Clothing","Common Pants","Pants","4","2.00","c\C_M_Pants_GND_common00.nif","c\TX_pantscom00.tga","","20",""
"common_pants_01_a","Clothing","Common Pants","Pants","4","2.00","c\C_M_Pants_common_1_a_GND.NIF","c\tx_pants_common_1a.tga","","20",""
"common_pants_01_e","Clothing","Common Pants","Pants","4","2.00","c\C_M_Pants_common_1_e_GND.NIF","c\Tx_pants_common_1e.tga","","20",""
"common_pants_01_u","Clothing","Common Pants","Pants","4","2.00","c\C_M_Pants_common_1_u_GND.NIF","c\tx_pants_common_1u.tga","","20",""
"common_pants_01_z","Clothing","Common Pants","Pants","4","2.00","c\C_M_Pants_common_1_z_GND.NIF","c\tx_pants_common_1z.tga","","20",""
"common_pants_02","Clothing","Common Pants","Pants","4","2.00","c\C_M_Pants_GND_common01.nif","c\Tx_pants_com01.tga","","20",""
"common_pants_02_hentus","Clothing","Hentus Pants","Pants","1","2.00","c\C_M_Pants_GND_common01.nif","c\Tx_pants_com01.tga","","20",""
"common_pants_03","Clothing","Common Pants","Pants","4","2.00","c\C_M_Pants_common_3_GND.nif","c\Tx_Pants_comm_3.tga","","20",""
"common_pants_03_b","Clothing","Common Pants","Pants","4","2.00","c\C_M_Pants_Common_3b_GND.nif","c\Tx_pants_com03_b.tga","","20",""
"common_pants_03_c","Clothing","Common Pants","Pants","4","2.00","c\C_M_Pants_common_3c_GND.NIF","c\tx_pants_comm_3c.tga","","20",""
"common_pants_04","Clothing","Common Pants","Pants","4","2.00","c\C_M_Pants_GND_common02.nif","c\Tx_pants_com04.tga","","20",""
"common_pants_04_b","Clothing","Common Pants","Pants","4","2.00","c\C_M_Pants_Common_4_b_GND.nif","c\Tx_pants_com04_b.tga","","20",""
"common_pants_05","Clothing","Common Pants","Pants","4","2.00","c\C_M_Pants_common_5_GND.NIF","c\tx_pants_common_5.tga","","20",""
"common_pants_06","Clothing","Common Pants","Pants","4","2.00","c\C_M_Pants_Common1_GND.NIF","c\Tx_Common1_greaves.dds","","20",""
"common_pants_07","Clothing","Common Pants","Pants","4","2.00","c\C_M_Pants_Common2_GND.NIF","c\Tx_Common2_greaves.dds","","20",""
"common_ring_01","Clothing","Common Ring","Ring","2","0.10","c\C_Ring_common01.NIF","c\Tx_ring_common01.tga","","10",""
"common_ring_01_arena","Clothing","Common Ring","Ring","2","0.10","c\C_Ring_common01.NIF","c\Tx_ring_common01.tga","vivecArenaScript","10",""
"common_ring_01_fg_corp01","Clothing","Common Ring","Ring","2","0.10","c\C_Ring_common01.NIF","c\Tx_ring_common01.tga","BILL_FG_Nchurdamz01","10",""
"common_ring_01_fg_nchur01","Clothing","Common Ring","Ring","2","0.10","c\C_Ring_common01.NIF","c\Tx_ring_common01.tga","BILL_FG_Nchurdamz01","10",""
"common_ring_01_fg_nchur02","Clothing","Common Ring","Ring","2","0.10","c\C_Ring_common01.NIF","c\Tx_ring_common01.tga","BILL_FG_Nchurdamz02","10",""
"common_ring_01_fg_nchur03","Clothing","Common Ring","Ring","2","0.10","c\C_Ring_common01.NIF","c\Tx_ring_common01.tga","BILL_FG_Nchurdamz03","10",""
"common_ring_01_fg_nchur04","Clothing","Common Ring","Ring","2","0.10","c\C_Ring_common01.NIF","c\Tx_ring_common01.tga","BILL_FG_Nchurdamz04","10",""
"common_ring_01_haunt_Ken","Clothing","Common Ring","Ring","2","0.10","c\C_Ring_common01.NIF","c\Tx_ring_common01.tga","ResurrectHaunt","10",""
"common_ring_01_mgbwg","Clothing","Common Ring","Ring","2","0.10","c\C_Ring_common01.NIF","c\Tx_ring_common01.tga","","10",""
"common_ring_01_mge","Clothing","Common Ring","Ring","2","0.10","c\C_Ring_common01.NIF","c\Tx_ring_common01.tga","expelledMG","10",""
"common_ring_01_tt_mountkand","Clothing","Common Ring","Ring","2","0.10","c\C_Ring_common01.NIF","c\Tx_ring_common01.tga","BILL_TT_MountKand05","10",""
"common_ring_02","Clothing","Common Ring","Ring","2","0.10","c\C_Ring_common02.NIF","c\tx_ring_common02.tga","","10",""
"common_ring_03","Clothing","Common Ring","Ring","2","0.10","c\C_Ring_common03.NIF","c\tx_ring_common03.tga","","10",""
"common_ring_04","Clothing","Common Ring","Ring","2","0.10","c\C_Ring_common04.NIF","c\tx_ring_common04.tga","","10",""
"common_ring_05","Clothing","Common Ring","Ring","2","0.10","c\C_Ring_common05.NIF","c\tx_ring_common05.tga","","10",""
"common_ring_05_BM_UNI","Clothing","Common Ring","Ring","2","0.10","c\C_Ring_common05.NIF","c\tx_ring_common05.tga","","10",""
"common_ring_danar","Clothing","Danar's Ring","Ring","2","0.10","c\C_Ring_common02.NIF","c\tx_ring_common02.tga","","10",""
"common_ring_tsiya","Clothing","Tsiya's Ring","Ring","2","0.10","c\C_Ring_common02.NIF","c\tx_ring_common02.tga","","10",""
"common_robe_01","Clothing","Common Robe","Robe","2","3.00","c\C_M_Robe_common_01_GND.NIF","c\Tx_Robe_com01.tga","","10",""
"common_robe_02","Clothing","Common Robe","Robe","2","3.00","c\C_M_Robe_common_02_GND.NIF","c\Tx_Robe_com02.tga","","10",""
"common_robe_02_h","Clothing","Common Robe","Robe","2","3.00","c\C_M_Robe_common_05a_GND.NIF","c\Tx_Robe_com02h.tga","","10",""
"common_robe_02_hh","Clothing","Common Robe","Robe","2","3.00","c\C_M_Robe_common_02hh_GND.NIF","c\Tx_Robe_com02hh.tga","","10",""
"common_robe_02_r","Clothing","Common Robe","Robe","2","3.00","c\C_M_Robe_common_02r_GND.NIF","c\Tx_Robe_com02r.tga","","10",""
"common_robe_02_rr","Clothing","Common Robe","Robe","2","3.00","c\C_M_Robe_common_02rr_GND.NIF","c\Tx_Robe_com02rr.tga","","10",""
"common_robe_02_t","Clothing","Common Robe","Robe","2","3.00","c\C_M_Robe_common_02t_GND.NIF","c\Tx_Robe_com02t.tga","","10",""
"common_robe_02_tt","Clothing","Common Robe","Robe","2","3.00","c\C_M_Robe_common_02tt_GND.NIF","c\Tx_Robe_com02tt.tga","","10",""
"common_robe_03","Clothing","Common Robe","Robe","2","3.00","c\C_M_Robe_Common_3_GND.NIF","c\tx_Robe_com03.tga","","10",""
"common_robe_03_a","Clothing","Common Robe","Robe","2","3.00","c\C_M_Robe_common_03a_GND.NIF","c\tx_Robe_com03a.tga","","10",""
"common_robe_03_b","Clothing","Common Robe","Robe","2","3.00","c\C_M_Robe_common_03b_GND.NIF","c\tx_Robe_com03b.tga","","10",""
"common_robe_04","Clothing","Common Robe","Robe","2","3.00","c\C_M_Robe_Common_4_GND.NIF","c\tx_robe_com04.tga","","10",""
"common_robe_05","Clothing","Common Robe","Robe","2","3.00","c\C_M_Robe_Common_5_GND.NIF","c\tx_robe_com05.tga","","10",""
"common_robe_05_a","Clothing","Common Robe","Robe","2","3.00","c\C_M_Robe_common_05a_GND.NIF","c\Tx_Robe_com05a.tga","","10",""
"common_robe_05_b","Clothing","Common Robe","Robe","2","3.00","c\C_M_Robe_common_05b_GND.NIF","c\Tx_Robe_com05b.tga","","10",""
"common_robe_05_c","Clothing","Common Robe","Robe","2","3.00","c\C_M_Robe_common_05c_GND.NIF","c\Tx_Robe_com05c.tga","","10",""
"common_robe_EOT","Clothing","Common Robe","Robe","2","3.00","c\C_Robe_White_GND.NIF","c\Tx_Robe_White.dds","","10",""
"common_robe_unique","Clothing","Glenmoril Witch Robe","Robe","2","3.00","c\C_common_robe3blk_GND.NIF","C\Tx_Common_Robe3blk.dds","","10",""
"common_shirt_01","Clothing","Common Shirt","Shirt","4","2.00","c\C_M_Shirt_GND_common01.nif","c\TX_shirtcom01.tga","","20",""
"common_shirt_01_a","Clothing","Common Shirt","Shirt","4","2.00","c\C_M_Shirt_common_1_a_GND.NIF","c\Tx_shirt_common_1a.tga","","20",""
"common_shirt_01_e","Clothing","Common Shirt","Shirt","4","2.00","c\C_M_Shirt_common_1_e_GND.NIF","c\Tx_shirt_common_1e.tga","","20",""
"common_shirt_01_u","Clothing","Common Shirt","Shirt","4","2.00","c\C_M_Shirt_common_1_u_GND.NIF","c\tx_shirt_common_1u.tga","","20",""
"common_shirt_01_z","Clothing","Common Shirt","Shirt","4","2.00","c\C_M_Shirt_common_1_z_GND.NIF","c\Tx_shirt_common_1z.tga","","20",""
"common_shirt_02","Clothing","Common Shirt","Shirt","4","2.00","c\C_M_Shirt_GND_commonL02.nif","c\Tx_Shirtcom02.tga","","20",""
"common_shirt_02_h","Clothing","Common Shirt","Shirt","4","2.00","c\C_M_Shirt_Common_2_h_GND.nif","c\Tx_shirtcomm_2h.tga","","20",""
"common_shirt_02_hh","Clothing","Common Shirt","Shirt","4","2.00","c\C_M_Shirt_Common_2hh_GND.NIF","c\tx_shirtcomm_2hh.tga","","20",""
"common_shirt_02_r","Clothing","Common Shirt","Shirt","4","2.00","c\C_M_Shirt_Common_2_r_GND.nif","c\Tx_shirtcomm_2r.tga","","20",""
"common_shirt_02_rr","Clothing","Common Shirt","Shirt","4","2.00","c\C_M_Shirt_Common_2rr_GND.NIF","c\tx_shirtcomm_2rr.tga","","20",""
"common_shirt_02_t","Clothing","Common Shirt","Shirt","4","2.00","c\C_M_Shirt_Common_2_t_GND.nif","c\Tx_shirtcomm_2t.tga","","20",""
"common_shirt_02_tt","Clothing","Common Shirt","Shirt","4","2.00","c\C_M_Shirt_Common_2tt_GND.NIF","c\tx_shirtcomm_2tt.tga","","20",""
"common_shirt_03","Clothing","Common Shirt","Shirt","4","2.00","c\C_M_Shirt_Common_3_GND.nif","c\Tx_shirtcomm_03.tga","","20",""
"common_shirt_03_b","Clothing","Common Shirt","Shirt","4","2.00","c\C_M_Shirt_Common_3b_GND.nif","c\Tx_Shirtcomm_03_b.tga","","20",""
"common_shirt_03_c","Clothing","Common Shirt","Shirt","4","2.00","c\C_M_Shirt_Common_3c_GND.NIF","c\tx_shirtcomm_3_c.tga","","20",""
"common_shirt_04","Clothing","Common Shirt","Shirt","4","2.00","c\C_M_Shirt_GND_commonL04.nif","c\Tx_shirtcom04.tga","","20",""
"common_shirt_04_a","Clothing","Common Shirt","Shirt","4","2.00","c\C_M_Shirt_Common_4_a_GND.nif","c\Tx_shirtcom04_a.tga","","20",""
"common_shirt_04_b","Clothing","Common Shirt","Shirt","4","2.00","c\C_M_Shirt_Common_4_b_GND.nif","c\Tx_shirtcom04_b.tga","","20",""
"common_shirt_04_c","Clothing","Common Shirt","Shirt","4","2.00","c\C_M_Shirt_Common_4_c_GND.nif","c\Tx_shirtcom04_c.tga","","20",""
"common_shirt_05","Clothing","Common Shirt","Shirt","4","2.00","c\C_M_Shirt_common_5_GND.NIF","c\tx_shirt_common_5.tga","","20",""
"common_shirt_06","Clothing","Common Shirt","Shirt","4","2.00","c\C_M_Shirt_Common1_GND.NIF","c\Tx_Common1_cuirass.dds","","20",""
"common_shirt_07","Clothing","Common Shirt","Shirt","4","2.00","c\C_M_Shirt_Common2_GND.NIF","c\Tx_Common2_cuirass.dds","","20",""
"common_shirt_gondolier","Clothing","Gondolier Shirt","Shirt","6","6.00","c\C_M_Shirt_Gondolier_GND.NIF","c\tx_shirt_common_gond.tga","","100",""
"common_shoes_01","Clothing","Common Shoes","Shoes","2","3.00","c\C_M_Shoe_common01_GND.NIF","c\TX_shoecom01.tga","","10",""
"common_shoes_02","Clothing","Common Shoes","Shoes","2","3.00","c\C_M_Shoe_common02_GND.NIF","c\TX_C_shoecom01.tga","","10",""
"common_shoes_02_surefeet","Clothing","Surefeet","Shoes","2","3.00","c\C_M_Shoe_common02_GND.NIF","c\TX_C_shoecom01.tga","","10","surefeet_en_unique"
"common_shoes_03","Clothing","Common Shoes","Shoes","2","3.00","c\C_Shoes_common_3_GND.NIF","c\Tx_shoes_common_3.tga","","10",""
"common_shoes_04","Clothing","Common Shoes","Shoes","2","3.00","c\C_shoes_common_4_GND.NIF","c\tx_shoes_common_4.tga","","10",""
"common_shoes_05","Clothing","Common Shoes","Shoes","2","3.00","c\C_shoes_common_5_GND.NIF","c\tx_shoes_common_5.tga","","10",""
"common_shoes_06","Clothing","Common Shoes","Shoes","2","3.00","c\C_shoes_Common1_GND.NIF","c\Tx_Common1_Shoes.dds","","10",""
"common_shoes_07","Clothing","Common Shoes","Shoes","2","3.00","c\C_shoes_Common2_GND.NIF","c\Tx_Common2_Shoes.dds","","10",""
"common_skirt_01","Clothing","Common Skirt","Skirt","4","2.00","c\C_M_Skirt_Common_01_GND.nif","c\Tx_Skirt_com01.tga","","20",""
"common_skirt_02","Clothing","Common Skirt","Skirt","4","2.00","c\C_Skirt_common_2_GND.NIF","c\Tx_skirt_common_2.tga","","20",""
"common_skirt_03","Clothing","Common Skirt","Skirt","4","2.00","c\C_Skirt_common_3_GND.NIF","c\Tx_skirt_common_3.tga","","20",""
"common_skirt_04","Clothing","Common Skirt","Skirt","4","2.00","c\C_M_Skirt_Imperial_GND.nif","a\Tx_Imperial_skirt.tga","","20",""
"common_skirt_04_c","Clothing","Common Skirt","Skirt","4","2.00","c\C_M_Skirt_Common_04_c_GND.nif","c\Tx_skirt_com04_c.tga","","20",""
"common_skirt_05","Clothing","Common Skirt","Skirt","4","2.00","c\C_skirt_common_5_GND.NIF","c\Tx_skirt_common_5.tga","","20",""
"common_skirt_06","Clothing","Common Skirt","Skirt","4","2.00","c\C_Skirt_Common1_GND.NIF","c\Tx_Common1_Skirt.dds","","20",""
"common_skirt_07","Clothing","Common Skirt","Skirt","4","2.00","c\C_skirt_Common2_GND.NIF","c\Tx_Common2_Skirt.dds","","20",""
"crimson despair amulet","Clothing","Crimson Despair Amulet","Amulet","50","1.00","c\Amulet_Expensive_3.NIF","c\tx_amulet_expens3.tga","","600","crimson despair_en"
"cruel flamebolt ring","Clothing","Cruel Flamebolt Ring","Ring","8","0.10","c\C_Ring_common05.NIF","c\tx_ring_common05.tga","","10","cruel flamebolt_enu"
"cruel shardbolt ring","Clothing","Cruel Shardbolt Ring","Ring","8","0.10","c\C_Ring_common05.NIF","c\tx_ring_common05.tga","","10","cruel shardbolt_enu"
"cruel sparkbolt ring","Clothing","Cruel Sparkbolt Ring","Ring","8","0.10","c\C_Ring_common05.NIF","c\tx_ring_common05.tga","","10","cruel sparkbolt_enu"
"cruel viperbolt ring","Clothing","Cruel Viperbolt Ring","Ring","8","0.10","c\C_Ring_common05.NIF","c\tx_ring_common05.tga","","10","cruel viperbolt_enu"
"crying ring","Clothing","Crying Ring","Ring","8","0.10","c\C_Ring_common02.NIF","c\tx_ring_common02.tga","","150","crying eye_enu"
"Daedric_special","Clothing","Daedric Sanctuary Amulet","Amulet","3100","3.00","c\Amulet_Madstone.NIF","c\tx_amulet_Madstone.tga","amuletDaedraScript","150",""
"Daedric_special01","Clothing","Tel Fyr amulet","Amulet","3100","3.00","c\Amulet_Madstone.NIF","c\tx_amulet_Madstone.tga","amuletTelFyrScript","150",""
"Detect_Enchantment_ring","Clothing","Detect Enchantment Ring","Ring","30","0.10","c\C_Ring_expensive_3.NIF","c\tx_ring_expensive03.tga","","150","detect enchantment_en"
"dire flamebolt ring","Clothing","Dire Flamebolt Ring","Ring","10","0.10","c\C_Ring_common02.NIF","c\tx_ring_common02.tga","","10","dire flamebolt_en"
"dire shardbolt ring","Clothing","Dire Shardbolt Ring","Ring","10","0.10","c\C_Ring_common02.NIF","c\tx_ring_common02.tga","","10","dire shardbolt_en"
"dire sparkbolt ring","Clothing","Dire Sparkbolt Ring","Ring","13","0.10","c\C_Ring_common02.NIF","c\tx_ring_common02.tga","","10","dire sparkbolt_en"
"dire viperbolt ring","Clothing","Dire Viperbolt Ring","Ring","8","0.10","c\C_Ring_common02.NIF","c\tx_ring_common02.tga","","10","dire viperbolt_en"
"distraction ring","Clothing","Distraction Ring","Ring","13","0.10","c\C_Ring_common01.NIF","c\Tx_ring_common01.tga","","10","distraction_en"
"doze charm","Clothing","Doze Charm","Amulet","8","1.00","c\Amulet_Common_2.NIF","c\tx_amulet_com2.tga","","150","doze_en"
"ember hand","Clothing","Ember Hand","R. Glove","2","1.00","c\C_glove_common1_GND.NIF","c\tx_glove_common1.tga","","10","dire weakness to fire_EN"
"ember_hand","Clothing","Ember Hand","R. Glove","2","1.00","c\C_glove_common1_GND.NIF","c\tx_glove_common1.tga","","10","dire weakness to fire_EN"
"evil eye charm","Clothing","Evil Eye Charm","Amulet","13","1.00","c\Amulet_Common_1.NIF","c\tx_amulet_com1.tga","","10","evil eye_en"
"expensive_amulet_01","Clothing","Expensive Amulet","Amulet","30","1.00","c\Amulet_Expensive_1.NIF","c\tx_amulet_expens1.tga","","150",""
"expensive_amulet_02","Clothing","Expensive Amulet","Amulet","30","1.00","c\Amulet_Expensive_2.NIF","c\tx_amulet_expens2.tga","","150",""
"expensive_amulet_03","Clothing","Expensive Amulet","Amulet","30","1.00","c\Amulet_Expensive_3.NIF","c\tx_amulet_expens3.tga","","150",""
"expensive_amulet_aeta","Clothing","Expensive Amulet","Amulet","50","1.00","c\Amulet_Expensive_3.NIF","c\tx_amulet_expens3.tga","","150",""
"expensive_amulet_delyna","Clothing","Delyna's Locket","Amulet","30","1.00","c\Amulet_Expensive_1.NIF","c\tx_amulet_expens1.tga","","150",""
"expensive_amulet_methas","Clothing","Methas Hlaalu's Amulet","Amulet","150","1.00","c\Amulet_Expensive_3.NIF","c\tx_amulet_expens3.tga","","150",""
"expensive_belt_01","Clothing","Expensive Belt","Belt","10","1.00","c\C_belt_Expensive_1.NIF","c\tx_belt_expensive01.tga","","50",""
"expensive_belt_02","Clothing","Expensive Belt","Belt","10","1.00","c\C_belt_Expensive_2.NIF","c\tx_belt_expensive02.tga","","50",""
"expensive_belt_03","Clothing","Expensive Belt","Belt","10","1.00","c\C_belt_Expensive_3.NIF","c\tx_belt_expensive03.tga","","50",""
"expensive_glove_left_01","Clothing","Expensive Left Glove","L. Glove","10","1.00","c\C_glove_expensive1_GND.NIF","c\tx_glove_expensive1.tga","","50",""
"expensive_glove_left_ilmeni","Clothing","Ilmeni's glove","L. Glove","10","1.00","c\C_glove_expensive1_GND.NIF","c\tx_glove_expensive1.tga","","50",""
"expensive_glove_right_01","Clothing","Expensive Right Glove","R. Glove","10","1.00","c\C_glove_expensive1_GND.NIF","c\tx_glove_expensive1.tga","","50",""
"expensive_pants_01","Clothing","Expensive Pants","Pants","15","2.00","c\C_M_Pants_Expensive_1_GND.NIF","c\Tx_pants_expensive_1.tga","","75",""
"expensive_pants_01_a","Clothing","Expensive Pants","Pants","15","2.00","c\C_M_Pants_Expens_1_a_GND.NIF","c\tx_pants_expensive_1a.tga","","75",""
"expensive_pants_01_e","Clothing","Expensive Pants","Pants","15","2.00","c\C_M_Pants_expens_1_e_GND.NIF","c\tx_pants_expensive_1e.tga","","75",""
"expensive_pants_01_u","Clothing","Expensive Pants","Pants","15","2.00","c\C_M_Pants_Expens_1_u_GND.NIF","c\tx_pants_expensive_1u.tga","","75",""
"expensive_pants_01_z","Clothing","Expensive Pants","Pants","15","2.00","c\C_M_Pants_Expens_1_z_GND.NIF","c\tx_pants_expensive_1z.tga","","75",""
"expensive_pants_02","Clothing","Expensive Pants","Pants","15","2.00","c\C_M_Pants_expensive_2_GND.nif","c\Tx_pants_expensive_2.tga","","75",""
"expensive_pants_03","Clothing","Expensive Pants","Pants","15","2.00","c\C_M_Pants_Expens_3_GND.NIF","c\tx_pants_expensive_3.tga","","75",""
"Expensive_pants_Mournhold","Clothing","Expensive Pants","Pants","15","2.00","c\C_M_Pants_Mournhold_GND.NIF","c\Tx_Mournhold_greaves.dds","","75",""
"expensive_ring_01","Clothing","Expensive Ring","Ring","30","0.10","c\C_Ring_expensive_1.NIF","c\tx_ring_expensive01.tga","","150",""
"expensive_ring_01_BILL","Clothing","Expensive Ring","Ring","30","0.10","c\C_Ring_expensive_1.NIF","c\tx_ring_expensive01.tga","","150",""
"Expensive_Ring_01_HRDT","Clothing","Nervion Ancestor Ring","Ring","30","0.10","c\c_ring_expensive_1.nif","c\tx_ring_expensive01.tga","","150","summon ancestral ghost_en"
"expensive_ring_02","Clothing","Expensive Ring","Ring","30","0.10","c\C_Ring_expensive_2.NIF","c\tx_ring_expensive02.tga","","150",""
"expensive_ring_03","Clothing","Expensive Ring","Ring","30","0.10","c\C_Ring_expensive_3.NIF","c\tx_ring_expensive03.tga","","150",""
"expensive_ring_aeta","Clothing","Expensive Ring","Ring","50","0.10","c\C_Ring_expensive_3.NIF","c\tx_ring_expensive03.tga","","150",""
"expensive_ring_erna","Clothing","Erna the Quiet's Ring","Ring","30","0.10","c\C_Ring_expensive_3.nif","c\tx_ring_expensive03.tga","","150",""
"expensive_robe_01","Clothing","Expensive Robe","Robe","10","3.00","c\C_M_Robe_expensive_1_GND.NIF","c\Tx_robe_expensive_1.tga","","50",""
"expensive_robe_02","Clothing","Expensive Robe","Robe","10","3.00","c\C_M_Robe_Expensive_2_GND.nif","c\Tx_robe_expensive_2.tga","","50",""
"expensive_robe_02_a","Clothing","Expensive Robe","Robe","10","3.00","c\C_M_Robe_expensive_2a_GND.NIF","c\Tx_robe_expensive_2a.tga","","50",""
"expensive_robe_03","Clothing","Expensive Robe","Robe","10","3.00","c\C_M_Robe_Expens_3_GND.NIF","c\tx_Robe_expensive_3.tga","","50",""
"expensive_shirt_01","Clothing","Expensive Shirt","Shirt","15","2.00","c\C_M_Shirt_Expensive_1_GND.NIF","c\Tx_shirt_expensive_1.tga","","75",""
"expensive_shirt_01_a","Clothing","Expensive Shirt","Shirt","15","2.00","c\C_M_Shirt_Expens_1_a_GND.NIF","c\tx_shirt_expensive_1a.tga","","75",""
"expensive_shirt_01_e","Clothing","Expensive Shirt","Shirt","15","2.00","c\C_M_Shirt_expens_1_e_GND.NIF","c\tx_shirt_expensive_1e.tga","","75",""
"expensive_shirt_01_u","Clothing","Expensive Shirt","Shirt","15","2.00","c\C_M_Shirt_Expens_1_u_GND.NIF","c\tx_shirt_expensive_1u.tga","","75",""
"expensive_shirt_01_z","Clothing","Expensive Shirt","Shirt","15","2.00","c\C_M_Shirt_Expens_1_z_GND.NIF","c\tx_shirt_expensive_1z.tga","","75",""
"expensive_shirt_02","Clothing","Expensive Shirt","Shirt","15","2.00","c\C_M_Shirt_expensive_2_GND.nif","c\Tx_shirt_expensive_2.tga","","75",""
"expensive_shirt_03","Clothing","Expensive Shirt","Shirt","15","2.00","c\C_M_Shirt_expens_3_GND.NIF","c\tx_shirt_expensive_3.tga","","75",""
"expensive_shirt_hair","Clothing","Hair Shirt of Saint Aralor","Shirt","100","2.00","c\C_Shirt_Aralor_GND.NIF","c\tx_shirt_Aralor.tga","","75","hair shirt "
"Expensive_shirt_Mournhold","Clothing","Expensive Shirt","Shirt","1","1.00","c\C_M_Shirt_Mournhold_GND.NIF","c\Tx_Mournhold_cuirass.tga","","100",""
"expensive_shoes_01","Clothing","Expensive Shoes","Shoes","10","3.00","c\C_M_Shoe_Expens_1_GND.NIF","c\tx_shoes_expensive_1.tga","","50",""
"expensive_shoes_02","Clothing","Expensive Shoes","Shoes","10","3.00","c\C_shoes_expensive_2_GND.NIF","c\tx_shoes_expensive_2.tga","","50",""
"expensive_shoes_03","Clothing","Expensive Shoes","Shoes","10","3.00","c\C_shoes_expensive_3_GND.NIF","c\Tx_shoes_expensive_3.tga","","50",""
"Expensive_shoes_Mournhold","Clothing","Expensive Shoes","Shoes","10","3.00","c\C_shoes_Mournhold_GND.NIF","c\Tx_Mournhold_Shoes.dds","","50",""
"expensive_skirt_01","Clothing","Expensive Skirt","Skirt","15","2.00","c\C_Skirt_expensive_1_GND.NIF","c\tx_skirt_expensive_1.tga","","75",""
"expensive_skirt_02","Clothing","Expensive Skirt","Skirt","15","2.00","c\C_Skirt_expensive_2_GND.NIF","c\tx_skirt_expensive_2.tga","","75",""
"expensive_skirt_03","Clothing","Expensive Shirt","Skirt","15","2.00","c\C_Skirt_expensive_3_GND.NIF","c\tx_skirt_expensive_3.tga","","75",""
"expensive_skirt_04","Clothing","Expensive Skirt","Skirt","15","2.00","c\C_Skirt_Mournhold.NIF","c\Tx_Mournhold_Skirt.dds","","75",""
"expensive_skirt_Mournhold","Clothing","Expensive Skirt","Skirt","15","2.00","c\C_Skirt_Mournhold_GND.NIF","c\Tx_Mournhold_Skirt.dds","","75",""
"exquisite_amulet_01","Clothing","Exquisite Amulet","Amulet","240","1.00","c\Amulet_Exquisit_1.NIF","c\tx_amulet_exquisite1.tga","","1200",""
"Exquisite_Amulet_Arobar1","Clothing","Arobar's Amulet","Amulet","240","1.00","c\amulet_exquisit_1.nif","c\tx_amulet_exquisite1.tga","","1200","arobar_amulet_en_uniq"
"exquisite_amulet_hlervu1","Clothing","Hlervu Locket","Amulet","240","1.00","c\Amulet_Exquisit_1.NIF","c\tx_amulet_exquisite1.tga","","1200",""
"exquisite_belt_01","Clothing","Exquisite Belt","Belt","80","1.00","c\C_belt_Exquisite_1.NIF","c\tx_belt_exquisite01.tga","","400",""
"exquisite_pants_01","Clothing","Exquisite Pants","Pants","120","2.00","c\C_M_Pants_exqisite_1_GND.NIF","c\tx_pants_exquisite_1.tga","","600",""
"exquisite_ring_01","Clothing","Exquisite Ring","Ring","240","0.10","c\C_Ring_exquisite_1.NIF","c\tx_ring_exquisite01.tga","","1200",""
"exquisite_ring_02","Clothing","Exquisite Ring","Ring","240","0.10","c\C_Ring_exquisite_1.NIF","c\tx_ring_exquisite01.tga","","1200",""
"exquisite_ring_brallion","Clothing","Brallion's Exquisite Ring","Ring","40","0.10","c\C_Ring_exquisite_1.NIF","c\tx_ring_exquisite01.tga","","1200",""
"exquisite_ring_processus","Clothing","Processus Vitellius' Ring","Ring","240","0.10","c\C_Ring_exquisite_1.NIF","c\tx_ring_exquisite01.tga","","1200",""
"exquisite_robe_01","Clothing","Exquisite Robe","Robe","80","3.00","c\C_M_Robe_Exquisite_1_GND.nif","c\Tx_Robe_exquisite_1.tga","","400",""
"exquisite_robe_drake's pride","Clothing","Robe of the Drake's Pride","Robe","205","3.00","c\C_M_Robe_Exquisite_1_GND.nif","c\Tx_Robe_exquisite_1.tga","","400","drakespride_en_uniq"
"exquisite_shirt_01","Clothing","Exquisite Shirt","Shirt","120","2.00","c\C_M_Shirt_Exquisite_1_GND.NIF","c\tx_shirt_exquisite_1.tga","","600",""
"exquisite_shirt_01_rasha","Clothing","Exquisite Shirt","Shirt","120","2.00","c\C_M_Shirt_Exquisite_1_GND.NIF","c\tx_shirt_exquisite_1.tga","","600",""
"exquisite_shirt_01_wedding","Clothing","Ashkhan's Wedding Gift","Shirt","120","2.00","c\C_M_Shirt_Exquisite_1_GND.NIF","c\tx_shirt_exquisite_1.tga","","600",""
"exquisite_shoes_01","Clothing","Exquisite Shoes","Shoes","80","3.00","c\C_shoes_exquisite_1_GND.NIF","c\tx_shoes_exquisite_1.tga","","400",""
"exquisite_skirt_01","Clothing","Exquisite Skirt","Skirt","120","2.00","c\C_Skirt_exquisite_1_GND.NIF","c\tx_skirt_exquisite_1.tga","","600",""
"extravagant_amulet_01","Clothing","Extravagant Sapphire Amulet","Amulet","120","1.00","c\Amulet_Extravagant_1.NIF","c\tx_amulet_extrav1.tga","","600",""
"extravagant_amulet_02","Clothing","Extravagant Ruby Amulet","Amulet","120","1.00","c\Amulet_Extravagant_2.NIF","c\tx_amulet_extrav2.tga","","600",""
"extravagant_belt_01","Clothing","Extravagant Belt","Belt","40","1.00","c\C_belt_Extravagant_1.NIF","c\tx_belt_extravagant01.tga","","200",""
"extravagant_belt_02","Clothing","Extravagant Belt","Belt","40","1.00","c\C_belt_Extravagant_2.NIF","c\tx_belt_extravagant02.tga","","200",""
"extravagant_belt_hf","Clothing","Belt of Heartfire","Belt","20000","4.00","c\C_belt_Extravagant_1.NIF","c\tx_belt_extravagant01.tga","","200","ward of uthol"
"extravagant_glove_left_01","Clothing","Extravagant Left Glove","L. Glove","40","1.00","c\c_glove_extravagant1_GND.NIF","c\tx_glove_extravagant_1.tga","","200",""
"extravagant_glove_left_maur","Clothing","Maurrie's Left Glove","L. Glove","40","1.00","c\c_glove_extravagant1_GND.NIF","c\tx_glove_extravagant_1.tga","","200",""
"extravagant_glove_right_01","Clothing","Extravagant Right Glove","R. Glove","40","1.00","c\c_glove_extravagant1_GND.NIF","c\tx_glove_extravagant_1.tga","","200",""
"extravagant_glove_right_maur","Clothing","Maurrie's Right Glove","R. Glove","40","1.00","c\c_glove_extravagant1_GND.NIF","c\tx_glove_extravagant_1.tga","","200",""
"extravagant_pants_01","Clothing","Extravagant Pants","Pants","60","2.00","c\C_M_Pants_extrav_1_GND.NIF","c\tx_pants_extrav_1.tga","","300",""
"extravagant_pants_02","Clothing","Extravagant Pants","Pants","60","2.00","c\C_M_Pants_Extrav_2_GND.NIF","c\tx_pants_extrav_2.tga","","300",""
"extravagant_ring_01","Clothing","Extravagant Ring","Ring","120","0.10","c\C_Ring_extravagant_1.NIF","c\tx_ring_extravagant01.tga","","600",""
"extravagant_ring_02","Clothing","Extravagant Ring","Ring","120","0.10","c\C_Ring_extravagant_2.NIF","c\tx_ring_extravagant02.tga","","600",""
"extravagant_ring_aund_uni","Clothing","Aundae Signet Ring","Ring","120","0.10","c\C_Ring_extravagant_2.NIF","c\tx_ring_extravagant02.tga","","600",""
"extravagant_robe_01","Clothing","Extravagant Robe","Robe","40","3.00","c\C_M_Robe_Extrav_1_GND.NIF","c\tx_robe_extrav_1.tga","","200",""
"extravagant_robe_01_a","Clothing","Extravagant Robe","Robe","40","3.00","c\C_M_Robe_Extrav_1a_GND.NIF","c\tx_robe_extrav_1a.tga","","200",""
"extravagant_robe_01_b","Clothing","Extravagant Robe","Robe","40","3.00","c\C_M_Robe_Extrav_1b_GND.NIF","c\tx_robe_extrav_1b.tga","","200",""
"extravagant_robe_01_c","Clothing","Extravagant Robe","Robe","40","3.00","c\C_M_Robe_Extrav_1c_GND.NIF","c\Tx_Robe_Extrav_1c.tga","","200",""
"extravagant_robe_01_h","Clothing","Extravagant Robe","Robe","40","3.00","c\C_M_Robe_Extrav_1h_GND.NIF","c\tx_robe_extrav_1h.tga","","200",""
"extravagant_robe_01_r","Clothing","Extravagant Robe","Robe","40","3.00","c\C_M_Robe_Extrav_1r_GND.NIF","c\tx_robe_extrav_1r.tga","","200",""
"Extravagant_Robe_01_Red","Clothing","Redas Robe of Deeds","Robe","225","3.00","c\C_M_Robe_Extrav_1_GND.NIF","c\tx_robe_extrav_1.tga","","200","redasRobe_en"
"extravagant_robe_01_t","Clothing","Extravagant Robe","Robe","40","3.00","c\C_M_Robe_Extrav_1t_GND.NIF","c\tx_robe_extrav_1t.tga","","200",""
"extravagant_robe_02","Clothing","Extravagant Robe","Robe","40","3.00","c\C_M_Robe_Extrav_2_GND.NIF","c\tx_robe_extrav_2.tga","","200",""
"extravagant_robe_02_elanande","Clothing","Elanande's Robe","Robe","50","3.00","c\C_M_Robe_Extrav_2_GND.NIF","c\tx_robe_extrav_2.tga","","200","robe_elanande_en"
"extravagant_rt_art_wild","Clothing","Gambolpuddy","R. Glove","16000","1.00","c\c_glove_extravagant1_GND.NIF","c\tx_glove_extravagant_1.tga","","200","wildjack"
"extravagant_shirt_01","Clothing","Extravagant Shirt","Shirt","60","2.00","c\C_M_Shirt_extrav_1_GND.NIF","c\Tx_Shirt_extrav01.tga","","300",""
"extravagant_shirt_01_h","Clothing","Extravagant Shirt","Shirt","60","2.00","c\C_M_Shirt_extrav_1_hGND.NIF","c\tx_shirt_extrav_1h.tga","","300",""
"extravagant_shirt_01_r","Clothing","Extravagant Shirt","Shirt","60","2.00","c\C_M_Shirt_extrav_1_rGND.NIF","c\tx_shirt_extrav_1r.tga","","300",""
"extravagant_shirt_01_t","Clothing","Extravagant Shirt","Shirt","60","2.00","c\C_M_Shirt_extrav_1_tGND.NIF","c\Tx_shirt_extrav_1t.tga","","300",""
"extravagant_shirt_02","Clothing","Extravagant Shirt","Shirt","60","2.00","c\C_M_Shirt_Extrav_2_GND.NIF","c\tx_shirt_extrav02.tga","","300",""
"extravagant_shoes_01","Clothing","Extravagant Shoes","Shoes","40","3.00","c\C_shoes_extrav_1_GND.NIF","c\tx_shoes_extrav_1.tga","","200",""
"extravagant_shoes_02","Clothing","Extravagant Shoes","Shoes","40","3.00","c\C_shoes_Extrav_2_GND.NIF","c\tx_shoes_extrav_2.tga","","200",""
"extravagant_skirt_01","Clothing","Extravagant Skirt","Skirt","60","2.00","c\C_Skirt_extravagant_1GND.NIF","c\tx_skirt_extravagant_1.tga","","300",""
"extravagant_skirt_02","Clothing","Extravagant Skirt","Skirt","60","2.00","c\C_Skirt_extravagant_2GND.NIF","c\tx_skirt_extravagant_2.tga","","300",""
"eye-maze ring","Clothing","Eye-Maze Ring","Ring","69","0.10","c\C_Ring_expensive_3.NIF","c\tx_ring_expensive03.tga","","10","golanar's eye-maze_en"
"father's belt","Clothing","Father's Belt","Belt","25","1.00","c\C_belt_Expensive_1.NIF","c\tx_belt_expensive01.tga","","50","father's hand_en"
"feather belt","Clothing","Feather Belt","Belt","38","1.00","c\C_belt_Expensive_2.NIF","c\tx_belt_expensive02.tga","","50","feather_en"
"feather ring","Clothing","Feather Ring","Ring","75","0.10","c\C_Ring_expensive_2.NIF","c\tx_ring_expensive02.tga","","150","feather_en"
"fenrick's doorjam ring","Clothing","Fenrick's Doorjam Ring","Ring","5","0.10","c\C_Ring_common01.NIF","c\Tx_ring_common01.tga","","10","fenrick's doorjam_en"
"fighter_ring","Clothing","Fighter Ring","Ring","10","0.10","c\C_Ring_common02.NIF","c\tx_ring_common02.tga","","10","fighter_en"
"firestone","Clothing","Firestone","Ring","11","0.10","c\C_Ring_common02.NIF","c\tx_ring_common02.tga","","10","burning touch_enu"
"first barrier belt","Clothing","First Barrier Belt","Belt","15","1.00","c\C_belt_Common_4.NIF","c\tx_belt_common04.tga","","10","first barrier_en"
"first barrier ring","Clothing","First Barrier Ring","Ring","15","0.10","c\C_Ring_common02.NIF","c\tx_ring_common02.tga","","10","first barrier_en"
"flamebolt ring","Clothing","Flamebolt Ring","Ring","5","0.10","c\C_Ring_common04.NIF","c\tx_ring_common04.tga","","10","flamebolt_enu"
"flameeater robe","Clothing","Flameeater Robe","Robe","463","2.00","c\C_M_Robe_Extrav_1t_GND.NIF","c\tx_robe_extrav_1t.tga","","300","flameeater robe_en"
"flameguard robe","Clothing","Flameguard Robe","Robe","78","3.00","c\C_M_Robe_common_02t_GND.NIF","c\Tx_Robe_com02t.tga","","10","flameguard_en"
"flamemirror robe","Clothing","Flamemirror Robe","Robe","4380","3.00","c\C_M_Robe_Extrav_1t_GND.NIF","c\tx_robe_extrav_1t.tga","","200","flamemirror robe_en"
"foe-grinder","Clothing","Foe-Grinder","Ring","500","0.10","c\C_Ring_common05.NIF","c\tx_ring_common05.tga","","100","foe-grinder_EN"
"foe-quern","Clothing","Foe-Quern","Ring","500","0.10","c\C_Ring_common05.NIF","c\tx_ring_common05.tga","","100","foe-quern_EN"
"founder's belt","Clothing","Founder's Belt","Belt","63","1.00","c\C_belt_Extravagant_1.NIF","c\tx_belt_extravagant01.tga","","400","founder's belt_en"
"frosteater robe","Clothing","Frosteater Robe","Robe","463","2.00","c\C_M_Robe_Extrav_1t_GND.NIF","c\tx_robe_extrav_1t.tga","","300","frosteater robe_en"
"frostguard robe","Clothing","Frostguard Robe","Robe","78","3.00","c\C_M_Robe_common_02t_GND.NIF","c\Tx_Robe_com02t.tga","","10","frostguard_en"
"frostmirror robe","Clothing","Frostmirror Robe","Robe","438","3.00","c\C_M_Robe_Extrav_1t_GND.NIF","c\tx_robe_extrav_1t.tga","","200","frostmirror robe_en"
"fuddle charm","Clothing","Fuddle Charm","Amulet","12","1.00","c\Amulet_Common_1.NIF","c\tx_amulet_com1.tga","","10","fuddle_en"
"ghost charm","Clothing","Ghost Charm","Amulet","203","1.00","c\Amulet_Extravagant_2.NIF","c\tx_amulet_extrav2.tga","","150","summon ancestral ghost_en"
"glenmoril_ring_BM","Clothing","","Ring","0","0.10","c\C_Ring_expensive_3.NIF","c\tx_ring_expensive03.tga","GlenmorilRing","10",""
"graveward amulet","Clothing","Graveward Amulet","Amulet","240","1.00","c\Amulet_Exquisit_1.NIF","c\tx_amulet_exquisite1.tga","","1200","summon skeletal minion_en"
"gripes charm","Clothing","Gripes Charm","Amulet","2","1.00","c\Amulet_Common_1.NIF","c\tx_amulet_com1.tga","","10","gripes_en"
"hawkshaw ring","Clothing","Hawkshaw Ring","Ring","2","0.10","c\C_Ring_common02.NIF","c\tx_ring_common02.tga","","10","tevral's hawkshaw_en"
"heart ring","Clothing","Heart Ring","Ring","30000","0.20","c\Artifact_amulet_hring_01.NIF","c\Tx_ashv_r_hthrum_01.tga","","150","ward of dagoth"
"heart_of_fire","Clothing","Sanit-Kil's Heart of Fire","Amulet","600","1.00","c\Amulet_Expensive_1.NIF","c\tx_amulet_expens1.tga","","150","fireheart_en"
"heartbite ring","Clothing","Heartbite Ring","Ring","68","0.10","c\C_Ring_expensive_1.NIF","c\tx_ring_expensive01.tga","","150","heartbite_en"
"hearth belt","Clothing","Hearth Belt","Belt","29","1.00","c\C_belt_Expensive_1.NIF","c\tx_belt_expensive01.tga","","50","hearth heal_en"
"heartstone","Clothing","Heartstone","Ring","6","0.10","c\C_Ring_common03.NIF","c\tx_ring_common03.tga","","1200","fortitude_en"
"Helseth's Collar","Clothing","Helseth's Collar","Amulet","120","1.00","c\Amulet_Extravagant_2.NIF","c\tx_amulet_extrav2.tga","","600","helseth's collar_en"
"Helseth's Ring","Clothing","Royal Signet Ring","Ring","10000","0.10","c\C_Ring_expensive_1.NIF","c\tx_ring_expensive01.tga","","150","helseth_ring_en"
"Helseth's Robe","Clothing","Frostguard Robe","Robe","78","3.00","c\C_M_Helseth_Robe_GND.NIF","c\Tx_robe_Helseth.dds","","10",""
"herder's belt","Clothing","Herder's Belt","Belt","15","1.00","c\C_belt_Common_1.NIF","c\tx_belt_common01.tga","","10","first barrier_en"
"hex charm","Clothing","Hex Charm","Amulet","12","1.00","c\Amulet_Common_1.NIF","c\tx_amulet_com1.tga","","10","hex_en"
"hlervu_locket_unique","Clothing","Hlervu Locket","Amulet","4","1.00","c\Amulet_Common_3.NIF","c\tx_amulet_com3.tga","","10","lock_en"
"hoptoad ring","Clothing","Hoptoad Ring","Ring","115","0.10","c\C_Ring_common02.NIF","c\tx_ring_common02.tga","","10","tinur's hoptoad_en"
"hort_ledd_robe_unique","Clothing","Hort-Ledd's Robe","Robe","400","3.00","c\C_M_Robe_Extrav_1b_GND.NIF","c\tx_robe_extrav_1b.tga","","200","hort_ledd_shield"
"hortatorbelt","Clothing","Belt of the Hortator","Belt","1460","1.00","c\C_belt_Exquisite_1.NIF","c\tx_belt_exquisite01.tga","","400","hortatorbelt_uniq"
"hortatorring","Clothing","Ring of the Hortator","Ring","658","0.10","c\C_Ring_exquisite_1.NIF","c\tx_ring_exquisite01.tga","","1200","hortatorring_uniq"
"hortatorrobe","Clothing","Robe of the Hortator","Robe","300","3.00","c\C_M_Robe_Exquisite_1_GND.nif","c\Tx_Robe_exquisite_1.tga","","400","hortatorrobe_uniq"
"hroldar_ring","Clothing","","Ring","0","0.10","c\C_Ring_expensive_3.NIF","c\tx_ring_expensive03.tga","HroldarRing","10",""
"hunter's belt","Clothing","Hunter's Belt","Belt","38","1.00","c\C_belt_Expensive_3.NIF","c\tx_belt_expensive03.tga","","10","second barrier_en"
"imperial belt","Clothing","Imperial Belt","Belt","2","2.00","c\C_belt_Common_1.NIF","c\tx_belt_common01.tga","","5",""
"imperial skirt_clothing","Clothing","Imperial Skirt","Skirt","4","2.00","c\C_M_Skirt_Imperial_GND.nif","a\Tx_Imperial_skirt.tga","","5",""
"indoril_belt","Clothing","Indoril Belt","Belt","5","2.00","c\C_belt_Common_2.NIF","c\tx_belt_common02.tga","","5",""
"juicedaw ring","Clothing","Juicedaw Feather Ring","Ring","213","0.10","c\C_Ring_extravagant_1.NIF","c\tx_ring_extravagant01.tga","","10","ulms juicedaw's feather_en"
"Julielle_Aumines_Amulet","Clothing","Julielle Aumine's Amulet","Amulet","2","1.00","c\Amulet_Common_2.NIF","c\tx_amulet_com2.tga","","10",""
"khan belt","Clothing","Khan Belt","Belt","100","1.00","c\C_belt_Extravagant_1.NIF","c\tx_belt_extravagant01.tga","","50","fourth barrier_en"
"Left_Hand_of_Zenithar","Clothing","Left Hand of Zenithar","L. Glove","100","1.00","c\C_glove_expensive1_GND.NIF","c\tx_glove_expensive1.tga","","50","Left Hand of Zenithar_EN"
"Left_Hand_of_Zenithar_EN","Clothing","Left Hand of Zenithar","L. Glove","100","1.00","c\C_glove_expensive1_GND.NIF","c\tx_glove_expensive1.tga","","50","Left Hand of Zenithar_EN"
"life belt","Clothing","Life Belt","Belt","9","1.00","c\C_belt_Common_3.NIF","c\tx_belt_common03.tga","","10","veloth's benison_en"
"life ring","Clothing","Life Ring","Ring","9","0.10","c\C_Ring_common03.NIF","c\tx_ring_common03.tga","","10","veloth's benison_en"
"lifestone","Clothing","Lifestone","Ring","5","0.10","c\C_Ring_common04.NIF","c\tx_ring_common04.tga","","10","vitality_en"
"light amulet","Clothing","Light Amulet","Amulet","14","1.00","c\Amulet_Common_4.NIF","c\tx_amulet_com4.tga","","10","light_en"
"light ring","Clothing","Light Ring","Ring","49","0.10","c\C_Ring_expensive_2.NIF","c\tx_ring_expensive02.tga","","150","light_en"
"Linus_Iulus_Maran Amulet","Clothing","Linus Iulus' Maran Amulet","Amulet","300","1.00","c\Amulet_Expensive_3.NIF","c\tx_amulet_expens3.tga","","150","Maran Blessing_EN"
"Linus_Iulus_Stendarran_Belt","Clothing","Linus Iulus' Stendarran Belt","Belt","300","1.00","c\C_belt_Expensive_3.NIF","c\tx_belt_expensive03.tga","","50","Stendarran Blessing_EN"
"madstone","Clothing","Madstone of the Ahemmusa","Amulet","2000","1.10","c\Amulet_Madstone.NIF","c\tx_amulet_Madstone.tga","","150","madstone_en"
"mage_ring","Clothing","Mage Ring","Ring","10","0.10","c\C_Ring_common03.NIF","c\tx_ring_common03.tga","","10","mage_en"
"magickguard robe","Clothing","Magickguard Robe","Robe","78","3.00","c\C_M_Robe_common_02t_GND.NIF","c\Tx_Robe_com02t.tga","","300","magickguard_en"
"malipu_ataman's_belt","Clothing","Malipu-Ataman's Belt ","Belt","95","1.00","c\C_belt_Expensive_1.NIF","c\tx_belt_expensive01.tga","","50","malipu-ataman_en"
"mandas_locket","Clothing","Mandas Family Locket","Amulet","240","1.00","c\Amulet_Exquisit_1.NIF","c\tx_amulet_exquisite1.tga","","1200",""
"mantle of woe","Clothing","Mantle of Woe","Robe","10000","3.00","c\C_M_Robe_Extrav_1_GND.nif","c\tx_robe_extrav_1.tga","","100","mantle_woe_en"
"Maran Amulet","Clothing","Maran Amulet","Amulet","300","1.00","c\Amulet_Expensive_3.NIF","c\tx_amulet_expens3.tga","","150","Maran Blessing_EN"
"Maras_Blouse","Clothing","Mara's Blouse","Shirt","400","2.00","c\C_M_Shirt_Common_4_c_GND.nif","c\Tx_shirtcom04_c.tga","","20","will_en"
"Maras_Skirt","Clothing","Mara's Skirt","Skirt","400","2.00","c\C_M_Skirt_Common_04_c_GND.nif","c\Tx_skirt_com04_c.tga","","20","health_en"
"Mark_Ring","Clothing","Mark Ring","Ring","100","0.10","c\C_Ring_expensive_1.NIF","c\tx_ring_expensive01.tga","","150","markring_en"
"mazed_band","Clothing","Barilzar's Mazed Band","Ring","30","0.10","c\C_Ring_expensive_3.NIF","c\tx_ring_expensive03.tga","mazedbandScript","150",""
"mazed_band_end","Clothing","Barilzar's Mazed Band","Ring","30","0.10","c\C_Ring_expensive_3.NIF","c\tx_ring_expensive03.tga","mazedbandEnd_Script","150","mazedband"
"moon_and_star","Clothing","Moon-and-Star","Ring","2000","0.10","c\C_Ring_MoonNStar.NIF","c\tx_ring_moonstar.tga","MoonAndStar","1200","moon_and_star_en"
"mother's ring","Clothing","Mother's Ring","Ring","12","0.10","c\C_Ring_common01.NIF","c\Tx_ring_common01.tga","","10","mother's kiss_en"
"murdrum ring","Clothing","Murdrum Ring","Ring","75","0.10","c\C_Ring_expensive_2.NIF","c\tx_ring_expensive02.tga","","10","sanil's murdrum_en"
"necromancers_amulet_uniq","Clothing","Necromancer's Amulet","Amulet","240","1.00","c\Amulet_Exquisit_1.NIF","c\tx_amulet_exquisite1.tga","","1200","necromancers_amulet_en"
"Nuccius_ring","Clothing","Nuccius's Cursed Ring","Ring","100","0.10","c\C_Ring_extravagant_1.NIF","c\tx_ring_extravagant01.tga","","600","Nuccius_Curse_EN"
"ondusi's key","Clothing","Ondusi's Key","Ring","20","0.10","c\C_Ring_common02.NIF","c\tx_ring_common02.tga","","10","ondusi's open door_en"
"othril_ring","Clothing","Othril Ring","Ring","30","0.10","c\C_Ring_expensive_1.NIF","c\tx_ring_expensive01.tga","","10",""
"peakstar_belt_unique","Clothing","Embroidered belt","Belt","20","1.00","c\C_belt_Common_4.NIF","c\tx_belt_common04.tga","","10","iron will_peakstar_en"
"peakstar_pants_unique","Clothing","Travel-stained Pants","Pants","40","2.00","c\C_M_Pants_common_1_u_GND.NIF","c\tx_pants_common_1u.tga","","20","levitate_peakstar_en"
"poisoneater robe","Clothing","Poisoneater Robe","Robe","463","3.00","c\C_M_Robe_Extrav_1t_GND.NIF","c\tx_robe_extrav_1t.tga","","300","poisoneater robe_en"
"poisonguard robe","Clothing","Poisonguard Robe","Robe","78","3.00","c\C_M_Robe_common_02t_GND.NIF","c\Tx_Robe_com02t.tga","","10","poisonguard_en"
"poisonmirror robe","Clothing","Poisonmirror Robe","Robe","438","3.00","c\C_M_Robe_Extrav_1t_GND.NIF","c\tx_robe_extrav_1t.tga","","200","poisonmirror robe_en"
"Recall_Ring","Clothing","Recall Ring","Ring","100","0.10","c\C_Ring_expensive_3.NIF","c\tx_ring_expensive03.tga","","150","recallring_en"
"red despair amulet","Clothing","Red Despair Amulet","Amulet","14","1.00","c\Amulet_Common_2.NIF","c\tx_amulet_com2.tga","","10","red despair_enu"
"Restoration_Shirt","Clothing","Restoration Shirt","Shirt","4","2.00","c\C_M_Shirt_Common_4_c_GND.nif","c\Tx_shirtcom04_c.tga","","20","vigor_en"
"Right_Hand_of_Zenithar","Clothing","Right Hand of Zenithar","R. Glove","100","1.00","c\C_glove_expensive1_GND.NIF","c\tx_glove_expensive1.tga","","50","Right Hand of Zenithar_EN"
"ring of aversion","Clothing","Ring of Aversion","Ring","63","0.10","c\C_Ring_expensive_3.NIF","c\tx_ring_expensive03.tga","","10","brevusa's averted eyes_en"
"ring of azura","Clothing","Ring of Azura","Ring","8000","0.10","c\C_Ring_exquisite_1.NIF","c\tx_ring_exquisite01.tga","ringAzuraScript","10","azura's ring"
"ring of exhaustion","Clothing","Ring of Exhaustion","Ring","44","0.10","c\C_Ring_expensive_2.NIF","c\tx_ring_expensive02.tga","","600","exhaustion_en"
"ring of fire storm","Clothing","Ring of Fire Storm","Ring","53","0.10","c\C_Ring_expensive_3.NIF","c\tx_ring_expensive03.tga","","150","fire storm_en"
"ring of fireball","Clothing","Ring of Fireball","Ring","59","0.10","c\C_Ring_expensive_2.NIF","c\tx_ring_expensive02.tga","","150","fireball_en"
"ring of fireballs","Clothing","Ring of Fireballs","Ring","171","0.10","c\C_Ring_extravagant_1.NIF","c\tx_ring_extravagant01.tga","","600","fireball_en"
"ring of firefist","Clothing","Ring of Firefist","Ring","51","0.10","c\C_Ring_expensive_3.NIF","c\tx_ring_expensive03.tga","","150","firefist_en"
"ring of fleabite","Clothing","Ring of Fleabite","Ring","9","0.10","c\C_Ring_common04.NIF","c\tx_ring_common04.tga","","10","fleabite_en"
"ring of hornhand","Clothing","Ring of Hornhand","Ring","15","0.10","c\C_Ring_common05.NIF","c\tx_ring_common05.tga","","10","hornhand_en"
"ring of ice bolts","Clothing","Ring of Ice Bolts","Ring","50","0.10","c\C_Ring_expensive_3.NIF","c\tx_ring_expensive03.tga","","600","ice bolt_en"
"ring of ice storm","Clothing","Ring of Ice Storm","Ring","53","0.10","c\C_Ring_expensive_3.NIF","c\tx_ring_expensive03.tga","","150","ice storm_en"
"ring of icegrip","Clothing","Ring of Icegrip","Ring","51","0.10","c\C_Ring_expensive_3.NIF","c\tx_ring_expensive03.tga","","50","icegrip_en"
"ring of ironhand","Clothing","Ring of Ironhand","Ring","42","0.10","c\C_Ring_common05.NIF","c\tx_ring_common05.tga","","10","ironhand_en"
"ring of knuckle luck","Clothing","Ring of Knuckle Luck","Ring","69","0.10","c\C_Ring_expensive_3.NIF","c\tx_ring_expensive03.tga","","150","knuckle luck_en"
"ring of lightning bolt","Clothing","Ring of Lightning Bolt","Ring","55","0.10","c\C_Ring_expensive_3.NIF","c\tx_ring_expensive03.tga","","150","lightning bolt_en"
"ring of lightning storm","Clothing","Ring of Lightning Storm","Ring","58","0.10","c\C_Ring_expensive_2.NIF","c\tx_ring_expensive02.tga","","150","lightning storm_en"
"ring of medusa's gaze","Clothing","Ring of Medusa's Gaze","Ring","188","0.10","c\C_Ring_extravagant_2.NIF","c\tx_ring_extravagant02.tga","","600","medusa's gaze_en"
"Ring of Night-Eye","Clothing","Ring of Night-Eye","Ring","53","0.10","c\C_Ring_expensive_3.NIF","c\tx_ring_expensive03.tga","","150","night-eye_EN"
"ring of nullification","Clothing","Ring of Nullification","Ring","200","0.10","c\C_Ring_extravagant_2.NIF","c\tx_ring_extravagant02.tga","","150","ri_drainmagicka_en"
"ring of poisonblooms","Clothing","Ring of Poisonblooms","Ring","11","0.10","c\C_Ring_common05.NIF","c\tx_ring_common05.tga","","600","poisonbloom_en"
"ring of shadow form","Clothing","Ring of Shadow Form","Ring","10","0.10","c\C_Ring_common02.NIF","c\tx_ring_common02.tga","","10","shadow form_en"
"ring of shockballs","Clothing","Ring of Shockballs","Ring","61","0.10","c\C_Ring_expensive_3.NIF","c\tx_ring_expensive03.tga","","600","shockball_en"
"ring of shocking touch","Clothing","Ring of Shocking Touch","Ring","14","0.10","c\C_Ring_common01.NIF","c\Tx_ring_common01.tga","","150","shocking touch_enu"
"ring of sphere of negation","Clothing","Ring of Sphere of Negation","Ring","60","0.10","c\C_Ring_expensive_2.NIF","c\tx_ring_expensive02.tga","","600","sphere of negation_en"
"ring of stormhand","Clothing","Ring of Stormhand","Ring","54","0.10","c\C_Ring_expensive_3.NIF","c\tx_ring_expensive03.tga","","150","stormhand_en"
"ring of tears","Clothing","Ring of Tears","Ring","8","0.10","c\C_Ring_common02.NIF","c\tx_ring_common02.tga","","10","crying eye_enu"
"ring of telekinesis_UNIQUE","Clothing","Ring of Far Reaching","Ring","51","0.10","c\C_Ring_expensive_3.NIF","c\tx_ring_expensive03.tga","","150","telekinesis_en"
"ring of the black hand","Clothing","Ring of the Black Hand","Ring","49","0.10","c\C_Ring_expensive_2.NIF","c\tx_ring_expensive02.tga","","150","black hand_en"
"ring of the five fingers of pai","Clothing","Ring of the Five Fingers of Pai","Ring","50","0.10","c\C_Ring_common03.NIF","c\tx_ring_common03.tga","","150","five fingers of pain_en"
"ring of toxic cloud","Clothing","Ring of Toxic Cloud","Ring","14","0.10","c\C_Ring_common02.NIF","c\tx_ring_common02.tga","","600","toxic cloud_en"
"ring of transcendent wisdom","Clothing","Ring of Transcendent Wisdom","Ring","8","0.10","c\C_Ring_extravagant_1.NIF","c\tx_ring_extravagant01.tga","","150","dynamic transcendant wisdom_en"
"ring of transfiguring wisdom","Clothing","Ring of Transfiguring Wisdom","Ring","8","0.10","c\C_Ring_extravagant_1.NIF","c\tx_ring_extravagant01.tga","","150","dynamic transfiguring wisdom_e"
"ring of vampire's kiss","Clothing","Ring of Vampire's Kiss","Ring","8","0.10","c\C_Ring_expensive_2.NIF","c\tx_ring_expensive02.tga","","600","vampire's kiss_en"
"ring of wildfire","Clothing","Ring of Wildfire","Ring","199","0.10","c\C_Ring_extravagant_2.NIF","c\tx_ring_extravagant02.tga","","150","wild fire_en"
"ring of wizard's fire","Clothing","Ring of Wizard's Fire","Ring","56","0.10","c\C_Ring_expensive_2.NIF","c\tx_ring_expensive02.tga","","150","wizard's fire_en"
"ring of wounds","Clothing","Ring of Wounds","Ring","6","0.10","c\C_Ring_common03.NIF","c\tx_ring_common03.tga","","600","weeping wound_en"
"ring_blackjinx_uniq","Clothing","Black Jinx","Ring","240","0.10","c\C_Ring_extravagant_1.NIF","c\tx_ring_extravagant01.tga","","1200","black_jinx_en_unique"
"ring_dahrkmezalf_uniq","Clothing","Ring of Dahrk Mezalf","Ring","60","0.10","c\C_Ring_expensive_1.NIF","c\tx_ring_expensive01.tga","","150","dahrk_mezalf_en_unique"
"ring_denstagmer_unique","Clothing","Denstagmer's Ring","Ring","12000","0.30","c\C_art_Ring_denstagmer.NIF","c\C_ring_denstagmer.tga","","100","denstagmer's ward"
"ring_equity_uniq","Clothing","Ring of Equity","Ring","3150","0.10","c\C_Ring_expensive_2.NIF","c\tx_ring_expensive02.tga","","600","equity_ring_en_unique"
"ring_fathasa_unique","Clothing","Fathasa's Ring","Ring","5000","1.00","c\C_Ring_exquisite_1.NIF","c\tx_ring_exquisite01.tga","","100","fire_fathasa_unique_en"
"ring_keley","Clothing","Engraved Ring of Healing","Ring","30","0.10","c\C_Ring_expensive_1.NIF","c\tx_ring_expensive01.tga","CharGen_ring_keley","10","Heal_minor"
"ring_khajiit_unique","Clothing","Ring of Khajiit","Ring","18000","0.10","c\C_art_Ring_khajiit.NIF","c\C_ring_khajiit.tga","","100","aura of khajiit"
"ring_marara_unique","Clothing","Marara's Ring","Ring","22000","0.10","c\C_Ring_exquisite_1.NIF","c\tx_ring_exquisite01.tga","","100","Marara's Boon"
"ring_mentor_unique","Clothing","Mentor's Ring","Ring","8000","0.10","c\C_art_Ring_mentor.NIF","c\C_ring_mentor.tga","","100","the master's circle"
"ring_phynaster_unique","Clothing","Ring of Phynaster","Ring","18000","0.10","c\C_art_Ring_phynaster.NIF","c\C_ring_phynaster.tga","","100","phynaster's barrier"
"ring_phynaster_unique_x","Clothing","Ring of Phynaster","Ring","18000","0.10","c\C_art_Ring_phynaster.NIF","c\C_ring_phynaster.tga","MuseumRingPhynaster","100","phynaster's barrier"
"ring_shashev_unique","Clothing","Shashev's Ring","Ring","22000","0.10","c\C_Ring_exquisite_1.NIF","c\tx_ring_exquisite01.tga","","300","devil's bite_en"
"ring_surrounding_unique","Clothing","Ring of Surroundings","Ring","12000","0.10","c\C_art_Ring_surrounding.NIF","c\C_ring_surround.tga","","100","chameleon dance"
"ring_vampiric_unique","Clothing","Vampiric Ring","Ring","32000","0.10","c\C_art_ring_vampiric.NIF","c\C_ring_vampiric.tga","","100","vampire's touch"
"ring_vampiric_unique_x","Clothing","Vampiric Ring","Ring","32000","0.10","c\C_art_ring_vampiric.NIF","c\C_ring_vampiric.tga","MuseumRingVampiric","100","vampire's touch"
"ring_warlock_unique","Clothing","Warlock's Ring","Ring","22000","0.10","c\C_art_ring_warlock.NIF","c\C_ring_warlock.tga","","100","warlock's sphere"
"ring_warlock_unique_x","Clothing","Warlock's Ring","Ring","22000","0.10","c\C_art_ring_warlock.NIF","c\C_ring_warlock.tga","MuseumRingWarlock","100","warlock's sphere"
"ring_wind_unique","Clothing","Ring of the Wind","Ring","8000","0.10","c\C_art_Ring_wind.NIF","c\C_ring_wind.tga","","100","Wind Whisper"
"ritual_ring","Clothing","","Ring","0","0.10","c\C_Ring_expensive_3.NIF","c\tx_ring_expensive03.tga","WolfRitualRing","10",""
"robe of burdens","Clothing","Robe of Burdens","Robe","80","3.00","c\C_M_Robe_Common_3_GND.NIF","c\tx_Robe_com03.tga","","10","burden_en"
"robe of st roris","Clothing","Robe of St Roris","Robe","40","3.00","c\C_M_Robe_common_02_GND.NIF","c\Tx_Robe_com02.tga","","50","stroris_en"
"robe of trials","Clothing","Robe of Trials","Robe","25","3.00","c\C_M_Robe_expensive_2a_GND.NIF","c\Tx_robe_expensive_2a.tga","","50","helljoint_en"
"robe_lich_unique","Clothing","Robe of the Lich","Robe","22000","8.00","c\C_M_Robe_Liche_GND.NIF","c\Tx_C_Liche_Robe.dds","","100","robe_lich_en"
"robe_lich_unique_x","Clothing","Robe of the Lich","Robe","22000","8.00","c\C_M_Robe_Liche_GND.NIF","c\Tx_C_Liche_Robe.dds","MuseumRobeLich","100","robe_lich_en"
"robe_of_erur_dan","Clothing","Robe of Erur-Dan the Wise","Robe","1080","3.00","c\C_M_Robe_Common_4_GND.NIF","c\tx_robe_com04.tga","","50","wit-weaver_en"
"sacrifice ring","Clothing","Sacrifice Ring","Ring","63","0.10","c\C_Ring_expensive_1.NIF","c\tx_ring_expensive01.tga","","150","blood sacrifice_en"
"sanguineamuletenterprise","Clothing","Amulet of Sanguine Enterprise","Amulet","1500","1.00","c\Amulet_Extravagant_2.NIF","c\tx_amulet_extrav2.tga","","600","sanguine enterprise_en"
"sanguineamuletglibspeech","Clothing","Amulet of Sanguine Glib Speech","Amulet","1500","1.00","c\Amulet_Expensive_2.NIF","c\tx_amulet_expens2.tga","","600","sanguine glib speech_en"
"sanguineamuletnimblearmor","Clothing","Amulet of Sanguine Nimble Armor","Amulet","1500","1.00","c\Amulet_Extravagant_1.NIF","c\tx_amulet_extrav1.tga","","600","sanguine nimble armor_en"
"sanguinebeltbalancedarmor","Clothing","Belt of Sanguine Balanced Armor","Belt","1500","1.00","c\C_belt_Extravagant_2.NIF","c\tx_belt_extravagant02.tga","","200","sanguine balanced armor_en"
"sanguinebeltdeepbiting","Clothing","Belt of Sanguine Deep Biting","Belt","1500","1.00","c\C_belt_Extravagant_2.NIF","c\tx_belt_extravagant02.tga","","200","sanguine deep biting_en"
"sanguinebeltdenial","Clothing","Belt of Sanguine Denial","Belt","1500","1.00","c\C_belt_Extravagant_2.NIF","c\tx_belt_extravagant02.tga","","200","sanguine denial_en"
"sanguinebeltfleetness","Clothing","Belt of Sanguine Fleetness","Belt","1500","1.00","c\C_belt_Extravagant_2.NIF","c\tx_belt_extravagant02.tga","","200","sanguine fleetness_en"
"sanguinebelthewing","Clothing","Belt of Sanguine Hewing","Belt","1500","1.00","c\C_belt_Extravagant_2.NIF","c\tx_belt_extravagant02.tga","","200","sanguine hewing_en"
"sanguinebeltimpaling","Clothing","Belt of Sanguine Impaling Thrus","Belt","1500","1.00","c\C_belt_Extravagant_2.NIF","c\tx_belt_extravagant02.tga","","200","sanguine impaling thrust_en"
"sanguinebeltmartialcraft","Clothing","Belt of Sanguine Martial Craft","Belt","1500","1.00","c\C_belt_Extravagant_2.NIF","c\tx_belt_extravagant02.tga","","200","sanguine martial craft_en"
"sanguinebeltsmiting","Clothing","Belt of Sanguine Smiting","Belt","1500","1.00","c\C_belt_Extravagant_2.NIF","c\tx_belt_extravagant02.tga","","200","sanguine smiting_en"
"sanguinebeltstolidarmor","Clothing","Belt of Sanguine Stolid Armor","Belt","1500","1.00","c\C_belt_Extravagant_2.NIF","c\tx_belt_extravagant02.tga","","200","sanguine stolid armor_en"
"sanguinebeltsureflight","Clothing","Belt of Sanguine Sureflight","Belt","1500","1.00","c\C_belt_Extravagant_2.NIF","c\tx_belt_extravagant02.tga","","200","sanguine sureflight_en"
"sanguinelglovesafekeeping","Clothing","Glove of Sanguine Safekeeping","L. Glove","1500","1.00","c\c_glove_extravagant1_GND.NIF","c\tx_glove_extravagant_1.tga","","200","sanguine safekeeping_en"
"sanguinerglovehornyfist","Clothing","Glove of Sanguine Horny Fist","R. Glove","1500","1.00","c\c_glove_extravagant1_GND.NIF","c\tx_glove_extravagant_1.tga","","200","sanguine horny fist_en"
"sanguinergloveswiftblade","Clothing","Glove of Sanguine Swiftblade","R. Glove","1500","1.00","c\c_glove_extravagant1_GND.NIF","c\tx_glove_extravagant_1.tga","","200","sanguine swiftblade_en"
"sanguineringfluidevasion","Clothing","Ring of Sanguine Fluid Evasion","Ring","1500","0.10","c\C_Ring_extravagant_2.NIF","c\tx_ring_extravagant02.tga","","600","sanguine fluid evasion_en"
"sanguineringgoldenw","Clothing","Ring of Sanguine Golden Wisdom","Ring","1500","0.10","c\C_Ring_extravagant_2.NIF","c\tx_ring_extravagant02.tga","","600","sanguine golden wisdom_en"
"sanguineringgreenw","Clothing","Ring of Sanguine Green Wisdom","Ring","1500","0.10","c\C_Ring_extravagant_2.NIF","c\tx_ring_extravagant02.tga","","600","sanguine green wisdom_en"
"sanguineringredw","Clothing","Ring of Sanguine Red Wisdom","Ring","1500","0.10","c\C_Ring_extravagant_2.NIF","c\tx_ring_extravagant02.tga","","600","sanguine red wisdom_en"
"sanguineringsilverw","Clothing","Ring of Sanguine Silver Wisdom","Ring","1500","0.10","c\C_Ring_extravagant_2.NIF","c\tx_ring_extravagant02.tga","","600","sanguine silver wisdom_en"
"sanguineringsublimew","Clothing","Ring of Sanguine Sublime Wisdom","Ring","1500","0.10","c\C_Ring_extravagant_2.NIF","c\tx_ring_extravagant02.tga","","600","sanguine sublime wisdom_en"
"sanguineringtranscendw","Clothing","Ring of Sanguine Transcendence","Ring","1500","0.10","c\C_Ring_extravagant_2.NIF","c\tx_ring_extravagant02.tga","","600","sanguine transcendant wisdom_en"
"sanguineringtransfigurw","Clothing","Ring of Sanguine Transfiguring","Ring","1500","0.10","c\C_Ring_extravagant_2.NIF","c\tx_ring_extravagant02.tga","","600","sanguine transfiguring wisdom_e"
"sanguineringunseenw","Clothing","Ring of Sanguine Unseen Wisdom","Ring","1500","0.10","c\C_Ring_extravagant_2.NIF","c\tx_ring_extravagant02.tga","","600","sanguine unseen wisdom_en"
"sanguineshoesleaping","Clothing","Shoes of Sanguine Leaping","Shoes","1500","3.00","c\C_shoes_Extrav_2_GND.NIF","c\tx_shoes_extrav_2.tga","","200","sanguine leaping_en"
"sanguineshoesstalking","Clothing","Shoes of Sanguine Stalking","Shoes","1500","3.00","c\C_shoes_Extrav_2_GND.NIF","c\tx_shoes_extrav_2.tga","","200","sanguine stalking_en"
"sarandas_amulet","Clothing","Firejade Amulet","Amulet","150","1.00","c\Amulet_Expensive_1.NIF","c\tx_amulet_expens1.tga","","150",""
"sarandas_belt","Clothing","Racer Suede Belt","Belt","100","1.00","c\C_belt_Expensive_1.NIF","c\tx_belt_expensive01.tga","","50",""
"sarandas_pants_2","Clothing","Silk Pants","Pants","360","2.00","c\C_M_Pants_exqisite_1_GND.NIF","c\tx_pants_exquisite_1.tga","","600",""
"sarandas_ring_1","Clothing","Glass Ring","Ring","120","0.10","c\C_Ring_expensive_1.NIF","c\tx_ring_expensive01.tga","","150",""
"sarandas_ring_2","Clothing","Ebony Ring","Ring","150","0.10","c\C_Ring_expensive_2.NIF","c\tx_ring_expensive02.tga","","150",""
"sarandas_shirt_2","Clothing","Brocade Shirt","Shirt","360","2.00","c\C_M_Shirt_Exquisite_1_GND.NIF","c\tx_shirt_exquisite_1.tga","","600",""
"sarandas_shoes_2","Clothing","Designer Shoes","Shoes","240","3.00","c\C_shoes_exquisite_1_GND.NIF","c\tx_shoes_exquisite_1.tga","","400","light_en"
"scamp slinker belt","Clothing","Scamp Slinker Belt","Belt","270","1.00","c\C_belt_Common_2.NIF","c\tx_belt_common02.tga","","10","summon scamp_en"
"second barrier belt","Clothing","Second Barrier Belt","Belt","38","1.00","c\C_belt_Common_5.NIF","c\tx_belt_common05.tga","","10","second barrier_en"
"second barrier ring","Clothing","Second Barrier Ring","Ring","63","0.10","c\C_Ring_expensive_1.NIF","c\tx_ring_expensive01.tga","","600","second barrier_en"
"seizing","Clothing","The Seizing of the Erabenimsun","Belt","1000","1.00","c\C_belt_Erabin.NIF","c\tx_belt_Erabinimsum.tga","","50","seizing_en"
"Septim Ring","Clothing","Septim Ring","Ring","2400","0.10","c\C_Ring_exquisite_1.NIF","c\tx_ring_exquisite01.tga","","1200","Septim's Blessing_EN"
"shadowmask ring","Clothing","Shadowmask Ring","Ring","219","0.10","c\C_Ring_extravagant_1.NIF","c\tx_ring_extravagant01.tga","","10","shadowmask_en"
"shadowweave ring","Clothing","Shadowweave Ring","Ring","200","0.10","c\C_Ring_expensive_3.NIF","c\tx_ring_expensive03.tga","","10","shadowweave_en"
"shame ring","Clothing","Shame Ring","Ring","30","0.10","c\C_Ring_expensive_2.NIF","c\tx_ring_expensive02.tga","","150","weariness_en"
"shardbolt ring","Clothing","Shardbolt Ring","Ring","2","0.10","c\C_Ring_common04.NIF","c\tx_ring_common04.tga","","10","shardbolt_en"
"Sheogorath's Signet Ring","Clothing","Sheogorath's Signet Ring","Ring","30000","0.20","c\C_Ring_exquisite_1.NIF","c\tx_ring_exquisite01.tga","","150","Sheogorath's Seal"
"shockeater robe","Clothing","Shockeater Robe","Robe","463","3.00","c\C_M_Robe_Extrav_1t_GND.NIF","c\tx_robe_extrav_1t.tga","","300","shockeater robe_en"
"shockguard robe","Clothing","Shockguard Robe","Robe","78","3.00","c\C_M_Robe_common_02t_GND.NIF","c\Tx_Robe_com02t.tga","","10","shockguard_en"
"shockmirror robe","Clothing","Shockmirror Robe","Robe","438","3.00","c\C_M_Robe_Extrav_1t_GND.NIF","c\tx_robe_extrav_1t.tga","","200","shockmirror robe_en"
"shoes of st. rilms","Clothing","Shoes of St. Rilms","Shoes","500","3.00","c\C_Shoes_Rilms_GND.NIF","c\tx_shoes_rilms.tga","","100","shoesstrilms_en"
"Shoes_of_Conviction","Clothing","Shoes of Conviction","Shoes","100","3.00","c\C_shoes_expensive_3_GND.NIF","c\Tx_shoes_expensive_3.tga","","50","Zenithar_gospel_EN"
"silence charm","Clothing","Silence Charm","Amulet","75","1.00","c\Amulet_Expensive_1.NIF","c\tx_amulet_expens1.tga","","150","silence_enu"
"sleep amulet","Clothing","Sleep Amulet","Amulet","18","1.00","c\Amulet_Common_4.NIF","c\tx_amulet_com4.tga","","10","sleep_en"
"slippers_of_doom","Clothing","Slippers of Doom","Shoes","2","3.00","c\C_M_Shoe_common01_GND.NIF","c\TX_shoecom01.tga","","10","suicide_en"
"soul ring","Clothing","Soul Ring","Ring","30000","0.20","c\Artifact_ring_soul_01.NIF","c\Tx_r_soul_01.tga","","150","ward of araynys"
"soulpinch charm","Clothing","Soulpinch Charm","Amulet","48","1.00","c\Amulet_Expensive_1.NIF","c\tx_amulet_expens1.tga","","150","soulpinch_en"
"sparkbolt ring","Clothing","Sparkbolt Ring","Ring","6","0.10","c\C_Ring_common04.NIF","c\tx_ring_common04.tga","","10","sparkbolt_en"
"spirit charm","Clothing","Spirit Charm","Amulet","48","1.00","c\Amulet_Expensive_1.NIF","c\tx_amulet_expens1.tga","","150","spirit knife_en"
"spiritstrike ring","Clothing","Spiritstrike Ring","Ring","162","0.10","c\C_Ring_extravagant_1.NIF","c\tx_ring_extravagant01.tga","","600","flay spirit [ranged]_en"
"st. felm's fire","Clothing","St. Felm's Fire","Ring","72","0.10","c\C_Ring_expensive_2.NIF","c\tx_ring_expensive02.tga","","150","god's fire_en"
"st. sotha's judgement","Clothing","St. Sotha's Judgement","Amulet","55","1.00","c\Amulet_Expensive_2.NIF","c\tx_amulet_expens2.tga","","150","lightning bolt_en"
"Stendarran Belt","Clothing","Stendarran Belt","Belt","300","1.00","c\C_belt_Expensive_3.NIF","c\tx_belt_expensive03.tga","","50","Stendarran Blessing_EN"
"stumble charm","Clothing","Stumble Charm","Amulet","13","1.00","c\Amulet_Common_1.NIF","c\tx_amulet_com1.tga","","10","stumble_en"
"summon ancestor amulet","Clothing","Ancestor's Amulet","Amulet","203","1.00","c\Amulet_Extravagant_2.NIF","c\tx_amulet_extrav2.tga","","150","summon ancestral ghost_en"
"tailored_trousers","Clothing","Tailored Trousers","Pants","40","2.00","c\C_M_Pants_Common_4_b_GND.nif","c\Tx_pants_com04_b.tga","","20","tailored_trousers_EN"
"teeth","Clothing","Teeth of the Urshilaku","Amulet","2400","1.00","c\Amulet_teeth_Urshilaku.NIF","c\tx_amulet_urshilaku.tga","","1200","teeth_en"
"templar belt","Clothing","Imperial Templar Belt","Belt","4","2.00","c\C_belt_Common_1.NIF","c\TX_C_belt_leather00.tga","","100",""
"templar skirt obj","Clothing","Imperial Templar Skirt","Skirt","6","2.50","c\C_M_Skirt_Templar_GND.nif","a\Tx_Templar_skirt.tga","","5",""
"therana's skirt","Clothing","Therana's Skirt","Skirt","4","2.00","c\C_M_Skirt_Imperial_GND.nif","a\Tx_Imperial_skirt.tga","theranaSkirtScript","600",""
"thief_ring","Clothing","Thief Ring","Ring","14","0.10","c\C_Ring_common04.NIF","c\tx_ring_common04.tga","","10","thief_en"
"third barrier belt","Clothing","Third Barrier Belt","Belt","88","1.00","c\C_belt_Extravagant_2.NIF","c\tx_belt_extravagant02.tga","","10","third barrier_en"
"third barrier ring","Clothing","Third Barrier Ring","Ring","75","0.10","c\C_Ring_expensive_1.NIF","c\tx_ring_expensive01.tga","","600","third barrier_en"
"thong","Clothing","Thong of Zainab","Amulet","2400","1.00","c\Amulet_ThongofZainab.NIF","c\tx_amulet_thongZainab.tga","","50","thong_en"
"thunderfall","Clothing","Thunderfall","Amulet","161","1.00","c\Amulet_Extravagant_1.NIF","c\tx_amulet_extrav1.tga","","1200","shocking touch_enu"
"ulfgar_ring","Clothing","","Ring","0","0.10","c\C_Ring_expensive_3.NIF","c\tx_ring_expensive03.tga","UlfgarRing","10",""
"Variner's Ring","Clothing","Variner's Ring","Ring","100","1.00","c\C_Ring_expensive_2.nif","c\tx_ring_expensive02.tga","","100","love_en"
"veloth's robe","Clothing","Veloth's Robe","Robe","19","3.00","c\C_M_Robe_expensive_2a_GND.NIF","c\Tx_robe_expensive_2a.tga","","50","veloth's benison_en"
"viperbolt ring","Clothing","Viperbolt Ring","Ring","12","0.10","c\C_Ring_common04.NIF","c\tx_ring_common04.tga","","10","viperbolt_en"
"warden's ring","Clothing","Warden's Ring","Ring","39","0.10","c\C_Ring_expensive_2.NIF","c\tx_ring_expensive02.tga","","150","almalexia's grace_en"
"watcher's belt","Clothing","Watcher's Belt","Belt","15","1.00","c\C_belt_Common_1.NIF","c\tx_belt_common01.tga","","10","sanctuary_en"
"weeping robe","Clothing","Weeping Robe","Robe","50","3.00","c\C_M_Robe_Expensive_2_GND.nif","c\Tx_robe_expensive_2.tga","","50","weeping wound_en"
"WerewolfRobe","Clothing","","Robe","1","1.00","Add World Art","","","100",""
"wild sty ring","Clothing","Wild Sty Ring","Ring","32","0.10","c\C_Ring_common02.NIF","c\tx_ring_common02.tga","","10","erelvam's wild sty_en"
"witch charm","Clothing","Witch Charm","Ring","113","0.10","c\C_Ring_expensive_1.NIF","c\tx_ring_expensive01.tga","","150","far silence_en"
"woe charm","Clothing","Woe Charm","Amulet","12","1.00","c\Amulet_Common_1.NIF","c\tx_amulet_com1.tga","","10","woe_en"
"Zenithar's_Warning","Clothing","Zenithar's Warning","L. Glove","2000","1.00","c\C_glove_common1_GND.NIF","c\tx_glove_common1.tga","","100","fear_en"
"Zenithar's_Wiles","Clothing","Zeinthar's Wiles","R. Glove","2000","1.00","c\C_glove_common1_GND.NIF","c\tx_glove_common1.tga","","100","love_en"
"Zenithar_Frock","Clothing","Zenithar's Frock","Shirt","150","2.00","c\C_M_Shirt_expens_3_GND.NIF","c\tx_shirt_expensive_3.tga","","75","Zenithar_blessing_EN"
"zenithar_whispers","Clothing","Zenithar Whispers","Amulet","2400","1.00","c\Amulet_Exquisit_1.NIF","c\tx_amulet_exquisite1.tga","","1200","Zenithar_whispers_EN"
