"ID","ItemType","Type","Cost","Charge","Autocalc"
"Akatosh's Blessing_EN","Enchantment","Cast When Used","120","600","Yes"
"alad's caliginy_en","Enchantment","Cast When Used","10","50","Yes"
"almalexia's blessing_en","Enchantment","Constant Effect","0","0","No"
"almalexia's grace_en","Enchantment","Cast When Used","28","140","Yes"
"almalexia_blade","Enchantment","Cast On Strike","5","100","No"
"almsivi intervention enchantmen","Enchantment","Cast Once","8","8","Yes"
"almsivi intervention_en","Enchantment","Cast When Used","8","40","Yes"
"am_amuletofigniis_en","Enchantment","Cast When Used","120","600","No"
"am_amuletofshadows_en","Enchantment","Cast When Used","240","1200","Yes"
"am_verbosity_en","Enchantment","Cast When Used","38","190","Yes"
"amulet_gaenor_en","Enchantment","Constant Effect","0","0","No"
"amulet_salandas_en","Enchantment","Cast When Used","17","85","Yes"
"ancestral_wisdom_en_uniq","Enchantment","Cast When Used","85","425","Yes"
"armor of god_en","Enchantment","Cast When Used","75","375","Yes"
"arobar_amulet_en_uniq","Enchantment","Cast When Used","76","380","Yes"
"arrow of wasting flame_en","Enchantment","Cast On Strike","6","60","Yes"
"arrow of wasting shard_en","Enchantment","Cast On Strike","6","60","Yes"
"arrow of wasting spark_en","Enchantment","Cast On Strike","6","60","Yes"
"arrow of wasting viper_en","Enchantment","Cast On Strike","6","60","Yes"
"aryongloveleft_en_unique","Enchantment","Cast When Used","3375","6750","No"
"aryongloveright_en_unique","Enchantment","Cast When Used","374","1870","Yes"
"ashamanu's blessing","Enchantment","Cast When Used","106","530","Yes"
"augustusamulet_en_unique","Enchantment","Cast When Used","232","1160","Yes"
"aura of khajiit","Enchantment","Cast When Used","53","265","Yes"
"axe_elanande_en","Enchantment","Cast On Strike","1","10","Yes"
"azura's ring","Enchantment","Constant Effect","0","0","Yes"
"azura's servant_en","Enchantment","Cast When Used","52","260","Yes"
"balm of dagoth_en","Enchantment","Cast On Strike","150","1500","Yes"
"balyna's antidote_en","Enchantment","Cast When Used","5","25","Yes"
"balyna's soothing balm_en","Enchantment","Cast When Used","2","10","Yes"
"bearkind","Enchantment","Cast When Used","30","150","Yes"
"belt_goval_en","Enchantment","Constant Effect","0","0","No"
"bipolar blade_en","Enchantment","Cast On Strike","45","450","Yes"
"bitter mercy","Enchantment","Cast When Used","432","2160","Yes"
"black blindfold_en","Enchantment","Cast When Used","810","4050","Yes"
"black hand_en","Enchantment","Cast When Used","7","35","Yes"
"black_dart_EN","Enchantment","Cast On Strike","540","540","No"
"black_jinx_en_unique","Enchantment","Cast When Used","735","3675","Yes"
"blade of heaven","Enchantment","Cast When Used","225","1125","Yes"
"bleeder_dart_EN","Enchantment","Cast On Strike","240","240","No"
"blind_en","Enchantment","Cast On Strike","1","10","Yes"
"blind_enu","Enchantment","Cast When Used","1","5","Yes"
"blinding speed","Enchantment","Constant Effect","0","0","Yes"
"blood feast_en","Enchantment","Cast When Used","50","250","Yes"
"blood gift_en","Enchantment","Cast When Used","1","5","Yes"
"blood sacrifice_en","Enchantment","Cast When Used","10","50","Yes"
"bloodletting_en","Enchantment","Cast On Strike","6","60","Yes"
"bluebrand","Enchantment","Cast On Strike","5","500","No"
"bm bloodaxe","Enchantment","Cast On Strike","100","960","No"
"bm_aesliip","Enchantment","Constant Effect","0","0","No"
"bm_amulspd","Enchantment","Constant Effect","0","0","No"
"bm_amulstr","Enchantment","Constant Effect","0","0","No"
"bm_arrowslay_en","Enchantment","Cast On Strike","3000","30000","No"
"BM_Heartfang","Enchantment","Cast On Strike","100","1100","No"
"bm_hunter_axe","Enchantment","Constant Effect","0","0","No"
"bm_hunterspear","Enchantment","Cast On Strike","54","540","No"
"BM_icefire","Enchantment","Cast On Strike","34","340","No"
"bm_mace","Enchantment","Cast On Strike","2","20","Yes"
"bm_wolfspirit","Enchantment","Constant Effect","0","0","No"
"boethiah's walking stick_en","Enchantment","Cast When Used","23","115","Yes"
"bone guard_en","Enchantment","Cast When Used","7","35","Yes"
"bonebiter","Enchantment","Cast On Strike","4","40","Yes"
"bonebiter_en","Enchantment","Cast When Used","12","60","Yes"
"bonedancer_en","Enchantment","Constant Effect","0","0","Yes"
"bonesore_en","Enchantment","Cast On Strike","12","120","Yes"
"boneweave_en","Enchantment","Constant Effect","0","0","Yes"
"bound battle-axe_effect_en","Enchantment","Constant Effect","0","0","Yes"
"bound battle-axe_en","Enchantment","Cast When Used","6","30","Yes"
"bound boots_effect_en","Enchantment","Constant Effect","0","0","Yes"
"bound boots_en","Enchantment","Cast When Used","6","30","Yes"
"bound cuirass_effects_en","Enchantment","Constant Effect","0","0","Yes"
"bound cuirass_en","Enchantment","Cast When Used","6","30","Yes"
"bound dagger_effect_en","Enchantment","Constant Effect","0","0","Yes"
"bound dagger_en","Enchantment","Cast When Used","6","30","Yes"
"bound gauntlet_left_effect_en","Enchantment","Constant Effect","0","0","Yes"
"bound gauntlet_right_effect_en","Enchantment","Constant Effect","0","0","Yes"
"bound gauntlets_en","Enchantment","Cast When Used","6","30","Yes"
"bound helm_effect_en","Enchantment","Constant Effect","0","0","Yes"
"bound helm_en","Enchantment","Cast When Used","6","30","Yes"
"bound longbow_effect_en","Enchantment","Constant Effect","0","0","Yes"
"bound longbow_en","Enchantment","Cast When Used","6","30","Yes"
"bound longsword_effect_en","Enchantment","Constant Effect","0","0","Yes"
"bound longsword_en","Enchantment","Cast When Used","6","30","Yes"
"bound mace_effect_en","Enchantment","Constant Effect","0","0","Yes"
"bound mace_en","Enchantment","Cast When Used","6","30","Yes"
"bound shield_effect_en","Enchantment","Constant Effect","0","0","Yes"
"bound shield_en","Enchantment","Cast When Used","6","30","Yes"
"bound spear_effect_en","Enchantment","Constant Effect","0","0","Yes"
"bound spear_en","Enchantment","Cast When Used","6","30","Yes"
"breath of molten gold","Enchantment","Cast Once","175","175","Yes"
"brevusa's averted eyes_en","Enchantment","Cast When Used","10","50","Yes"
"burden_en","Enchantment","Cast When Used","15","75","Yes"
"burning touch_en","Enchantment","Cast On Strike","5","50","Yes"
"burning touch_enu","Enchantment","Cast When Used","3","15","Yes"
"Caius' Chameleon","Enchantment","Cast When Used","30","150","Yes"
"Caius' Sloppy Luck","Enchantment","Cast When Used","60","300","Yes"
"Caius' Subtlety","Enchantment","Cast When Used","20","100","Yes"
"carmine_dart_EN","Enchantment","Cast On Strike","255","255","No"
"cephalopod_HTNK_en","Enchantment","Cast When Used","180","900","Yes"
"chameleon dance","Enchantment","Cast When Used","38","190","Yes"
"chameleon_en","Enchantment","Cast When Used","5","25","Yes"
"chameleon_enu","Enchantment","Cast When Used","225","1125","Yes"
"charisma_en","Enchantment","Cast When Used","8","40","Yes"
"chastening_en","Enchantment","Cast On Strike","7","70","Yes"
"chieftainblade_en","Enchantment","Cast When Used","63","315","Yes"
"chrysamere_en","Enchantment","Cast When Used","228","1140","Yes"
"cl_ringofregeneration_en","Enchantment","Cast When Used","30","150","Yes"
"clench_en","Enchantment","Cast When Used","4","20","Yes"
"clutterbane's curse","Enchantment","Cast On Strike","10","0","No"
"corprus_amulet","Enchantment","Cast When Used","5","25","Yes"
"Crescent Moon","Enchantment","Cast On Strike","25","250","Yes"
"crimson despair_en","Enchantment","Cast When Used","6","30","Yes"
"cruel firebloom_en","Enchantment","Cast On Strike","6","60","Yes"
"cruel flame_en","Enchantment","Cast On Strike","1","10","Yes"
"cruel flamebolt_en","Enchantment","Cast On Strike","2","20","Yes"
"cruel flamebolt_enu","Enchantment","Cast When Used","5","25","Yes"
"cruel frost_en","Enchantment","Cast On Strike","2","20","Yes"
"cruel frostbloom_en","Enchantment","Cast On Strike","6","60","Yes"
"cruel noise_en","Enchantment","Cast On Strike","6","60","Yes"
"cruel poisonbloom_en","Enchantment","Cast On Strike","11","110","Yes"
"cruel shard_en","Enchantment","Cast On Strike","1","10","Yes"
"cruel shardbolt_en","Enchantment","Cast On Strike","2","20","Yes"
"cruel shardbolt_enu","Enchantment","Cast When Used","2","10","Yes"
"cruel shockbloom_en","Enchantment","Cast On Strike","3","30","Yes"
"cruel spark_en","Enchantment","Cast On Strike","2","20","Yes"
"cruel sparkbolt_en","Enchantment","Cast On Strike","3","30","Yes"
"cruel sparkbolt_enu","Enchantment","Cast When Used","3","15","Yes"
"cruel viper_en","Enchantment","Cast On Strike","2","20","Yes"
"cruel viperbolt_en","Enchantment","Cast On Strike","3","30","Yes"
"cruel viperbolt_enu","Enchantment","Cast When Used","3","15","Yes"
"crying eye_en","Enchantment","Cast On Strike","2","20","Yes"
"crying eye_enu","Enchantment","Cast When Used","2","10","Yes"
"cuirass_soscean_en","Enchantment","Constant Effect","0","0","No"
"cureblight_en","Enchantment","Cast Once","600","600","No"
"cureblight_ranged_en","Enchantment","Cast Once","900","900","Yes"
"curse endurance_en","Enchantment","Cast On Strike","2","20","Yes"
"curse of scourge","Enchantment","Cast When Used","60","300","Yes"
"curse personality_en","Enchantment","Cast On Strike","1","10","Yes"
"curse willpower_en","Enchantment","Cast On Strike","1","10","Yes"
"daedric agility_en","Enchantment","Cast When Used","30","150","Yes"
"daedric bite_en","Enchantment","Cast When Used","30","150","Yes"
"daedric endurance_en","Enchantment","Cast When Used","30","150","Yes"
"daedric fatigue_en","Enchantment","Cast When Used","75","375","Yes"
"daedric health_en","Enchantment","Cast When Used","75","375","Yes"
"daedric intelligence_en","Enchantment","Cast When Used","30","150","Yes"
"daedric luck_en","Enchantment","Cast When Used","30","150","Yes"
"daedric personality_en","Enchantment","Cast When Used","30","150","Yes"
"daedric speed_en","Enchantment","Cast When Used","30","150","Yes"
"daedric strength_en","Enchantment","Cast When Used","30","150","Yes"
"daedric willpower_en","Enchantment","Cast When Used","30","150","Yes"
"dagger_mtas","Enchantment","Cast On Strike","255","2550","Yes"
"dagger_symmachus_en","Enchantment","Constant Effect","0","0","No"
"dahrk_mezalf_en_unique","Enchantment","Cast When Used","347","1735","Yes"
"darksun_en","Enchantment","Constant Effect","0","0","Yes"
"dart_of_judgement_en","Enchantment","Cast On Strike","1","5","No"
"db_poison","Enchantment","Cast On Strike","45","90","No"
"deadlyslay_en","Enchantment","Constant Effect","0","0","No"
"deceit_en","Enchantment","Constant Effect","0","0","No"
"deepfreeze_en","Enchantment","Cast On Strike","31","310","Yes"
"denstagmer's ward","Enchantment","Constant Effect","0","0","No"
"detect animal","Enchantment","Cast Once","28","28","Yes"
"detect animal eddard","Enchantment","Constant Effect","0","0","No"
"detect enchantment_en","Enchantment","Cast When Used","50","250","Yes"
"devil axe_en","Enchantment","Cast When Used","11","55","Yes"
"devil cephalopod","Enchantment","Cast When Used","131","655","Yes"
"devil helm_en","Enchantment","Cast When Used","131","655","Yes"
"devil katana_en","Enchantment","Cast When Used","11","55","Yes"
"devil longbow_en","Enchantment","Cast When Used","14","70","Yes"
"devil mole crab","Enchantment","Cast When Used","131","655","Yes"
"devil spear_en","Enchantment","Cast When Used","14","70","Yes"
"devil tanto_en","Enchantment","Cast When Used","14","70","Yes"
"devil's bite_en","Enchantment","Cast When Used","121","605","Yes"
"dire flame_en","Enchantment","Cast On Strike","2","20","Yes"
"dire flamebolt_en","Enchantment","Cast When Used","3","15","Yes"
"dire frost_en","Enchantment","Cast On Strike","2","20","Yes"
"dire shard_en","Enchantment","Cast On Strike","1","10","Yes"
"dire shardbolt_en","Enchantment","Cast When Used","3","15","Yes"
"dire spark_en","Enchantment","Cast On Strike","2","20","Yes"
"dire sparkbolt_en","Enchantment","Cast When Used","4","20","Yes"
"dire viper_en","Enchantment","Cast On Strike","4","40","Yes"
"dire viperbolt_en","Enchantment","Cast When Used","5","25","Yes"
"dire weakness to fire_EN","Enchantment","Cast When Used","23","115","Yes"
"dire weakness to frost_EN","Enchantment","Cast When Used","23","115","Yes"
"dire weakness to magicka_EN","Enchantment","Cast When Used","23","115","Yes"
"dire weakness to poison_EN","Enchantment","Cast When Used","23","115","Yes"
"dire weakness to shock_EN","Enchantment","Cast When Used","23","115","Yes"
"dire_viper_enchantment","Enchantment","Cast Once","4","4","Yes"
"dispel_en","Enchantment","Cast On Strike","19","190","Yes"
"distraction_en","Enchantment","Cast When Used","4","20","Yes"
"divine intervention enchantmen","Enchantment","Cast Once","8","8","Yes"
"divine intervention_en","Enchantment","Cast When Used","8","40","Yes"
"doze_en","Enchantment","Cast When Used","2","10","Yes"
"dragon aura","Enchantment","Constant Effect","0","0","No"
"drakespride_en_uniq","Enchantment","Constant Effect","0","0","Yes"
"dram's will","Enchantment","Cast When Used","68","340","Yes"
"dread curse: agility_en","Enchantment","Cast On Strike","5","50","Yes"
"dread curse: endurance_en","Enchantment","Cast On Strike","3","30","Yes"
"dread curse: fatigue_en","Enchantment","Cast On Strike","2","20","Yes"
"dread curse: health_en","Enchantment","Cast On Strike","3","30","Yes"
"dread curse: intelligence_en","Enchantment","Cast On Strike","3","30","Yes"
"dread curse: luck_en","Enchantment","Cast On Strike","3","30","Yes"
"dread curse: personality_en","Enchantment","Cast On Strike","3","30","Yes"
"dread curse: speed_en","Enchantment","Cast On Strike","3","30","Yes"
"dread curse: spell points_en","Enchantment","Cast On Strike","3","30","Yes"
"dread curse: strength_en","Enchantment","Cast On Strike","3","30","Yes"
"dread curse: willpower_en","Enchantment","Cast On Strike","3","30","Yes"
"durgok's shield","Enchantment","Constant Effect","0","0","No"
"dwrv_dart_area_shock","Enchantment","Cast On Strike","10","100","Yes"
"dynamic balanced armor_en","Enchantment","Cast When Used","11","55","Yes"
"dynamic deep biting_en","Enchantment","Cast When Used","11","55","Yes"
"dynamic denial_en","Enchantment","Cast When Used","11","55","Yes"
"dynamic enterprise_en","Enchantment","Cast When Used","11","55","Yes"
"dynamic fleetness_constant","Enchantment","Constant Effect","0","0","Yes"
"dynamic fleetness_en","Enchantment","Cast When Used","11","55","Yes"
"dynamic fluid evasion_en","Enchantment","Cast When Used","11","55","Yes"
"dynamic glib speech_en","Enchantment","Cast When Used","11","55","Yes"
"dynamic golden wisdom_en","Enchantment","Cast When Used","11","55","Yes"
"dynamic green wisdom_en","Enchantment","Cast When Used","11","55","Yes"
"dynamic hewing_en","Enchantment","Cast When Used","11","55","Yes"
"dynamic horny fist_en","Enchantment","Cast When Used","11","55","Yes"
"dynamic horny fist_enu","Enchantment","Cast When Used","11","55","Yes"
"dynamic horny fist_enuse","Enchantment","Cast When Used","11","55","Yes"
"dynamic impaling thrust_en","Enchantment","Cast When Used","11","55","Yes"
"dynamic martial craft_en","Enchantment","Cast When Used","11","55","Yes"
"dynamic nimble armor_en","Enchantment","Cast When Used","11","55","Yes"
"dynamic red wisdom_en","Enchantment","Cast When Used","11","55","Yes"
"dynamic safekeeping_en","Enchantment","Cast When Used","11","55","Yes"
"dynamic silver wisdom_en","Enchantment","Cast When Used","11","55","Yes"
"dynamic smiting_en","Enchantment","Cast When Used","11","55","Yes"
"dynamic stalking_en","Enchantment","Cast When Used","11","55","Yes"
"dynamic stolid armor_en","Enchantment","Cast When Used","11","55","Yes"
"dynamic sublime wisdom_en","Enchantment","Cast When Used","11","55","Yes"
"dynamic sureflight_en","Enchantment","Cast When Used","11","55","Yes"
"dynamic swiftblade_en","Enchantment","Cast When Used","11","55","Yes"
"dynamic transcendant wisdom_en","Enchantment","Cast When Used","15","75","Yes"
"dynamic transfiguring wisdom_e","Enchantment","Cast When Used","11","55","Yes"
"dynamic unseen wisdom_en","Enchantment","Cast When Used","11","55","Yes"
"ebony_arrow_sadri_en","Enchantment","Cast On Strike","1","1","No"
"ebony_staff_caper_en","Enchantment","Cast On Strike","4","40","Yes"
"eleidon's grace","Enchantment","Cast When Used","19","95","Yes"
"envy_en","Enchantment","Constant Effect","0","0","Yes"
"equity_ring_en_unique","Enchantment","Cast When Used","1530","3060","No"
"erelvam's wild sty_en","Enchantment","Cast When Used","10","50","Yes"
"evil eye_en","Enchantment","Cast When Used","4","20","Yes"
"exhaustion_en","Enchantment","Cast When Used","56","280","Yes"
"far silence_en","Enchantment","Cast When Used","30","150","Yes"
"father's hand_en","Enchantment","Cast When Used","5","25","Yes"
"fear_en","Enchantment","Cast When Used","78","390","Yes"
"feather_en","Enchantment","Cast When Used","10","50","Yes"
"feet of notorgo_en","Enchantment","Cast When Used","19","95","Yes"
"fenrick's doorjam_en","Enchantment","Cast When Used","1","5","Yes"
"fiend_battleaxe_en","Enchantment","Cast When Used","11","55","Yes"
"fiend_cephalopod_en","Enchantment","Cast When Used","12","60","Yes"
"fiend_helm_en","Enchantment","Cast When Used","11","55","Yes"
"fiend_katana_en","Enchantment","Cast When Used","11","55","Yes"
"fiend_longbow_en","Enchantment","Cast When Used","11","55","Yes"
"fiend_molecrab_en","Enchantment","Cast When Used","12","60","Yes"
"fiend_spear_en","Enchantment","Cast When Used","11","55","Yes"
"fiend_tanto_en","Enchantment","Cast When Used","11","55","Yes"
"fiend_tanto_enchantment","Enchantment","Cast Once","69","140","No"
"fighter_en","Enchantment","Cast When Used","15","75","Yes"
"fire barrier_en","Enchantment","Cast When Used","8","40","Yes"
"fire bite_en","Enchantment","Cast On Strike","1","10","Yes"
"fire shield_en","Enchantment","Cast When Used","2","10","Yes"
"fire storm_en","Enchantment","Cast When Used","66","330","Yes"
"fire_fathasa_unique_en","Enchantment","Constant Effect","0","0","Yes"
"fireball_en","Enchantment","Cast When Used","9","45","Yes"
"firefist_en","Enchantment","Cast When Used","6","30","Yes"
"fireheart_en","Enchantment","Cast When Used","19","95","Yes"
"first barrier_en","Enchantment","Cast When Used","5","25","Yes"
"five fingers of pain_en","Enchantment","Cast When Used","5","25","Yes"
"flame_en","Enchantment","Cast On Strike","1","10","Yes"
"flame_enu","Enchantment","Cast On Strike","1","10","Yes"
"flamebolt_en","Enchantment","Cast On Strike","1","10","Yes"
"flamebolt_enu","Enchantment","Cast When Used","1","5","Yes"
"flameeater robe_en","Enchantment","Cast When Used","155","775","Yes"
"flameguard_en","Enchantment","Cast When Used","30","150","Yes"
"flamemirror robe_en","Enchantment","Cast When Used","930","4650","Yes"
"flay spirit [ranged]_en","Enchantment","Cast When Used","68","340","Yes"
"fleabite_en","Enchantment","Cast When Used","3","15","Yes"
"Flensing","Enchantment","Cast On Strike","54","1080","No"
"fleshmadewhole_uniq","Enchantment","Cast When Used","282","285","No"
"flying viper_en","Enchantment","Cast On Strike","3","30","Yes"
"foe-grinder_EN","Enchantment","Cast When Used","120","600","Yes"
"foe-quern_EN","Enchantment","Cast When Used","30","150","Yes"
"force bolt_en","Enchantment","Cast When Used","16","80","Yes"
"fortitude_en","Enchantment","Cast When Used","19","95","Yes"
"founder's belt_en","Enchantment","Cast When Used","37","185","Yes"
"fourth barrier_en","Enchantment","Cast When Used","20","100","Yes"
"fralds_helm_uniq","Enchantment","Constant Effect","0","0","Yes"
"free action_en","Enchantment","Cast When Used","5","25","Yes"
"freezing touch_en","Enchantment","Cast On Strike","3","30","Yes"
"freezing touch_enu","Enchantment","Cast When Used","3","15","Yes"
"frost barrier_en","Enchantment","Cast When Used","5","25","Yes"
"frost bolt_eddard","Enchantment","Cast On Strike","8","80","Yes"
"frost bolt_en","Enchantment","Cast On Strike","5","50","Yes"
"frost_en","Enchantment","Cast On Strike","1","10","Yes"
"frost_shield_en","Enchantment","Cast When Used","5","25","Yes"
"frostbite_en","Enchantment","Cast When Used","2","10","Yes"
"frosteater robe_en","Enchantment","Cast When Used","155","775","Yes"
"frostgore_en","Enchantment","Cast On Strike","15","75","No"
"frostguard_en","Enchantment","Cast When Used","30","150","Yes"
"frostmirror robe_en","Enchantment","Cast When Used","155","775","Yes"
"fuddle_en","Enchantment","Cast When Used","4","20","Yes"
"gash spirit [ranged]_en","Enchantment","Cast When Used","50","250","Yes"
"gem_feeding_en","Enchantment","Cast When Used","9","45","Yes"
"Glory_left_en","Enchantment","Cast When Used","60","300","Yes"
"Glory_right_en","Enchantment","Cast When Used","60","300","Yes"
"god's fire_en","Enchantment","Cast When Used","13","65","Yes"
"golanar's eye-maze_en","Enchantment","Cast When Used","13","65","Yes"
"goldbrand","Enchantment","Cast On Strike","5","50","Yes"
"grave curse: agility_en","Enchantment","Cast On Strike","2","20","Yes"
"grave curse: endurance_en","Enchantment","Cast On Strike","2","20","Yes"
"grave curse: fatigue_en","Enchantment","Cast On Strike","1","10","Yes"
"grave curse: health_en","Enchantment","Cast On Strike","2","20","Yes"
"grave curse: intelligence_en","Enchantment","Cast On Strike","2","20","Yes"
"grave curse: luck_en","Enchantment","Cast On Strike","2","20","Yes"
"grave curse: personality_en","Enchantment","Cast On Strike","2","20","Yes"
"grave curse: speed_en","Enchantment","Cast On Strike","2","20","Yes"
"grave curse: spell points_en","Enchantment","Cast On Strike","2","20","Yes"
"grave curse: strength_en","Enchantment","Cast On Strike","2","20","Yes"
"grave curse: willpower_en","Enchantment","Cast On Strike","2","20","Yes"
"great resist magicka_en","Enchantment","Cast When Used","30","150","Yes"
"GreaterDomination_en","Enchantment","Cast When Used","675","3375","Yes"
"greed_en","Enchantment","Constant Effect","0","0","Yes"
"grip of death","Enchantment","Cast When Used","31","155","Yes"
"gripes_en","Enchantment","Cast When Used","4","20","Yes"
"hair shirt ","Enchantment","Cast When Used","92","460","Yes"
"hasedoki's hand","Enchantment","Cast When Used","105","525","Yes"
"haynekhtnamet's wrath","Enchantment","Cast On Strike","11","110","Yes"
"Heal_minor","Enchantment","Cast When Used","5","20","No"
"health_en","Enchantment","Constant Effect","0","0","Yes"
"heartbite_en","Enchantment","Cast When Used","12","60","Yes"
"hearth heal_en","Enchantment","Cast When Used","6","30","Yes"
"heartring_en","Enchantment","Cast When Used","9","45","Yes"
"helljoint_en","Enchantment","Cast When Used","30","150","Yes"
"helm_uvenim_en","Enchantment","Cast When Used","30","150","Yes"
"helseth's collar_en","Enchantment","Constant Effect","0","0","No"
"helseth_ring_en","Enchantment","Constant Effect","0","0","No"
"her boot_EN","Enchantment","Constant Effect","0","0","No"
"her curiass_EN","Enchantment","Constant Effect","0","0","No"
"her dart_EN","Enchantment","Cast On Strike","73","1460","No"
"her greaves_EN","Enchantment","Constant Effect","0","0","No"
"her helm_EN","Enchantment","Constant Effect","0","0","No"
"her left gauntlet_EN","Enchantment","Constant Effect","0","0","No"
"her left pauldron_EN","Enchantment","Constant Effect","0","0","No"
"her right gauntlet_EN","Enchantment","Constant Effect","0","0","No"
"her right pauldron_EN","Enchantment","Constant Effect","0","0","No"
"her scimitar_EN","Enchantment","Cast On Strike","66","660","No"
"her shield_en","Enchantment","Constant Effect","0","0","No"
"herder_crook_en","Enchantment","Cast On Strike","40","80","No"
"hex_en","Enchantment","Cast When Used","4","20","Yes"
"hircine's blessing","Enchantment","Constant Effect","0","0","No"
"honorguard_en","Enchantment","Cast When Used","10","50","Yes"
"hornhand_en","Enchantment","Cast When Used","5","25","Yes"
"horripilation_en","Enchantment","Constant Effect","0","0","Yes"
"hort_ledd_shield","Enchantment","Cast When Used","30","150","Yes"
"hortatorbelt_uniq","Enchantment","Constant Effect","0","0","No"
"hortatorring_uniq","Enchantment","Cast When Used","17","85","Yes"
"hortatorrobe_uniq","Enchantment","Cast When Used","30","150","Yes"
"hunger_en","Enchantment","Constant Effect","0","0","Yes"
"ice bolt_en","Enchantment","Cast When Used","5","25","Yes"
"ice storm_en","Enchantment","Cast When Used","6","30","Yes"
"icecap_en","Enchantment","Constant Effect","0","0","Yes"
"icegrip_en","Enchantment","Cast When Used","6","30","Yes"
"infectious charm_en","Enchantment","Cast When Used","225","1125","Yes"
"iron will_en","Enchantment","Cast When Used","15","75","Yes"
"iron will_peakstar_en","Enchantment","Cast When Used","15","75","Yes"
"ironhand_en","Enchantment","Cast When Used","6","30","Yes"
"jack of trades_en","Enchantment","Cast When Used","1","5","Yes"
"jinkblade of the aegis","Enchantment","Cast When Used","2","10","Yes"
"judgement_en","Enchantment","Cast On Strike","5","50","Yes"
"keening_en","Enchantment","Constant Effect","0","0","Yes"
"King's_Oath_EN","Enchantment","Cast On Strike","45","450","No"
"King's_Oath_PC_EN","Enchantment","Cast On Strike","45","450","No"
"knuckle luck_en","Enchantment","Cast When Used","12","60","Yes"
"Left Hand of Zenithar_EN","Enchantment","Constant Effect","0","0","Yes"
"levitate_en","Enchantment","Cast When Used","45","225","Yes"
"levitate_peakstar_en","Enchantment","Cast When Used","45","225","Yes"
"levitation","Enchantment","Cast Once","2","2","Yes"
"light_en","Enchantment","Cast When Used","5","25","Yes"
"light_ens","Enchantment","Cast On Strike","5","50","Yes"
"lightning bolt_en","Enchantment","Cast When Used","7","35","Yes"
"lightning shield_en","Enchantment","Cast When Used","2","10","Yes"
"lightning storm_en","Enchantment","Cast When Used","77","385","Yes"
"lightning strike_en","Enchantment","Cast On Strike","7","70","Yes"
"lightofday_en","Enchantment","Cast On Strike","5","500","No"
"llivam's reversal_en","Enchantment","Cast When Used","125","625","Yes"
"lock_en","Enchantment","Cast When Used","1","5","Yes"
"lord's praise","Enchantment","Cast When Used","80","400","Yes"
"love_en","Enchantment","Cast When Used","32","160","Yes"
"lucky_break_en","Enchantment","Cast When Used","38","190","No"
"mace of molag bal_en","Enchantment","Cast On Strike","150","1500","Yes"
"mace_salandas_en","Enchantment","Cast On Strike","6","60","No"
"mace_slurring_en","Enchantment","Cast On Strike","11","110","Yes"
"madstone_en","Enchantment","Cast When Used","150","750","Yes"
"mage_en","Enchantment","Cast When Used","15","75","Yes"
"magickeater robe_en","Enchantment","Cast On Strike","155","1550","Yes"
"magickguard_en","Enchantment","Cast When Used","30","150","Yes"
"magickmirror robe_en","Enchantment","Cast On Strike","155","1550","Yes"
"magnus' wrath","Enchantment","Cast Once","325","325","Yes"
"malipu-ataman_en","Enchantment","Cast When Used","30","150","Yes"
"mantle_woe_en","Enchantment","Constant Effect","0","0","No"
"Maran Blessing_EN","Enchantment","Cast When Used","30","150","Yes"
"Marara's Boon","Enchantment","Constant Effect","0","0","Yes"
"mark_en","Enchantment","Cast When Used","18","90","Yes"
"markring_en","Enchantment","Cast When Used","18","90","Yes"
"Masque of Clavicus","Enchantment","Constant Effect","0","0","Yes"
"masterful horny fist_en","Enchantment","Cast When Used","14","70","Yes"
"mazedband","Enchantment","Cast When Used","10","50","No"
"medusa's gaze_en","Enchantment","Cast When Used","15","75","Yes"
"mehrune's razor_en","Enchantment","Cast On Strike","21","210","Yes"
"mephala's teacher_en","Enchantment","Cast When Used","35","175","Yes"
"monarch's dirge","Enchantment","Cast On Strike","6","60","Yes"
"moon_and_star_en","Enchantment","Constant Effect","0","0","Yes"
"mother's kiss_en","Enchantment","Cast When Used","4","20","Yes"
"necromancers_amulet_en","Enchantment","Constant Effect","0","0","Yes"
"nerevar_blade","Enchantment","Cast On Strike","5","100","No"
"netch Venom_en","Enchantment","Cast On Strike","9","90","Yes"
"night-eye_EN","Enchantment","Cast When Used","6","30","Yes"
"nightwind_en","Enchantment","Cast On Strike","8","80","Yes"
"nimbleness_en","Enchantment","Cast When Used","1","5","Yes"
"Nuccius_Curse_EN","Enchantment","Cast When Used","19","95","Yes"
"ondusi's open door_en","Enchantment","Cast When Used","15","75","Yes"
"open_en","Enchantment","Cast When Used","6","30","Yes"
"orc strength enchantment","Enchantment","Cast When Used","0","0","Yes"
"orc's strength_en","Enchantment","Cast When Used","19","95","Yes"
"oreyn's courage","Enchantment","Constant Effect","0","0","Yes"
"paralysis weapon","Enchantment","Cast On Strike","5","20","No"
"paralysis_curse_unique_en","Enchantment","Cast On Strike","60","1000","No"
"paralysis_en","Enchantment","Cast On Strike","20","200","Yes"
"phynaster's barrier","Enchantment","Constant Effect","0","0","No"
"poison arrow_en","Enchantment","Cast On Strike","53","530","No"
"poisonbloom_en","Enchantment","Cast When Used","6","30","Yes"
"poisoneater robe_en","Enchantment","Cast When Used","155","775","Yes"
"poisonguard_en","Enchantment","Cast When Used","30","150","Yes"
"poisonmirror robe_en","Enchantment","Cast When Used","155","775","Yes"
"potent poison_EN","Enchantment","Cast On Strike","34","340","Yes"
"protector_en","Enchantment","Constant Effect","0","0","Yes"
"racerbeak_en","Enchantment","Cast On Strike","4","40","Yes"
"rage_en","Enchantment","Cast When Used","15","75","Yes"
"randagulf's agility","Enchantment","Constant Effect","0","0","Yes"
"randagulf's strength","Enchantment","Constant Effect","0","0","Yes"
"recall_en","Enchantment","Cast When Used","18","90","Yes"
"recallring_en","Enchantment","Cast When Used","18","90","Yes"
"red despair_en","Enchantment","Cast When Used","5","25","Yes"
"red despair_enu","Enchantment","Cast When Used","5","25","Yes"
"redasAxe_en","Enchantment","Cast On Strike","2","40","No"
"redasRobe_en","Enchantment","Constant Effect","0","0","No"
"renewal_en","Enchantment","Cast When Used","4","20","Yes"
"resist paralysis_EN","Enchantment","Cast When Used","300","300","No"
"rest of st. merris_en","Enchantment","Cast When Used","6","30","Yes"
"restoration_en","Enchantment","Cast Once","8","8","No"
"ri_drainmagicka_en","Enchantment","Cast When Used","2","10","Yes"
"Right Hand of Zenithar_EN","Enchantment","Constant Effect","0","0","Yes"
"robe_elanande_en","Enchantment","Cast When Used","30","215","No"
"robe_lich_en","Enchantment","Cast When Used","145","725","No"
"roguenecro_en","Enchantment","Cast When Used","56","280","Yes"
"saint's black sword_en","Enchantment","Cast When Used","8","40","Yes"
"saint's shield_en","Enchantment","Cast When Used","16","80","Yes"
"sanctuary_en","Enchantment","Cast When Used","5","25","Yes"
"sanguine balanced armor_en","Enchantment","Constant Effect","0","0","Yes"
"sanguine deep biting_en","Enchantment","Constant Effect","0","0","Yes"
"sanguine denial_en","Enchantment","Constant Effect","0","0","Yes"
"sanguine enterprise_en","Enchantment","Constant Effect","0","0","Yes"
"sanguine fleetness_en","Enchantment","Constant Effect","0","0","Yes"
"sanguine fluid evasion_en","Enchantment","Constant Effect","0","0","Yes"
"sanguine glib speech_en","Enchantment","Constant Effect","0","0","Yes"
"sanguine golden wisdom_en","Enchantment","Constant Effect","0","0","Yes"
"sanguine green wisdom_en","Enchantment","Constant Effect","0","0","Yes"
"sanguine hewing_en","Enchantment","Constant Effect","0","0","Yes"
"sanguine horny fist_en","Enchantment","Constant Effect","0","0","Yes"
"sanguine impaling thrust_en","Enchantment","Constant Effect","0","0","Yes"
"sanguine leaping_en","Enchantment","Constant Effect","0","0","Yes"
"sanguine martial craft_en","Enchantment","Constant Effect","0","0","Yes"
"sanguine nimble armor_en","Enchantment","Constant Effect","0","0","Yes"
"sanguine red wisdom_en","Enchantment","Constant Effect","0","0","Yes"
"sanguine safekeeping_en","Enchantment","Constant Effect","0","0","Yes"
"sanguine silver wisdom_en","Enchantment","Constant Effect","0","0","Yes"
"sanguine smiting_en","Enchantment","Constant Effect","0","0","Yes"
"sanguine stalking_en","Enchantment","Constant Effect","0","0","Yes"
"sanguine stolid armor_en","Enchantment","Constant Effect","0","0","Yes"
"sanguine sublime wisdom_en","Enchantment","Constant Effect","0","0","Yes"
"sanguine sureflight_en","Enchantment","Constant Effect","0","0","Yes"
"sanguine swiftblade_en","Enchantment","Constant Effect","0","0","Yes"
"sanguine transcendant wisdom_en","Enchantment","Constant Effect","0","0","Yes"
"sanguine transfiguring wisdom_e","Enchantment","Constant Effect","0","0","Yes"
"sanguine unseen wisdom_en","Enchantment","Constant Effect","0","0","Yes"
"sanil's murdrum_en","Enchantment","Cast When Used","45","225","Yes"
"sc_alvusiaswarping_en","Enchantment","Cast Once","38","38","Yes"
"sc_argentglow_en","Enchantment","Cast Once","36","36","Yes"
"sc_balefulsuffering_en","Enchantment","Cast Once","197","197","Yes"
"sc_blackdeath_en","Enchantment","Cast Once","40","40","Yes"
"sc_blackdespair_en","Enchantment","Cast Once","40","40","Yes"
"sc_blackfate_en","Enchantment","Cast Once","40","40","Yes"
"sc_blackmind_en","Enchantment","Cast Once","40","40","Yes"
"sc_blackscorn_en","Enchantment","Cast Once","40","40","Yes"
"sc_blacksloth_en","Enchantment","Cast Once","40","40","Yes"
"sc_blackstorm_en","Enchantment","Cast Once","69","69","Yes"
"sc_blackweakness_en","Enchantment","Cast Once","40","40","Yes"
"sc_bloodfire_en","Enchantment","Cast Once","18","18","Yes"
"sc_bloodthief_en","Enchantment","Cast Once","80","80","Yes"
"sc_bodily_restoration_en","Enchantment","Cast Once","8","8","No"
"sc_brevasavertedeyes_en","Enchantment","Cast Once","60","60","Yes"
"sc_celerity_en","Enchantment","Cast Once","60","60","Yes"
"sc_Chappy_sniper_test_en","Enchantment","Cast Once","675","675","Yes"
"sc_chridittespanacea_en","Enchantment","Cast Once","23","23","Yes"
"sc_corruptarcanix_en","Enchantment","Cast Once","75","75","Yes"
"sc_daerirsmiracle_en","Enchantment","Cast Once","100","100","Yes"
"sc_dawnsprite_en","Enchantment","Cast Once","60","60","Yes"
"sc_daydenespanacea_en","Enchantment","Cast Once","15","15","Yes"
"sc_daynarsairybubble_en","Enchantment","Cast Once","36","36","Yes"
"sc_dedresmasterfuleye_en","Enchantment","Cast Once","31","31","Yes"
"sc_didalasknack_en","Enchantment","Cast Once","90","90","Yes"
"sc_drathissoulrot_en","Enchantment","Cast Once","98","98","Yes"
"sc_drathiswinterguest_en","Enchantment","Cast Once","13","13","Yes"
"sc_ekashslocksplitter_en","Enchantment","Cast Once","45","45","Yes"
"sc_elementalburstfire_en","Enchantment","Cast Once","30","30","Yes"
"sc_elementalburstfrost_en","Enchantment","Cast Once","30","30","Yes"
"sc_elementalburstshock_en","Enchantment","Cast Once","42","42","Yes"
"sc_elevramssty_en","Enchantment","Cast Once","56","56","Yes"
"sc_fadersleadenflesh_en","Enchantment","Cast Once","56","56","Yes"
"sc_feldramstrepidation_en","Enchantment","Cast Once","225","225","Yes"
"sc_FiercelyRoastThyEnemy_en","Enchantment","Cast Once","156","156","Yes"
"sc_fifthbarrier_en","Enchantment","Cast Once","75","75","Yes"
"sc_firstbarrier_en","Enchantment","Cast Once","15","15","Yes"
"sc_flamebane_en","Enchantment","Cast Once","45","45","Yes"
"sc_flameguard_en","Enchantment","Cast Once","60","60","Yes"
"sc_fourthbarrier_en","Enchantment","Cast Once","60","60","Yes"
"sc_fphyggisgemfeeder_en","Enchantment","Cast Once","9","9","Yes"
"sc_frostbane_en","Enchantment","Cast Once","45","45","Yes"
"sc_frostguard_en","Enchantment","Cast Once","60","60","Yes"
"sc_galmsesseal_en","Enchantment","Cast Once","8","8","Yes"
"sc_gamblersprayer_en","Enchantment","Cast Once","90","90","Yes"
"sc_golnaraseyemaze_en","Enchantment","Cast Once","150","150","Yes"
"sc_gonarsgoad_en","Enchantment","Cast Once","45","45","Yes"
"sc_greaterdomination_en","Enchantment","Cast Once","675","1350","No"
"sc_greydeath_en","Enchantment","Cast Once","30","30","Yes"
"sc_greydespair_en","Enchantment","Cast Once","30","30","Yes"
"sc_greyfate_en","Enchantment","Cast Once","30","30","Yes"
"sc_greymind_en","Enchantment","Cast Once","30","30","Yes"
"sc_greyscorn_en","Enchantment","Cast Once","30","30","Yes"
"sc_greysloth_en","Enchantment","Cast Once","30","30","Yes"
"sc_greyweakness_en","Enchantment","Cast Once","30","30","Yes"
"sc_healing_en","Enchantment","Cast Once","13","13","Yes"
"sc_heartwise_en","Enchantment","Cast Once","60","60","Yes"
"sc_hellfire_en","Enchantment","Cast Once","47","47","Yes"
"sc_icarianflight_en","Enchantment","Cast Once","350","350","No"
"sc_illneasbreath_en","Enchantment","Cast Once","51","51","Yes"
"sc_inaschastening_en","Enchantment","Cast Once","18","18","Yes"
"sc_inasismysticfinger_en","Enchantment","Cast Once","30","30","Yes"
"sc_insight_en","Enchantment","Cast Once","60","60","Yes"
"sc_invisibility_en","Enchantment","Cast Once","60","60","Yes"
"sc_leaguestep_en","Enchantment","Cast Once","18","18","Yes"
"sc_lesserdomination_en","Enchantment","Cast Once","270","270","No"
"sc_llirosglowingeye_en","Enchantment","Cast Once","30","30","Yes"
"sc_lordmhasvengeance_en","Enchantment","Cast Once","36","36","Yes"
"sc_mageseye_en","Enchantment","Cast Once","30","30","Yes"
"sc_mageweal_en","Enchantment","Cast Once","120","120","Yes"
"sc_manarape_en","Enchantment","Cast Once","60","270","No"
"sc_mark_en","Enchantment","Cast Once","18","18","Yes"
"sc_messenger_en","Enchantment","Cast Once","36","36","Yes"
"sc_mindfeeder_en","Enchantment","Cast Once","120","120","Yes"
"sc_mondensinstigator_en","Enchantment","Cast Once","90","90","Yes"
"sc_nerusislockjaw_en","Enchantment","Cast Once","90","90","Yes"
"sc_ninthbarrier_en","Enchantment","Cast Once","560","575","No"
"sc_oathfast_en","Enchantment","Cast Once","60","60","Yes"
"sc_ondusisunhinging_en","Enchantment","Cast Once","15","15","Yes"
"sc_princeovsbrightball_en","Enchantment","Cast Once","36","36","Yes"
"sc_psychicprison_en","Enchantment","Cast Once","95","95","Yes"
"sc_purityofbody_en","Enchantment","Cast Once","100","350","No"
"sc_radiyasicymask_en","Enchantment","Cast Once","113","113","Yes"
"sc_radrenesspellbreaker_en","Enchantment","Cast Once","25","25","Yes"
"sc_reddeath_en","Enchantment","Cast Once","30","30","Yes"
"sc_reddespair_en","Enchantment","Cast Once","30","30","Yes"
"sc_redfate_en","Enchantment","Cast Once","30","30","Yes"
"sc_redmind_en","Enchantment","Cast Once","30","30","Yes"
"sc_redscorn_en","Enchantment","Cast Once","30","30","Yes"
"sc_redsloth_en","Enchantment","Cast Once","30","30","Yes"
"sc_redweakness_en","Enchantment","Cast Once","30","30","Yes"
"sc_restoration_en","Enchantment","Cast Once","53","53","Yes"
"sc_reynosbeastfinder_en","Enchantment","Cast Once","23","23","Yes"
"sc_reynosfins_en","Enchantment","Cast Once","90","1854","No"
"sc_salensvivication_en","Enchantment","Cast Once","25","25","Yes"
"sc_savagemight_en","Enchantment","Cast Once","60","60","Yes"
"sc_savagetyranny_en","Enchantment","Cast Once","33756","33756","No"
"sc_secondbarrier_en","Enchantment","Cast Once","30","30","Yes"
"sc_selisfieryward_en","Enchantment","Cast Once","113","113","Yes"
"sc_selynsmistslippers_en","Enchantment","Cast Once","36","36","Yes"
"sc_sertisesporphyry_en","Enchantment","Cast Once","45","45","Yes"
"sc_shockbane_en","Enchantment","Cast Once","30","30","Yes"
"sc_shockguard_en","Enchantment","Cast Once","120","120","Yes"
"sc_sixthbarrier_en","Enchantment","Cast Once","90","90","Yes"
"sc_soulrot_en","Enchantment","Cast Once","98","98","Yes"
"sc_stormward_en","Enchantment","Cast Once","113","113","Yes"
"sc_summonflameatronach_EN","Enchantment","Cast Once","69","69","Yes"
"sc_summonfrostatronach_EN","Enchantment","Cast Once","81","81","Yes"
"sc_summongoldensaint_EN","Enchantment","Cast Once","165","165","Yes"
"sc_summonskeletalminion","Enchantment","Cast Once","168","168","No"
"sc_supremedomination_en","Enchantment","Cast Once","1350","2700","No"
"sc_taldamsscorcher_en","Enchantment","Cast Once","13","13","Yes"
"sc_telvinscourage_en","Enchantment","Cast Once","63","126","No"
"sc_tendilstrembling_en","Enchantment","Cast Once","63","126","No"
"sc_tevilspeace_en","Enchantment","Cast Once","70","140","No"
"sc_tevralshawkshaw_en","Enchantment","Cast Once","90","90","Yes"
"sc_thirdbarrier_en","Enchantment","Cast Once","45","45","Yes"
"sc_tinurshoptoad_en","Enchantment","Cast Once","60","1080","No"
"sc_toususabidingbeast_en","Enchantment","Cast Once","36","36","Yes"
"sc_tranasasspellmire_en","Enchantment","Cast Once","150","800","No"
"sc_tranasasspelltrap_en","Enchantment","Cast Once","150","800","No"
"sc_tranasasspelltwist_en","Enchantment","Cast Once","150","800","No"
"sc_ulmjuicedasfeather_en","Enchantment","Cast Once","60","1200","No"
"sc_uthshandofheaven_en","Enchantment","Cast Once","75","150","No"
"sc_vaerminaspromise_en","Enchantment","Cast Once","360","360","Yes"
"sc_vigor_en","Enchantment","Cast Once","30","30","Yes"
"sc_vitality_en","Enchantment","Cast Once","30","30","Yes"
"sc_warriorsblessing_en","Enchantment","Cast Once","90","90","Yes"
"sc_windform_en","Enchantment","Cast Once","4560","4560","Yes"
"sc_windwalker_en","Enchantment","Cast Once","1560","3120","No"
"seasplitter_en","Enchantment","Cast On Strike","12","120","Yes"
"second barrier_en","Enchantment","Cast When Used","30","150","Yes"
"seizing_en","Enchantment","Cast When Used","75","375","Yes"
"Septim's Blessing_EN","Enchantment","Cast When Used","120","600","Yes"
"seryn's blessing_en","Enchantment","Cast When Used","20","100","Yes"
"severedleg_en","Enchantment","Cast On Strike","82","820","Yes"
"shadow form_en","Enchantment","Cast When Used","3","15","Yes"
"shadow_shield_en","Enchantment","Cast When Used","25","125","Yes"
"shadowmask_en","Enchantment","Cast When Used","28","140","Yes"
"shadowstrike_en","Enchantment","Cast On Strike","293","2930","No"
"shadowweave_en","Enchantment","Cast When Used","20","100","Yes"
"shalk toxin_en","Enchantment","Cast On Strike","9","90","Yes"
"shard_en","Enchantment","Cast On Strike","1","10","Yes"
"shard_enu","Enchantment","Cast When Used","1","5","Yes"
"shardbolt_en","Enchantment","Cast When Used","1","5","Yes"
"Sheogorath's Seal","Enchantment","Constant Effect","0","0","Yes"
"shield_en","Enchantment","Cast When Used","5","25","Yes"
"shock barrier_en","Enchantment","Cast When Used","8","40","Yes"
"shockball_en","Enchantment","Cast When Used","9","45","Yes"
"shockeater robe_en","Enchantment","Cast When Used","155","775","Yes"
"shockguard_en","Enchantment","Cast When Used","30","150","Yes"
"shocking touch_en","Enchantment","Cast On Strike","5","50","Yes"
"shocking touch_enu","Enchantment","Cast When Used","5","25","Yes"
"shockmirror robe_en","Enchantment","Cast When Used","155","775","Yes"
"shoesstrilms_en","Enchantment","Constant Effect","0","0","No"
"silence_en","Enchantment","Cast On Strike","15","150","Yes"
"silence_enu","Enchantment","Cast When Used","15","75","Yes"
"silver staff of chastening_en","Enchantment","Cast On Strike","7","70","Yes"
"silver staff of divine judge_en","Enchantment","Cast On Strike","7","70","Yes"
"silver staff of reckoning_en","Enchantment","Cast On Strike","24","240","Yes"
"silver staff of shaming_en_en","Enchantment","Cast On Strike","9","90","Yes"
"silver staff of war_en","Enchantment","Cast On Strike","7","70","Yes"
"silverdawn_en_uniq","Enchantment","Cast On Strike","25","250","No"
"skullcrusher_en","Enchantment","Constant Effect","0","0","No"
"slave_bracer_en","Enchantment","Constant Effect","0","0","Yes"
"sleep_en","Enchantment","Cast When Used","4","20","Yes"
"sloth_en","Enchantment","Constant Effect","0","0","Yes"
"slowfall_en","Enchantment","Cast When Used","45","225","Yes"
"snow shield","Enchantment","Constant Effect","0","0","No"
"snowprince_en","Enchantment","Cast On Strike","25","250","Yes"
"soulpinch_en","Enchantment","Cast When Used","4","20","Yes"
"spark_en","Enchantment","Cast On Strike","1","10","Yes"
"spark_enu","Enchantment","Cast On Strike","1","10","Yes"
"sparkbolt_en","Enchantment","Cast When Used","1","5","Yes"
"sparkbolt_enu","Enchantment","Cast On Strike","1","10","Yes"
"spear_uvenim_en","Enchantment","Cast On Strike","11","110","Yes"
"spell absorption_en","Enchantment","Cast When Used","25","125","Yes"
"Spell Breaker","Enchantment","Cast When Used","360","1800","Yes"
"sphere of negation_en","Enchantment","Cast When Used","9","45","Yes"
"spider venom_en","Enchantment","Cast On Strike","4","40","Yes"
"spirit knife_en","Enchantment","Cast When Used","4","20","Yes"
"Spirit Warrior_en","Enchantment","Cast When Used","30","150","Yes"
"spite_en","Enchantment","Cast On Strike","34","340","Yes"
"stamina_en","Enchantment","Cast When Used","1","5","Yes"
"steel jinkblade of the aegis_en","Enchantment","Cast On Strike","44","440","Yes"
"steel staff of chastening_en","Enchantment","Cast On Strike","4","40","Yes"
"steel staff of divine judgem_en","Enchantment","Cast On Strike","4","40","Yes"
"steel staff of shaming_en","Enchantment","Cast On Strike","4","40","Yes"
"steel staff of war_en","Enchantment","Cast On Strike","3","30","Yes"
"stendarr_hammer_en","Enchantment","Cast On Strike","2","20","No"
"Stendarran Blessing_EN","Enchantment","Cast When Used","30","150","Yes"
"stfelms_en","Enchantment","Cast On Strike","4","40","Yes"
"sting_en","Enchantment","Cast On Strike","6","60","Yes"
"stllothis_en","Enchantment","Cast On Strike","37","370","Yes"
"stormhand_en","Enchantment","Cast When Used","6","30","Yes"
"stronghand_en","Enchantment","Cast When Used","17","85","Yes"
"stroris","Enchantment","Constant Effect","0","0","Yes"
"stroris_en","Enchantment","Cast When Used","5","25","Yes"
"stumble_en","Enchantment","Cast When Used","4","20","Yes"
"suicide_en","Enchantment","Cast When Used","24","120","No"
"summon ancestral ghost_en","Enchantment","Cast When Used","21","105","Yes"
"summon bonelord_en","Enchantment","Cast When Used","75","375","Yes"
"summon clanfear_en","Enchantment","Cast When Used","66","330","Yes"
"summon daedroth_en","Enchantment","Cast When Used","48","240","Yes"
"summon dremora_en","Enchantment","Cast When Used","84","420","Yes"
"summon flame atronarch_en","Enchantment","Cast When Used","69","345","Yes"
"summon frost atronarch_en","Enchantment","Cast When Used","81","405","Yes"
"summon golden saint_en","Enchantment","Cast When Used","83","415","Yes"
"summon greater bonewalker_en","Enchantment","Cast When Used","45","225","Yes"
"summon least bonewalker_en","Enchantment","Cast When Used","39","195","Yes"
"summon scamp_en","Enchantment","Cast When Used","36","180","Yes"
"summon skeletal minion_en","Enchantment","Cast When Used","39","195","Yes"
"summon storm atronarch_en","Enchantment","Cast When Used","114","570","Yes"
"summon tar thief_en","Enchantment","Cast When Used","44","220","Yes"
"summon winged twilight_en","Enchantment","Cast When Used","78","390","Yes"
"summon_daedroth_HTO_en","Enchantment","Cast Once","192","192","Yes"
"sunder_en","Enchantment","Cast When Used","170","850","Yes"
"sunder_rev2_en","Enchantment","Constant Effect","0","0","Yes"
"surefeet_en_unique","Enchantment","Constant Effect","0","0","Yes"
"sword_soscean_en","Enchantment","Cast On Strike","1","10","Yes"
"tailored_trousers_EN","Enchantment","Constant Effect","0","0","Yes"
"teeth_en","Enchantment","Constant Effect","0","0","No"
"telekinesis_en","Enchantment","Cast When Used","6","30","Yes"
"tenpaceboots_en","Enchantment","Cast When Used","318","1590","Yes"
"test magic axe","Enchantment","Cast Once","4","4","Yes"
"tevral's hawkshaw_en","Enchantment","Cast When Used","5","25","Yes"
"the master's circle","Enchantment","Constant Effect","0","0","Yes"
"theranafeather_en_uniq","Enchantment","Constant Effect","0","0","Yes"
"thief_en","Enchantment","Cast When Used","23","115","Yes"
"third barrier_en","Enchantment","Cast When Used","15","75","Yes"
"thong_en","Enchantment","Cast When Used","28","140","Yes"
"tinur's hoptoad_en","Enchantment","Cast When Used","30","150","Yes"
"torpor_en","Enchantment","Cast On Strike","1","10","Yes"
"toxic cloud_en","Enchantment","Cast When Used","144","720","Yes"
"tracker longsword","Enchantment","Cast On Strike","0","0","No"
"tranasa's spelltrap_en","Enchantment","Cast When Used","125","625","Yes"
"treachery_en","Enchantment","Constant Effect","0","0","No"
"trebonius_staff_en","Enchantment","Cast On Strike","65","6500","No"
"ulms juicedaw's feather_en","Enchantment","Cast When Used","25","125","Yes"
"umbra's hunger","Enchantment","Cast When Used","18","90","Yes"
"unity_amulet_en_unique","Enchantment","Cast When Used","300","1500","Yes"
"vampire's kiss_en","Enchantment","Cast When Used","2","10","Yes"
"vampire's touch","Enchantment","Cast When Used","150","300","No"
"veloth's benison_en","Enchantment","Cast When Used","3","15","Yes"
"veloth's judgement_unique","Enchantment","Cast On Strike","40","400","No"
"veloth's malison_en","Enchantment","Cast On Strike","14","420","No"
"vigor_en","Enchantment","Cast When Used","1","5","Yes"
"viper_en","Enchantment","Cast On Strike","25","250","Yes"
"viper_enu","Enchantment","Cast On Strike","16","160","Yes"
"viperbolt_en","Enchantment","Cast When Used","2","10","Yes"
"vitality_en","Enchantment","Cast When Used","19","95","Yes"
"vivec's kiss_en","Enchantment","Cast On Strike","15","150","Yes"
"ward of araynys","Enchantment","Cast When Used","98","490","Yes"
"ward of dagoth","Enchantment","Cast When Used","568","2840","Yes"
"ward of endus","Enchantment","Cast When Used","120","600","Yes"
"ward of gilvoth","Enchantment","Cast When Used","184","920","Yes"
"ward of odros","Enchantment","Cast When Used","120","600","Yes"
"ward of tureynul","Enchantment","Cast When Used","375","1875","Yes"
"ward of uthol","Enchantment","Cast When Used","128","640","Yes"
"ward of vemyn","Enchantment","Cast When Used","180","900","Yes"
"warlock's sphere","Enchantment","Cast When Used","248","1240","Yes"
"watchful spirit","Enchantment","Constant Effect","0","0","No"
"water walking_en","Enchantment","Cast When Used","3","15","Yes"
"we_hellfirestaff_en","Enchantment","Cast On Strike","16","200","No"
"we_illkurok_en","Enchantment","Constant Effect","0","0","Yes"
"we_shimsil_en","Enchantment","Cast When Used","38","190","Yes"
"we_soultrap_en","Enchantment","Cast On Strike","3","30","Yes"
"we_stormforge_en","Enchantment","Cast On Strike","45","450","Yes"
"we_temreki_en","Enchantment","Cast On Strike","21","210","Yes"
"weakness to fire_en","Enchantment","Cast On Strike","5","50","Yes"
"weakness to frost_en","Enchantment","Cast On Strike","5","50","Yes"
"weakness to poison_en","Enchantment","Cast On Strike","8","80","Yes"
"weakness to shock_en","Enchantment","Cast On Strike","8","80","Yes"
"weariness_en","Enchantment","Cast When Used","1","5","Yes"
"weeping wound_en","Enchantment","Cast When Used","5","25","Yes"
"weight of the apostle","Enchantment","Cast When Used","158","790","Yes"
"whitewalker_en","Enchantment","Constant Effect","0","0","No"
"wideranging_en","Enchantment","Cast When Used","30","150","Yes"
"widowmaker_en","Enchantment","Cast When Used","46","230","Yes"
"wild fire_en","Enchantment","Cast When Used","20","100","Yes"
"wild flame_en","Enchantment","Cast On Strike","3","30","Yes"
"wild frost_en","Enchantment","Cast On Strike","3","30","Yes"
"wild levitate_en","Enchantment","Cast When Used","76","380","Yes"
"wild shard_en","Enchantment","Cast On Strike","4","40","Yes"
"wild spark_en","Enchantment","Cast On Strike","4","40","Yes"
"wild viper_en","Enchantment","Cast On Strike","5","50","Yes"
"wildjack","Enchantment","Cast When Used","270","1350","Yes"
"will_en","Enchantment","Constant Effect","0","0","Yes"
"Wind Whisper","Enchantment","Constant Effect","0","0","Yes"
"winterwound_en","Enchantment","Cast On Strike","85","850","Yes"
"wisdom_en","Enchantment","Cast When Used","1","5","Yes"
"wit-weaver_en","Enchantment","Cast When Used","17","85","Yes"
"wizard's fire_en","Enchantment","Cast When Used","8","40","Yes"
"wizard's staff_en","Enchantment","Cast When Used","132","1320","No"
"woe_en","Enchantment","Cast When Used","4","20","Yes"
"wolfwalking_en","Enchantment","Constant Effect","0","0","No"
"wound_en","Enchantment","Cast On Strike","50","500","Yes"
"wound_enu","Enchantment","Cast When Used","2","10","Yes"
"wraithguard_en","Enchantment","Constant Effect","0","0","Yes"
"Wrath of Magnus","Enchantment","Cast When Used","1140","5700","Yes"
"wrath_en","Enchantment","Constant Effect","0","0","Yes"
"zeal_en","Enchantment","Constant Effect","0","0","Yes"
"Zenithar_blessing_EN","Enchantment","Cast When Used","13","65","Yes"
"Zenithar_gospel_EN","Enchantment","Cast When Used","10","50","Yes"
"Zenithar_whispers_EN","Enchantment","Cast When Used","38","190","Yes"
