"ID","ItemType","Name","Value","Weight","Model","Inventory","Script"
"food_kwama_egg_01","Ingredient","Small Kwama Egg","1","0.50","f\Food_kwama_egg_01.NIF","m\Tx_food_kwama_egg_01.tga",""
"food_kwama_egg_02","Ingredient","Large Kwama Egg","2","2.00","f\Food_kwama_egg_02.NIF","m\Tx_food_kwama_egg_01.tga",""
"ingred_6th_corprusmeat_01","Ingredient","Large Wrapped Corprusmeat","0","1.00","n\Ingred_6th_Corpusmeat_01.NIF","n\Ingred_6th_Corpusmeat_01.tga",""
"ingred_6th_corprusmeat_02","Ingredient","Small Wrapped Corprusmeat","0","0.20","n\Ingred_6th_Corpusmeat_02.NIF","n\Ingred_6th_Corpusmeat_02.tga",""
"ingred_6th_corprusmeat_03","Ingredient","Medium Wrapped Corprusmeat","0","0.50","n\Ingred_6th_Corpusmeat_03.NIF","n\Ingred_6th_Corpusmeat_03.tga",""
"ingred_6th_corprusmeat_04","Ingredient","Wrapped Corprusmeat Hunk","0","0.00","n\Ingred_6th_Corpusmeat_04.NIF","n\Ingred_6th_Corpusmeat_04.tga",""
"ingred_6th_corprusmeat_05","Ingredient","Large Corprusmeat Hunk","0","1.00","n\Ingred_6th_Corpusmeat_05.NIF","n\Ingred_6th_Corpusmeat_05.tga",""
"ingred_6th_corprusmeat_06","Ingredient","Medium Corprusmeat Hunk","0","0.50","n\Ingred_6th_Corpusmeat_06.NIF","n\Ingred_6th_Corpusmeat_06.tga",""
"ingred_6th_corprusmeat_07","Ingredient","Small Corprusmeat Hunk","0","0.20","n\Ingred_6th_Corpusmeat_07.NIF","n\Ingred_6th_Corpusmeat_07.tga",""
"ingred_adamantium_ore_01","Ingredient","Adamantium Ore","300","50.00","n\Ingred_raw_adam.NIF","n\tx_adamantium.dds",""
"ingred_alit_hide_01","Ingredient","Alit Hide","5","1.00","n\Ingred_Alit_Hide_01.nif","n\Tx_alit_hide_01.tga",""
"ingred_ash_salts_01","Ingredient","Ash Salts","25","0.10","n\Ingred_ash_salts_01.NIF","n\Tx_ashsalts_01.tga",""
"ingred_ash_yam_01","Ingredient","Ash Yam","1","0.50","n\Ingred_ash_yam_01.nif","n\Tx_ashyam_01.tga",""
"ingred_bc_ampoule_pod","Ingredient","Ampoule Pod","2","0.10","n\Ingred_BC_Ampoule_Pod.NIF","n\Ingred_BC_Ampoule_Pod.tga",""
"ingred_bc_bungler's_bane","Ingredient","Bungler's Bane","1","0.50","n\Ingred_BC_Bungler's_Bane.NIF","n\Ingred_BC_Bungler's_Bane.tga",""
"ingred_bc_coda_flower","Ingredient","Coda Flower","23","0.10","n\Ingred_BC_Coda_Flower.NIF","n\Ingred_BC_Coda_Flower.tga",""
"ingred_bc_hypha_facia","Ingredient","Hypha Facia","1","0.10","n\Ingred_BC_Hypha_Facia.NIF","n\Ingred_BC_Hypha_Facia.tga",""
"ingred_bc_spore_pod","Ingredient","Spore Pod","1","0.10","n\Ingred_BC_Spore_Pod.NIF","n\Ingred_BC_Spore_Pod.tga",""
"ingred_bear_pelt","Ingredient","Bear Pelt","2","1.00","n\Ingred_Hide_BrnBear.NIF","n\Tx_ingred_Hide_BrnBear.dds",""
"ingred_belladonna_01","Ingredient","Ripened Belladonna Berries","5","0.10","n\Ingred_BM_belladonna_01.NIF","n\Tx_ingred_belladonna_01.dds",""
"ingred_belladonna_02","Ingredient","Unripened Belladonna Berries","5","0.10","n\Ingred_BM_belladonna_01.NIF","n\Tx_ingred_belladonna_01.dds",""
"ingred_bittergreen_petals_01","Ingredient","Bittergreen Petals","5","0.10","n\Ingred_Bittergreen_01.nif","n\Tx_bittergreen_petal_01.tga",""
"ingred_black_anther_01","Ingredient","Black Anther","2","0.10","n\Ingred_Black_Anther_01.nif","n\Tx_black_anther_01.tga",""
"ingred_black_lichen_01","Ingredient","Black Lichen","2","0.10","n\Ingred_Black_Lichen_01.nif","n\Tx_black_lichen_01.tga",""
"ingred_bloat_01","Ingredient","Bloat","5","0.10","n\Ingred_ash_salts_01.NIF","n\Tx_ashsalts_01.tga",""
"ingred_blood_innocent_unique","Ingredient","Blood of an Innocent","25","0.10","n\Ingred_Red_Lichen_01.nif","n\Tx_red_lichen_01.tga",""
"ingred_boar_leather","Ingredient","Bristleback Leather","2","1.00","m\BoarLeather.NIF","m\Tx_BoarLeather.dds",""
"ingred_bonemeal_01","Ingredient","Bonemeal","2","0.20","n\Ingred_Blonemeal_01.nif","n\Tx_bonemeal_01.tga",""
"ingred_bread_01","Ingredient","Bread","1","0.20","n\Ingred_bread_01.NIF","m\Tx_bread_01.tga",""
"ingred_bread_01_UNI2","Ingredient","Bread","1","0.20","n\Ingred_bread_01.NIF","m\Tx_bread_01.tga",""
"ingred_bread_01_UNI3","Ingredient","Muffin","1","0.20","n\Ingred_bread_01.NIF","m\Tx_bread_01.tga",""
"ingred_chokeweed_01","Ingredient","Chokeweed","1","0.10","n\Ingred_Chokeweed_01.nif","n\Tx_chokeweed_01.tga",""
"ingred_comberry_01","Ingredient","Comberry","2","0.10","n\Ingred_Comberry_01.nif","n\Tx_comberry_01.tga",""
"ingred_coprinus_01","Ingredient","Violet Coprinus","1","0.50","n\Ingred_coprinus_01.NIF","n\Tx_coprinus_01.tga",""
"ingred_corkbulb_root_01","Ingredient","Corkbulb Root","5","0.10","n\Ingred_Corkbulb_Root_01.nif","n\Tx_corkbulb_root_01.tga",""
"ingred_corprus_weepings_01","Ingredient","Corprus weepings","50","0.10","n\Ingred_Corprus_weeping_01.NIF","n\Tx_corprus_weep_01.tga",""
"ingred_crab_meat_01","Ingredient","Crab Meat","1","0.50","n\Ingred_crabmeat_01.NIF","n\Tx_crabmeat_01.tga",""
"ingred_cursed_daedras_heart_01","Ingredient","Daedra's Heart","200","1.00","n\Ingred_Daedra_heart_01.NIF","n\Tx_daedra_heart_01.tga","BILL_MarksDaedraSummon"
"ingred_Dae_cursed_diamond_01","Ingredient","Diamond","250","0.20","n\Ingred_diamond_01.NIF","n\Tx_diamond.tga","BILL_MarksDaedraSummon"
"ingred_Dae_cursed_emerald_01","Ingredient","Emerald","150","0.20","n\Ingred_emerald_01.NIF","n\Tx_emerald.tga","BILL_MarksDaedraSummon"
"ingred_Dae_cursed_pearl_01","Ingredient","Pearl","100","0.20","n\Ingred_pearl_01.NIF","n\Tx_pearl.tga","BILL_MarksDaedraSummon"
"ingred_Dae_cursed_raw_ebony_01","Ingredient","Raw Ebony","200","10.00","n\Ingred_RawEbony_01.NIF","n\Tx_RawEbony.tga","BILL_MarksDaedraSummon"
"ingred_Dae_cursed_ruby_01","Ingredient","Ruby","200","0.20","n\Ingred_ruby_01.NIF","n\Tx_ruby.tga","BILL_MarksDaedraSummon"
"ingred_daedra_skin_01","Ingredient","Daedra Skin","200","0.20","n\Ingred_Daedra_skin_01.NIF","n\Tx_daedra_skin_01.tga",""
"ingred_daedras_heart_01","Ingredient","Daedra's Heart","200","1.00","n\Ingred_Daedra_heart_01.NIF","n\Tx_daedra_heart_01.tga",""
"ingred_diamond_01","Ingredient","Diamond","250","0.20","n\Ingred_diamond_01.NIF","n\Tx_diamond.tga",""
"ingred_dreugh_wax_01","Ingredient","Dreugh Wax","100","0.20","n\Ingred_Dreugh_wax_01.NIF","n\Tx_dreugh_wax_01.tga",""
"ingred_durzog_meat_01","Ingredient","Durzog Meat","7","2.00","n\Ingred_durzog_meat_01.NIF","n\Tx_durzog_meat_01.dds",""
"ingred_ectoplasm_01","Ingredient","Ectoplasm","10","0.10","n\Ingred_Ectoplasm_01.nif","n\Tx_ectoplasm_01.tga",""
"ingred_emerald_01","Ingredient","Emerald","150","0.20","n\Ingred_emerald_01.NIF","n\Tx_emerald.tga",""
"ingred_emerald_pinetear","Ingredient","Pinetear","50","0.20","n\Ingred_emerald_01.nif","n\Tx_emerald.tga",""
"ingred_eyeball","Ingredient","Grahl Eyeball","15","1.00","m\BM_FlamingEyeBall.NIF","m\Tx_FlamingEye.dds",""
"ingred_eyeball_unique","Ingredient","Flaming Eye of the Lightkeeper","15","1.00","m\BM_FlamingEyeBall.NIF","m\Tx_FlamingEye.dds",""
"ingred_fire_petal_01","Ingredient","Fire Petal","2","0.10","n\Ingred_Fire_Petal_01.nif","n\Tx_firepetal_01.tga",""
"ingred_fire_salts_01","Ingredient","Fire Salts","100","0.10","n\Ingred_Fire_Salts_01.nif","n\Tx_firesalt_01.tga",""
"ingred_frost_salts_01","Ingredient","Frost Salts","75","0.10","n\Ingred_Frost_Salts_01.nif","n\Tx_frostsalt_01.tga",""
"ingred_ghoul_heart_01","Ingredient","Ghoul Heart","150","0.50","n\Ingred_Ghoul_heart_01.nif","n\Tx_ghoul_heart_01.tga",""
"ingred_gold_kanet_01","Ingredient","Gold Kanet","5","0.10","n\Ingred_Gold_Kanet_01.nif","n\Tx_goldkanet_01.tga",""
"ingred_gold_kanet_unique","Ingredient","Roland's Tear","5","0.10","n\Ingred_Gold_Kanet_01.nif","n\Tx_goldkanet_01.tga",""
"Ingred_golden_sedge_01","Ingredient","Golden Sedge Flowers","1","1.00","n\Ingred_golden_sedge_01.NIF","n\Tx_golden_sedge_01.dds",""
"ingred_gravedust_01","Ingredient","Gravedust","1","0.10","n\Ingred_Gravedust_01.nif","n\Tx_gravedust_01.tga",""
"ingred_gravetar_01","Ingredient","Gravetar","5","0.10","n\Ingred_BM_holly_01.NIF","n\Tx_ingred_holly_01.dds",""
"ingred_green_lichen_01","Ingredient","Green Lichen","1","0.10","n\Ingred_Green_Lichen_01.nif","n\Tx_greenlichen_01.tga",""
"ingred_guar_hide_01","Ingredient","Guar Hide","5","1.00","n\Ingred_Guar_Hide_01.nif","n\Tx_guarhide_01.tga",""
"ingred_guar_hide_girith","Ingredient","Girith's Guar Hide","5","1.00","n\Ingred_Guar_Hide_01.nif","n\Tx_guarhide_01.tga",""
"ingred_guar_hide_marsus","Ingredient","Marsus' Guar Hide","5","1.00","n\Ingred_Guar_Hide_01.nif","n\Tx_guarhide_01.tga",""
"ingred_hackle-lo_leaf_01","Ingredient","Hackle-Lo Leaf","30","0.10","n\Ingred_Hackle-Lo_01.nif","n\Tx_hackle-lo_01.tga",""
"ingred_heartwood_01","Ingredient","Heartwood","200","1.00","m\Heartwood.NIF","m\Tx_Heartwood.dds",""
"ingred_heather_01","Ingredient","Heather","1","0.10","n\Ingred_Heather_01.nif","n\Tx_heather_01.tga",""
"ingred_holly_01","Ingredient","Holly Berries","5","0.10","n\Ingred_BM_holly_01.NIF","n\Tx_ingred_holly_01.dds",""
"ingred_horker_tusk_01","Ingredient","Horker Tusk","5","0.10","m\HorkerTusk.NIF","m\Tx_HorkerTusk.dds",""
"Ingred_horn_lily_bulb_01","Ingredient","Horn Lily Bulb","1","1.00","n\Ingred_horn_lily_bulb_01.NIF","n\Tx_horn_lily_bulb_01.dds",""
"ingred_hound_meat_01","Ingredient","Hound Meat","2","1.00","n\Ingred_Hound_Meat_01.nif","n\Tx_houndmeat_01.tga",""
"ingred_human_meat_01","Ingredient","Human Flesh","1","1.00","n\Ingred_Rat_Meat_01.nif","n\Tx_rat_meat_01.tga",""
"ingred_innocent_heart","Ingredient","Heart of an Innocent","10","1.00","n\Ingred_Daedra_heart_01.NIF","n\Tx_daedra_heart_01.tga",""
"ingred_kagouti_hide_01","Ingredient","Kagouti Hide","2","1.00","n\Ingred_Kagouti_Hide_01.nif","n\Tx_kagouti_hide_01.tga",""
"ingred_kresh_fiber_01","Ingredient","Kresh Fiber","1","0.10","n\Ingred_Kresh_Fiber_01.nif","n\Tx_kresh_fiber_01.tga",""
"ingred_kwama_cuttle_01","Ingredient","Kwama Cuttle","2","0.10","n\Ingred_kwama_cuttle_01.nif","n\Tx_kwama_cuttle.tga",""
"Ingred_lloramor_spines_01","Ingredient","Lloramor Spines","1","1.00","n\Ingred_lloramor_spines_01.NIF","n\Tx_lloramor_spines_01.dds",""
"ingred_marshmerrow_01","Ingredient","Marshmerrow","1","0.10","n\Ingred_marshmerrow_01.NIF","n\TX_Ing_marshmerrow.tga",""
"Ingred_meadow_rye_01","Ingredient","Meadow Rye","1","1.00","n\Ingred_meadow_rye_01.NIF","n\Tx_meadow_rye_01.dds",""
"ingred_moon_sugar_01","Ingredient","Moon Sugar","50","0.10","n\Ingred_Moon_Sugar_01.nif","n\Tx_moon_sugar_01.tga",""
"ingred_muck_01","Ingredient","Muck","1","0.10","n\Ingred_Muck_01.nif","n\Tx_muck_01.tga",""
"ingred_netch_leather_01","Ingredient","Netch Leather","1","1.00","n\Ingred_Netch_Leather_01.nif","n\Tx_netch_leather_01.tga",""
"Ingred_nirthfly_stalks_01","Ingredient","Nirthfly Stalks","1","1.00","n\Ingred_nirthfly_stalks_01.NIF","n\Tx_nirthfly_stalks_01.dds",""
"Ingred_noble_sedge_01","Ingredient","Noble Sedge Flowers","1","1.00","n\Ingred_noble_sedge_01.NIF","n\Tx_noble_sedge_01.dds",""
"ingred_pearl_01","Ingredient","Pearl","100","0.20","n\Ingred_pearl_01.NIF","n\Tx_pearl.tga",""
"ingred_racer_plumes_01","Ingredient","Racer Plumes","20","0.10","n\Ingred_Racer_Plumes_01.nif","n\Tx_racer_plumes_01.tga",""
"ingred_rat_meat_01","Ingredient","Rat Meat","1","1.00","n\Ingred_Rat_Meat_01.nif","n\Tx_rat_meat_01.tga",""
"ingred_raw_ebony_01","Ingredient","Raw Ebony","200","10.00","n\Ingred_RawEbony_01.NIF","n\Tx_RawEbony.tga",""
"ingred_raw_glass_01","Ingredient","Raw Glass","200","2.00","n\Ingred_Raw_Glass_01.nif","n\Tx_RawGlass.tga",""
"ingred_raw_glass_tinos","Ingredient","Raw Glass","200","2.00","n\Ingred_Raw_Glass_01.nif","n\Tx_RawGlass.tga",""
"ingred_raw_Stalhrim_01","Ingredient","Raw Stalhrim","300","5.00","n\Ingred_BM_stalhrim_01.NIF","n\Tx_ingred_stalhrim_01.dds",""
"ingred_red_lichen_01","Ingredient","Red Lichen","25","0.10","n\Ingred_Red_Lichen_01.nif","n\Tx_red_lichen_01.tga",""
"ingred_resin_01","Ingredient","Resin","10","0.10","n\Ingred_resin_01.nif","n\Tx_resin_01.tga",""
"ingred_roobrush_01","Ingredient","Roobrush","1","0.10","n\Ingred_Roobrush_01.nif","n\Tx_roobrush_01.tga",""
"ingred_ruby_01","Ingredient","Ruby","200","0.20","n\Ingred_ruby_01.NIF","n\Tx_ruby.tga",""
"ingred_russula_01","Ingredient","Luminous Russula","1","0.20","n\Ingred_russula_01.NIF","n\Tx_russula_01.tga",""
"ingred_saltrice_01","Ingredient","Saltrice","1","0.10","n\Ingred_saltrice_01.NIF","n\Tx_saltrice_01.tga",""
"ingred_scales_01","Ingredient","Scales","2","0.20","n\Ingred_Scales_01.nif","n\Tx_scales_01.tga",""
"ingred_scamp_skin_01","Ingredient","Scamp Skin","10","0.10","n\Ingred_Scamp_Skin_01.nif","n\Tx_scamp_skin_01.tga",""
"ingred_scathecraw_01","Ingredient","Scathecraw","2","0.10","n\Ingred_Scathecraw_01.nif","n\Tx_scathecraw_01.tga",""
"ingred_scrap_metal_01","Ingredient","Scrap Metal","20","10.00","n\Ingred_Scrap_Metal_01.nif","n\Tx_scrapmetal_01.tga",""
"Ingred_scrib_cabbage_01","Ingredient","Scrib Cabbage","1","1.00","n\Ingred_scrib_cabbage_01.NIF","n\Tx_scrib_cabbage_01.dds",""
"ingred_scrib_jelly_01","Ingredient","Scrib Jelly","10","0.10","n\Ingred_Scrib_Jelly_01.nif","n\Tx_scrib_jelly_01.tga",""
"ingred_scrib_jelly_02","Ingredient","Meteor Slime","10","0.10","n\Ingred_Scrib_Jelly_01.nif","n\Tx_scrib_jelly_01.tga",""
"ingred_scrib_jerky_01","Ingredient","Scrib Jerky","5","0.20","n\Ingred_Scrib_Jerky_01.nif","n\Tx_scrib_jerky_01.tga",""
"ingred_scuttle_01","Ingredient","Scuttle","10","0.10","n\Ingred_Scuttle_01.nif","n\Tx_scuttle_01.tga",""
"ingred_shalk_resin_01","Ingredient","Shalk Resin","50","0.10","n\Ingred_Shalk_Resin_01.nif","n\Tx_shalk_resin_01.tga",""
"ingred_sload_soap_01","Ingredient","Sload Soap","50","0.10","n\Ingred_Sload_Soap_01.nif","n\Tx_sload_soap_01.tga",""
"ingred_snowbear_pelt_unique","Ingredient","Snow Bear Pelt","2","1.00","n\Ingred_Hide_WhtBear.NIF","n\Tx_ingred_Hide_WhtBear.dds",""
"ingred_snowwolf_pelt_unique","Ingredient","Snow Wolf Pelt","2","1.00","n\Ingred_Hide_WhtWolf.NIF","n\Tx_ingred_Hide_WhtWolf.dds",""
"ingred_stoneflower_petals_01","Ingredient","Stoneflower Petals","1","0.10","n\Ingred_Stoneflower_01.nif","n\Tx_stoneflower_01.tga",""
"Ingred_sweetpulp_01","Ingredient","Sweetpulp","1","1.00","n\Ingred_sweetpulp_01.NIF","n\Tx_sweetpulp_01.dds",""
"Ingred_timsa-come-by_01","Ingredient","Timsa-Come-By flowers","1","1.00","n\Ingred_timsa-come-by_01.NIF","n\Tx_timsa-come-by_01.dds",""
"ingred_trama_root_01","Ingredient","Trama Root","10","0.10","n\Ingred_Trama_Root_01.nif","n\Tx_trama_root_01.tga",""
"ingred_treated_bittergreen_uniq","Ingredient","Treated Bittergreen Petals","10","0.10","n\Ingred_Bittergreen_01.nif","n\Tx_bittergreen_petal_01.tga",""
"ingred_udyrfrykte_heart","Ingredient","Heart of the Udyrfrykte","300","5.00","n\Ingred_Daedra_heart_01.NIF","n\Tx_daedra_heart_01.tga",""
"ingred_vampire_dust_01","Ingredient","Vampire Dust","500","0.10","n\Ingred_Vampire_Dust_01.nif","n\Tx_vampire_dust_01.tga",""
"ingred_void_salts_01","Ingredient","Void Salts","100","0.10","n\Ingred_Void_Salts_01.nif","n\Tx_void_salts_01.tga",""
"ingred_wickwheat_01","Ingredient","Wickwheat","1","0.10","n\Ingred_Whickwheat_01.nif","n\Tx_whickwheat_01.tga",""
"ingred_willow_anther_01","Ingredient","Willow Anther","10","0.10","n\Ingred_Willow_Anther_01.nif","n\Tx_willow_anther_01.tga",""
"ingred_wolf_heart","Ingredient","Heart of the Wolf","100","1.00","n\Ingred_Daedra_heart_01.NIF","n\Tx_daedra_heart_01.tga",""
"ingred_wolf_pelt","Ingredient","Wolf Pelt","2","1.00","n\Ingred_Hide_GryWolf.NIF","n\Tx_ingred_Hide_GryWolf.dds",""
"ingred_wolfsbane_01","Ingredient","Wolfsbane Petals","5","0.10","n\Ingred_BM_wolfsbane_01.NIF","n\Tx_ingred_wolfsbane_01.dds",""
"poison_goop00","Ingredient","Poison","0","0.10","n\Ingred_Corprus_weeping_01.NIF","n\Tx_corprus_weep_01.tga",""
"T_IngCrea_Ambergris","Ingredient","Ambergris","400","1.50","sky\n\sky_ingred_ambergris.nif","sky\n\tx_ingred_ambergris.tga",""
"T_IngCrea_Ambergris_float","Ingredient","Ambergris","400","1.50","sky\n\sky_ingred_ambergris.nif","sky\n\tx_ingred_ambergris.tga","T_ScObj_AmbergrisFloat"
"T_IngCrea_ArmunHide_01","Ingredient","Armun Kagouti Hide","25","1.00","tr\n\tr_ing_armunkag_hide.nif","tr\n\tr_ing_armun_kagouti.dds",""
"T_IngCrea_BearpeltBlack_01","Ingredient","Black Bear Pelt","2","1.00","Sky\n\sky_ingred_bearhbl.nif","sky\n\sky_ingred_bearbl.dds",""
"T_IngCrea_BearpeltCyr_01","Ingredient","<Deprecated>","2","1.00","pc\n\pc_ing_bearhide.nif","n\Tx_ingred_Hide_BrnBear.dds",""
"T_IngCrea_BeetleResin_01","Ingredient","Beetle Resin","40","0.10","TR\n\TR_Ing_Beetle_Resin_01.nif","TR\n\TR_Ing_Beetle_Resin_01.dds",""
"T_IngCrea_BeetleShell_01","Ingredient","Brown Beetle Shell Fragment","3","0.50","TR\n\TR_Ing_Beetle_Shell_01.nif","TR\n\TR_Ing_Beetle_Shell_01.dds",""
"T_IngCrea_BeetleShell_02","Ingredient","Blue Beetle Shell Fragment","3","0.50","TR\n\TR_Ing_Beetle_Shell_02.nif","TR\n\TR_Ing_Beetle_Shell_02.dds",""
"T_IngCrea_BeetleShell_03","Ingredient","Green Beetle Shell Fragment","3","0.50","TR\n\TR_Ing_Beetle_Shell_03.nif","TR\n\TR_Ing_Beetle_Shell_03.dds",""
"T_IngCrea_BeetleShell_04","Ingredient","Horned Beetle Shell Fragment","5","0.50","TR\n\TR_Ing_Beetle_Shell_04.nif","TR\n\TR_Ing_Beetle_Shell_04.dds",""
"T_IngCrea_CaveTrollEar_01","Ingredient","Cave Troll Ear","10","0.50","tr\n\tr_ing_cavetroll_ear.nif","tr\n\tr_ing_cavetroll_ear.dds",""
"T_IngCrea_CephalopodShell_01","Ingredient","Cephalopod Shell Fragment","20","2.00","TR\n\TR_ing_ceph_shell.NIF","TR\n\TR_ing_ceph_shell.dds",""
"T_IngCrea_DaedricBatEye_01","Ingredient","Daedric Bat Eye","25","0.40","TR\n\TR_Ing_DaeBat_Eye.nif","TR\n\TR_Ing_DaeBat_Eye.dds",""
"T_IngCrea_DonkeyHide_01","Ingredient","Donkey Hide","3","1.00","pc\n\pc_ing_donkeyskin.nif","pc\n\pc_tx_ingred_donkeys.dds",""
"T_IngCrea_Dragonscales_01","Ingredient","Dragonscales","100","1.00","pc\n\pc_ing_dragonscale.nif","pc\n\pc_tx_ingred_dragons.dds",""
"T_IngCrea_DridreaSilk_01","Ingredient","Dridrea Silk","75","1.00","f\Furn_Web00.nif","TR\n\TR_Ing_Dridrea_Silk.dds",""
"T_IngCrea_EmbalmingPaste_01","Ingredient","Embalming Paste","50","1.00","sky\n\sky_ingred_embalm.nif","sky\n\tx_ingred_embalm.dds",""
"T_IngCrea_Eyestar_01","Ingredient","Eyestar","100","0.50","TR\n\TR_Ing_Eyestar.nif","TR\n\TR_Ing_Eyestar.dds",""
"T_IngCrea_EyestarDae_01","Ingredient","Eyestar","100","0.50","TR\n\TR_Ing_Eyestar.nif","TR\n\TR_Ing_Eyestar.dds","BILL_MarksDaedraSummon"
"T_IngCrea_FlyMusk_01","Ingredient","Raw Musk","15","0.20","TR\n\TR_Ing_Musk_01.nif","TR\n\TR_Ing_Musk_01.dds",""
"T_IngCrea_FrogEye_01","Ingredient","Frog Eyeball","5","0.20","pc\n\pc_ing_frogeye.nif","pc\n\pc_tx_ingred_frogeye.dds",""
"T_IngCrea_FrostTrollPelt_01","Ingredient","Frost Troll Pelt","10","0.75","tr\n\tr_ing_frostroll_hide.nif","tr\n\tr_ing_frostroll_hide.dds",""
"T_IngCrea_GoatPelt_01","Ingredient","Goat Fur","3","1.00","sky\m\sky_misc_orc_gfur_01.nif","sky\m\tx_misc_orc_gfur_01.dds",""
"T_IngCrea_HagravenFeathers_01","Ingredient","Hagraven Feathers","50","0.10","Sky\n\Sky_Ingred_HagravenF.nif","sky\n\tx_inged_hagravf.dds",""
"T_IngCrea_IcewraithTeeth_01","Ingredient","Ice Wraith Teeth","20","0.10","Sky\n\Sky_Ingred_IceWTeeth.nif","Sky\n\Tx_Ingred_IceWTeeth.dds",""
"T_IngCrea_Ivory","Ingredient","Ivory","60","2.00","Sky\n\sky_ingred_ivory.nif","sky\n\tx_ingred_ivory.dds",""
"T_IngCrea_LamiaHair_01","Ingredient","Lamia Hair","40","0.10","pc\n\pc_ing_lamiahair.nif","pc\n\pc_tx_ingred_lamiah.dds",""
"T_IngCrea_LichDust_01","Ingredient","Lich Dust","500","0.10","hr\n\cr_lich_dust.nif","hr\n\cr_lich_dust.dds",""
"T_IngCrea_MeatDark_01","Ingredient","Warm Meat","5","1.00","TR\n\tr_ing_darkmeat.nif","TR\n\tr_ing_darkmeat.dds",""
"T_IngCrea_Minotaurhorn_01","Ingredient","Minotaur Horn","100","2.00","Sky\n\Sky_Ingred_HornMin_01.nif","Sky\n\Tx_Ingred_HornMin_01.dds",""
"T_IngCrea_MoonMothWing_01","Ingredient","Moonmoth Wing","8","0.20","tr\n\TR_ing_moth_wing_01.nif","tr\n\tr_ing_moth_wing_01.dds",""
"T_IngCrea_Mummyheart_01","Ingredient","Mummy Heart","50","0.50","TR\n\TR_Ing_Mummy_heart_01.nif","TR\n\TR_Ing_Mummy_Heart_01.dds",""
"T_IngCrea_Newtscales_01","Ingredient","Newt Scales","5","1.00","pc\n\pc_ing_newtscales.nif","pc\n\pc_tx_ingred_newts.dds",""
"T_IngCrea_OrcBlood_01","Ingredient","Orc's Blood","50","0.10","hr\n\cr_orcblood.nif","hr\n\cr_orcblood.dds",""
"T_IngCrea_Pearlessence_01","Ingredient","Pearlessence","75","0.25","hr\n\cr_pearlessence.nif","hr\n\cr_pearlessence.dds",""
"T_IngCrea_RakiTeeth_01","Ingredient","Raki Teeth","15","0.30","Sky\n\sky_ingred_rakiteeth.nif","sky\n\tx_ingred_rakiteeth.dds",""
"T_IngCrea_SaberCatTooth_01","Ingredient","Sabre Cat Tooth","25","0.50","Sky\n\Sky_Ingred_SC_Th_01.nif","Sky\n\Tx_Ingred_SC_Th_01.dds",""
"T_IngCrea_ShellMolecrab_01","Ingredient","Big Molecrab Shell","1","1.00","TR\n\TR_Ing_mcrabshell_01.nif","TR\n\TR_Ing_molecrab_01.dds",""
"T_IngCrea_ShellMolecrab_02","Ingredient","Small Molecrab Shell","1","1.00","TR\n\TR_Ing_mcrabshell_02.nif","TR\n\TR_Ing_molecrab_02.dds",""
"T_IngCrea_ShellParastylus_01","Ingredient","Parastylus Shell Fragment","10","0.70","TR\n\TR_Ing_Parastylus_Shel.nif","TR\n\TR_Ing_Parastylus_Shel.dds",""
"T_IngCrea_Silk_01","Ingredient","Raw Silk","5","0.10","pc\n\pc_ing_silk_01.nif","pc\n\pc_tx_ingred_silk.dds",""
"T_IngCrea_SkyrenderVenom_01","Ingredient","Skyrender Venom","35","0.10","TR\n\TR_Ing_Dres_Venom_01.nif","TR\n\TR_Ing_Dres_Venom_01.dds",""
"T_IngCrea_SpiderSilk_01","Ingredient","Spider Silk","5","0.10","sky\n\sky_ingred_spidersilk.nif","sky\n\tx_ingred_Spdrslk_01.dds",""
"T_IngCrea_Spikeworm_01","Ingredient","Spikeworm Carapace","5","0.20","Sky\n\Sky_Ingred_SPKWRM_01.nif","Sky\n\Tx_Ingred_SPKWRM_01.dds",""
"T_IngCrea_Trollfat_01","Ingredient","Troll Fat","25","2.00","TR\n\TR_Ing_Troll_fat_01.nif","TR\n\TR_Ing_Troll_Fat_01.dds",""
"T_IngCrea_VelkNectarSack_01","Ingredient","Velk Nectar Sac","2","1.20","TR\n\tr_ing_velk_nectar_sac.nif","TR\n\tr_ing_velk_nectar_sac.tga",""
"T_IngCrea_WelkyndDust_01","Ingredient","Welkynd Dust","80","0.10","pc\n\pc_ing_welkynddust.nif","pc\n\pc_tx_ingred_welkdst.dds",""
"T_IngCrea_WolfPeltCyr_01","Ingredient","<Deprecated>","2","1.00","pc\n\pc_ing_wolfhide.nif","n\Tx_ingred_Hide_GryWolf.dds",""
"T_IngCrea_Wool_01","Ingredient","Raw Wool","2","0.50","pc\n\pc_ing_wool_01.nif","pc\n\pc_tx_ingred_wool_01.dds",""
"T_IngCrea_WormmouthHide_01","Ingredient","Wormmouth Hide","5","1.00","Sky\n\Sky_Ingred_WMH_01.nif","Sky\n\Tx_Ingred_WMH_01.dds",""
"T_IngCrea_YethResin_01","Ingredient","Yeth Resin","25","0.10","tr\n\tr_ing_yeth_resin_01.nif","tr\n\tr_ing_yeth_resin_01.dds",""
"T_IngFlor_Alkanet_01","Ingredient","Alkanet Flower","2","0.20","pc\n\PC_Ing_AlkanetF.nif","pc\n\pc_tx_ingred_alkanetf.dds",""
"T_IngFlor_AloeVeraPulp_01","Ingredient","Aloe Vera Pulp","20","0.20","TR\n\TR_ing_aloe.nif","TR\n\TR_Ing_aloe_pulp.dds",""
"T_IngFlor_AnemicTwinstipe_01","Ingredient","Anemic Twinstipe","13","0.20","tr\n\tr_ing_grey_twinstipe.nif","tr\n\tr_ing_greytwinstipe.dds",""
"T_IngFlor_Aquilegia_01","Ingredient","Aquilegia Root Pulp","1","0.10","pc\n\pc_ing_columbinerp.nif","pc\n\pc_tx_ingred_columbine.dds",""
"T_IngFlor_Arrowroot_01","Ingredient","Arrowroot","2","0.10","pc\n\PC_Ingred_ArrowR.nif","pc\n\pc_tx_ingred_arrowr.dds",""
"T_IngFlor_ArrowrootFlower_01","Ingredient","Arrowroot Flower","5","0.10","pc\n\PC_Ingred_ArrowF.nif","pc\n\pc_tx_ingred_arrowf.dds",""
"T_IngFlor_AspyrTea_01","Ingredient","Aspyr Tea Leaves","2","0.10","Sky\n\Sky_Ingred_Asypr_T_01.nif","Sky\n\Tx_Ingred_Aspyr_T_01.dds",""
"T_IngFlor_Bearclaw_01","Ingredient","Bearclaw Flower","2","0.20","sky\n\sky_ingred_bearclaw.nif","sky\n\tx_ingred_bearclaw.dds",""
"T_IngFlor_BjoulsaeRose_01","Ingredient","Bjoulsae Rose","5","0.20","Sky\n\Sky_Ingred_BjouRose.nif","Sky\n\Tx_Ingred_BjouRose_01.dds",""
"T_IngFlor_BlackrosePetal_01","Ingredient","Black Rose","3","0.20","TR\n\TR_Ing_BlackRose01.NIF","TR\n\TR_Ing_BlackRose01.dds",""
"T_IngFlor_BlackrosePetalDae_01","Ingredient","Black Rose","3","0.20","TR\n\TR_Ing_BlackRose01.NIF","TR\n\TR_Ing_BlackRose01.dds","BILL_MarksDaedraSummon"
"T_IngFlor_BlacksporeCap_01","Ingredient","Black Spore Cap","1","0.20","Sky\n\Sky_Ingred_BSCap_01.nif","Sky\n\Tx_Ingred_BSCap_01.dds",""
"T_IngFlor_Bleakbell_01","Ingredient","Bleak Bell","1","0.10","sky\n\Sky_Ingred_BlkBell_01.nif","sky\n\Tx_Ingred_BlkBell_01.dds",""
"T_IngFlor_BlisteringFoment_01","Ingredient","Blistering Fomentarius","1","0.50","TR\n\tr_ing_fomentarius.nif","TR\n\tr_ing_fomentarius.dds",""
"T_IngFlor_BlisterSpore_01","Ingredient","Blister Spore","3","0.10","tr\n\tr_ing_blisterspore.nif","tr\n\tr_ing_blisterspore.dds",""
"T_IngFlor_Bloodgrass_01","Ingredient","Bloodgrass","5","0.10","pc\n\pc_ing_bloodgrass.nif","pc\n\pc_tx_ingred_blgrass.dds",""
"T_IngFlor_BloodlilyFlower_01","Ingredient","Blood Lily Flower","1","0.10","pc\n\pc_ingred_bloodlily2.nif","pc\n\pc_tx_ingred_blilly2.dds",""
"T_IngFlor_BloodlilyPod_01","Ingredient","Blood Lily Pod","1","0.10","pc\n\pc_ingred_bloodlily1.nif","pc\n\pc_tx_ingred_blilly1.dds",""
"T_IngFlor_Bluefoot_01","Ingredient","Bluefoot","1","0.10","TR\n\TR_Ing_Bluefoot.nif","TR\n\TR_Ing_Bluefoot.dds",""
"T_IngFlor_BogBeacon_01","Ingredient","Bog Beacon Cap","1","0.10","pc\n\PC_Ing_BogBeacon.nif","pc\n\pc_tx_ingred_bogbeacon.dds",""
"T_IngFlor_Bottomweed_01","Ingredient","Bottomweed","5","0.10","sky\n\sky_ingred_bottomw.nif","sky\n\tx_ingred_bottomw.dds",""
"T_IngFlor_Cabbage_01","Ingredient","Head of Cabbage","2","1.50","Sky\n\Sky_Ingred_Cab_02a.nif","Sky\n\Tx_Ingred_Cab_02a.dds",""
"T_IngFlor_Cabbage_02","Ingredient","Cabbage Leaf","0","0.10","Sky\n\Sky_Ingred_Cab_02b.nif","Sky\n\Tx_Ingred_Cab_02b.dds",""
"T_IngFlor_CairnBolete_01","Ingredient","Cairn Bolete Cap","2","0.20","pc\n\PC_Ing_CBolete.nif","pc\n\pc_tx_ingred_cbolete.dds",""
"T_IngFlor_CanisRoot_01","Ingredient","Canis Root","4","0.20","sky\n\t_ingFlor_canisR01.nif","sky\n\tx_ingr_canisroot.tga",""
"T_IngFlor_CarlineTh_01","Ingredient","Carline Thistle Seeds","4","0.10","Sky\n\Sky_ingred_CarlTh_01.nif","sky\n\tx_ingred_CarlTh_01.dds",""
"T_IngFlor_Chokeberry_01","Ingredient","Chokeberry","1","0.20","pc\n\PC_Ing_CBerry.nif","pc\n\pc_tx_ingred_cberry.dds",""
"T_IngFlor_CinnabarPolypore_01","Ingredient","Cinnabar Polypore Red Cap","1","0.10","pc\n\PC_Ing_CinPoly1.nif","pc\n\pc_tx_ingred_cinpoly1.dds",""
"T_IngFlor_CinnabarPolypore_02","Ingredient","Cinnabar Polypore Yellow Cap","1","0.10","pc\n\PC_Ing_CinPoly2.nif","pc\n\pc_tx_ingred_cinpoly2.dds",""
"T_IngFlor_CloudedFunnel_01","Ingredient","Clouded Funnel Cap","1","0.10","pc\n\PC_Ing_CFunnel.nif","pc\n\pc_tx_ingred_cfunnel.dds",""
"T_IngFlor_Columbine_01","Ingredient","<deprecated>","1","0.10","pc\n\pc_ing_columbinerp.nif","pc\n\pc_tx_ingred_columbine.dds",""
"T_IngFlor_Cornflower_01","Ingredient","Cornflower Sprig","1","0.10","HR\n\T_ingr_cornflower_01.nif","hr\hr_ingr_cornflower.dds",""
"T_IngFlor_Cowbell_01","Ingredient","Cowbell Flower","1","0.10","sky\n\sky_ingred_cowbell.nif","sky\n\tx_ingred_cowbell.dds",""
"T_IngFlor_Cupling_01","Ingredient","Cupling","25","1.00","TR\n\TR_ing_cupling.nif","TR\n\TR_ing_Cupling.dds",""
"T_IngFlor_DarkSage_01","Ingredient","Dark Sage Petals","1","0.10","sky\n\t_ingFlor_DarkSage01.nif","sky\n\tx_ingr_darksagepet.tga",""
"T_IngFlor_Deathbell_01","Ingredient","Death Bell","5","0.10","sky\n\Sky_ingred_deathb.nif","sky\n\tx_ingred_deathb.dds",""
"T_IngFlor_DesrosePetal_01","Ingredient","Desert Rose Petals","3","0.10","tr\n\tr_ing_desrose_petals.nif","tr\n\tr_ing_desrose_petals.dds",""
"T_IngFlor_DomicaRedwort_01","Ingredient","Redwort Flower","2","0.10","pc\n\pc_ing_dredwort.nif","pc\n\pc_tx_ingred_dredwort.dds",""
"T_IngFlor_Dragynia_01","Ingredient","Dragyina Blossom","2","0.20","Sky\n\Sky_Ingred_Drag_01.nif","Sky\n\Tx_Ingred_Drag_01.dds",""
"T_IngFlor_DryadSaddle_01","Ingredient","Dryad Saddle Polypore Cap","10","0.10","pc\n\PC_Ingred_Dryad.nif","pc\n\pc_tx_ingred_dryad.dds",""
"T_IngFlor_Elfcup_01","Ingredient","Elf Cup Cap","1","0.10","pc\n\pc_ing_ecup.nif","pc\n\pc_tx_ingred_ecup.dds",""
"T_IngFlor_EmeticRussula_01","Ingredient","Emetic Russula Cap","1","0.10","pc\n\pc_ingred_emerticR.nif","pc\n\pc_tx_ingred_emertic.dds",""
"T_IngFlor_FennelSeed_01","Ingredient","Fennel Seeds","5","0.10","pc\n\pc_ing_fennels.nif","pc\n\pc_tx_ingred_fennels.dds",""
"T_IngFlor_Fireflower_01","Ingredient","Red Fireflower","6","0.10","TR\n\TR_Ing_fireflower.nif","TR\n\tr_ing_fireflower.dds",""
"T_IngFlor_FlaxFlower_01","Ingredient","Blue Flax Flowers","1","0.10","pc\n\pc_ingred_flax_B.nif","pc\n\pc_tx_ingred_flaxbl.dds",""
"T_IngFlor_FlaxFlower_02","Ingredient","Red  Flax Flowers","1","0.10","pc\n\pc_ingred_flax_R.nif","pc\n\pc_tx_ingred_flaxre.dds",""
"T_IngFlor_FlaxFlower_03","Ingredient","Yellow Flax Flowers","1","0.10","pc\n\pc_ingred_flax_Y.nif","pc\n\pc_tx_ingred_flaxyel.dds",""
"T_IngFlor_FlyAmanita_01","Ingredient","Fly Amanita","1","0.10","pc\n\pc_ingred_FlyA.nif","pc\n\pc_tx_ingred_flya.dds",""
"T_IngFlor_ForsythiaTrRoots_01","Ingredient","Forsythia Root","2","0.20","Sky\n\Sky_Ingred_Forsyth_01.nif","Sky\n\Tx_Ingred_Forsynth_01.dds",""
"T_IngFlor_FoxgloveNectar_01","Ingredient","Foxglove Nectar","1","0.10","pc\n\pc_ing_foxgloven.nif","pc\n\pc_tx_ingred_foxglove.dds",""
"T_IngFlor_Ginseng_01","Ingredient","Ginseng","1","0.10","pc\n\pc_ing_ginseng.nif","pc\n\pc_tx_ingred_ginseng.dds",""
"T_IngFlor_Glasswort_01","Ingredient","Glasswort Sprig","5","0.10","TR\n\TR_ing_glasswort.nif","tr\n\tr_ing_glasswort.dds",""
"T_IngFlor_GoldenRod_01","Ingredient","Goldenrod Seed Pod","5","0.10","pc\n\PC_Ingred_GRod.nif","pc\n\pc_tx_ingred_grod.dds",""
"T_IngFlor_GrassPod01","Ingredient","Grass Pod","1","0.10","sky\n\t_ingFlor_GrassPod01.nif","sky\n\tx_ingr_grassPod.tga",""
"T_IngFlor_Greenstain_01","Ingredient","Green Stain Mushroom","1","0.10","pc\n\pc_ingred_greenstain.nif","pc\n\pc_tx_ingred_greens.dds",""
"T_IngFlor_GreyTickPowder_01","Ingredient","Grey Tick Powder","1","0.10","tr\n\tr_ing_grey_tick.nif","tr\n\tr_ing_greytick.dds",""
"T_IngFlor_Hamumroot_01","Ingredient","Hamum Root","7","1.30","TR\n\TR_ing_hamumroot01.nif","TR\n\TR_ing_hamumroot01.dds",""
"T_IngFlor_Hamumroot_02","Ingredient","Hamum Root","7","1.30","TR\n\TR_ing_hamumroot02.nif","TR\n\TR_ing_hamumroot02.dds",""
"T_IngFlor_Hamumroot_03","Ingredient","Hamum Root","7","1.30","TR\n\TR_ing_hamumroot03.nif","TR\n\TR_ing_hamumroot03.dds",""
"T_IngFlor_Harrada_01","Ingredient","Harrada","10","1.00","pc\n\pc_ing_harrada.nif","pc\n\pc_tx_ingred_harrada.dds",""
"T_IngFlor_Hemlock_01","Ingredient","Hemlock Seeds","1","0.10","sky\n\sky_ingred_hemlock01.nif","sky\n\tx_ingred_hemlock01.dds",""
"T_IngFlor_Hibiscus_01","Ingredient","Hibiscus Flower","5","0.10","EPoS\n\pt_els_ingr_hibiscus.nif","epos\n\hibiscus_flower.dds",""
"T_IngFlor_HoneyLily_01","Ingredient","Honey Lily Blossom","2","0.10","Sky\n\Sky_Ingred_LY_H_01.nif","Sky\n\Tx_Ingred_LY_H_01.dds",""
"T_IngFlor_HoneyLily_02","Ingredient","Honey Lily Leaves","1","0.10","Sky\n\Sky_Ingred_LY_H_02.nif","Sky\n\Tx_Ingred_LY_H_02.dds",""
"T_IngFlor_HyacinthNectar_01","Ingredient","Water Hyacinth Nectar Sacks","2","0.20","pc\n\pc_ingred_whyac.NIF","pc\n\pc_tx_ingred_hyacinth.dds",""
"T_IngFlor_IcyShell01","Ingredient","Icy Shell Fungus","2","0.10","sky\n\T_ingflor_IcyShell01.nif","sky\n\tx_ingr_icyShell.tga",""
"T_IngFlor_InkCone_01","Ingredient","Ink Cone","25","0.20","pc\n\pc_ingred_inkCone_01.nif","pc\n\tx_pc_ingr_inkcone_01.dds",""
"T_IngFlor_IronwoodNut_01","Ingredient","Ironwood Nuts","5","0.50","sky\n\Sky_Ingred_Ironwood.nif","sky\n\Tx_Ingred_Ironwoodnut.dds",""
"T_IngFlor_KingBolete_01","Ingredient","King Bolete","2","0.50","Sky\n\sky_ingred_kingbolete.nif","sky\n\tx_ingred_kingbolete.dds",""
"T_IngFlor_KingThistle_01","Ingredient","King Thistle Flower","1","0.10","Sky\n\sky_ingred_kingth.nif","sky\n\tx_ingred_kingthistle.dds",""
"T_IngFlor_LadysMantle_01","Ingredient","Lady's Mantle Leaves","5","0.10","pc\n\PC_Ingred_LadyM.nif","pc\n\pc_tx_ingred_ladym.dds",""
"T_IngFlor_LadysSmock_01","Ingredient","Lady's Smock Leaves","2","0.10","pc\n\pc_ing_ladysmock.nif","pc\n\pc_tx_ingred_ladys.dds",""
"T_IngFlor_Lavender_01","Ingredient","Lavender","7","0.10","pc\n\pc_ingred_lavander.nif","pc\n\pc_tx_ingred_lavender.dds",""
"T_IngFlor_LizardFootExtract_01","Ingredient","Lizardfoot Extract","8","0.10","Sky\n\sky_ingred_lizardf.nif","sky\n\tx_ingred_lizardfoot.dds",""
"T_IngFlor_LotusSeed_01","Ingredient","Sacred Lotus Seeds","8","0.10","pc\n\pc_ing_lotuss.nif","pc\n\pc_tx_ingred_lotuss.dds",""
"T_IngFlor_MandrakeRoot_01","Ingredient","Mandrake Root","2","0.10","pc\n\pc_ing_mandrake.nif","pc\n\pc_tx_ingred_mandrake.dds",""
"T_IngFlor_MarasBeads_01","Ingredient","Mara's Beads","2","0.10","pc\n\pc_ing_marasbeads.nif","pc\n\pc_tx_ingred_marasb.dds",""
"T_IngFlor_MarshStalk_01","Ingredient","Marsh Stalk Cap","5","0.40","pc\n\pc_ing_marshstalk.nif","pc\n\pc_tx_ingred_marshs.dds",""
"T_IngFlor_Milkthistle_01","Ingredient","Milk Thistle Flower","1","0.10","pc\n\pc_ingred_milk_thistle.nif","pc\n\pc_tx_ingred_milkth.dds",""
"T_IngFlor_Mistletoe_01","Ingredient","Mistletoe Berries","7","0.10","sky\n\sky_ingred_mistlet.nif","sky\n\tx_ingred_mistletoe.dds",""
"T_IngFlor_MonardaSeed_01","Ingredient","Monarda Seeds","1","0.10","pc\n\PC_Ing_BergamotS.nif","pc\n\pc_tx_ingred_bergamots.dds",""
"T_IngFlor_Monkshood_01","Ingredient","Monkshood","1","0.10","pc\n\pc_ingred_monkshade.nif","pc\n\pc_tx_ingred_monksha.dds",""
"T_IngFlor_MonkshoodRootPulp_01","Ingredient","Monkshood Root Pulp","1","0.10","pc\n\pc_ing_monkshoodrp.nif","pc\n\pc_tx_ingred_monkshood.dds",""
"T_IngFlor_MorningGlory_01","Ingredient","Morning Glory Flower","1","0.10","pc\n\pc_ing_mglory_01.nif","pc\n\pc_tx_ingred_mglory.dds",""
"T_IngFlor_Motherwort_01","Ingredient","Motherwort","1","0.10","pc\n\pc_ingred_motherwort.nif","pc\n\pc_tx_ingred_motherwo.dds",""
"T_IngFlor_Nightshade_01","Ingredient","Nightshade","10","0.10","pc\n\pc_ing_dry_nshade.nif","pc\n\pc_tx_ingred_nshade.dds",""
"T_IngFlor_NightshadeDae_01","Ingredient","Nightshade","5","0.10","pc\n\pc_ing_dry_nshade.nif","pc\n\pc_tx_ingred_nshade.dds","BILL_MarksDaedraSummon"
"T_IngFlor_Nirnroot_01","Ingredient","Nirnroot","0","0.20","pc\n\pc_ingred_nirnroot.nif","pc\n\pc_tx_ingred_nirnroot.dds",""
"T_IngFlor_Oleander_01","Ingredient","Nerium Rose Flower","5","0.20","EPoS\n\ELS_ingr_oleander_01.nif","epos\n\ico_ingr_oleander.tga",""
"T_IngFlor_OrangeMoss_01","Ingredient","Orange Moss","5","0.10","tr\n\tr_ing_mossclump.nif","tr\n\tr_ing_mossclump.dds",""
"T_IngFlor_Peony_01","Ingredient","Peony Seeds","1","0.20","pc\n\pc_ing_peonys.nif","pc\n\pc_tx_ingred_peonys.dds",""
"T_IngFlor_Persarine_01","Ingredient","Persarine Blossom","2","0.20","Sky\n\Sky_Ingred_Persa_01.nif","Sky\n\Tx_Ingred_Persa_01.dds",""
"T_IngFlor_Pitcher_01","Ingredient","Pitcher Sack","5","0.10","pc\n\pc_ing_pitcher_01.nif","pc\n\pc_tx_ingred_pitcher.dds",""
"T_IngFlor_PLotusLeaf_01","Ingredient","Perrif's Lotus Seeds","8","0.10","pc\n\pc_ing_lotuss.nif","pc\n\pc_tx_ingred_lotuss.dds",""
"T_IngFlor_Primrose_01","Ingredient","Primrose Leaves","2","0.10","pc\n\pc_ing_primerose.nif","pc\n\pc_tx_ingred_primerose.dds",""
"T_IngFlor_PyrousUracia","Ingredient","Pyrous Uracia","1","0.10","tr\n\tr_ing_p_uracia.nif","tr\n\tr_ing_p_uracia.dds",""
"T_IngFlor_Redpoppy_01","Ingredient","Red Poppy","2","0.10","sky\n\sky_ingred_redpoppy.nif","sky\n\tx_ingred_rpoppy.dds",""
"T_IngFlor_RockburstPod_01","Ingredient","Rockburst Pod","10","1.50","TR\n\TR_Ing_Rockburst.nif","TR\n\TR_ing_Rockburst.dds",""
"T_IngFlor_RustRussula_01","Ingredient","Rust Russula","1","0.20","Sky\n\sky_ingred_rustr_01.nif","Sky\n\tx_ingred_rustr_01.dds",""
"T_IngFlor_SaltCrocusPetal_01","Ingredient","Salt Crocus Petal","20","0.10","tr\n\tr_f_saltcrocus_petal.nif","tr\n\tr_ing_saltcrocus.dds",""
"T_IngFlor_SaltstrapLeaf_01","Ingredient","Saltstrap Leaf","1","0.10","TR\n\tr_ing_saltleaf_01.nif","TR\n\tr_ing_saltleaf_01.dds",""
"T_IngFlor_SaltstrapPollen_01","Ingredient","Saltstrap Pollen","5","0.10","TR\n\tr_ing_saltpollen_01.nif","TR\n\tr_ing_saltpollen_01.dds",""
"T_IngFlor_Shadowfly_01","Ingredient","Shadowfly Blossom","5","0.10","Sky\n\Sky_Ingred_SHFLY_01.nif","Sky\n\Tx_Ingred_SHFLY_01.dds",""
"T_IngFlor_Shadowfly_02","Ingredient","Shadowfly Stalks","2","0.10","Sky\n\Sky_Ingred_SHFLY_02.nif","Sky\n\Tx_Ingred_SHFLY_02.dds",""
"T_IngFlor_SheggoShelf_01","Ingredient","Sheggo's Shelf","1","0.50","tr\n\tr_ing_sheggshelf_01.nif","tr\n\tr_ing_shegg_shelf_01.dds",""
"T_IngFlor_Siyat_01","Ingredient","Siyat Leaves","10","0.10","pc\n\pc_ing_siyatleaf.nif","pc\n\pc_tx_ingred_siyat.dds",""
"T_IngFlor_SocrataNectar_01","Ingredient","Socatra Nectar","1","0.20","pc\n\pc_ingred_socatra.nif","pc\n\pc_tx_ingred_socatra.dds",""
"T_IngFlor_SomnaliusFrond_01","Ingredient","Somnalius Frond","3","0.10","pc\n\pc_ingred_somnalius.nif","pc\n\pc_tx_ingred_somnalius.dds",""
"T_IngFlor_Spiddal_01","Ingredient","Spiddal","20","0.10","pc\n\pc_ing_spiddal.nif","pc\n\pc_tx_ingred_spiddal.dds",""
"T_IngFlor_SpongeLotusSeed_01","Ingredient","Sponge Lotus Seed","2","0.10","tr\n\tr_n_spongelotusseed.nif","tr\n\tr_n_spongelotusseed.dds",""
"T_IngFlor_Steelblue_01","Ingredient","Steel Blue Entoloma Cap","1","0.10","pc\n\pc_ing_steelblue.nif","pc\n\pc_tx_ingred_steelblue.dds",""
"T_IngFlor_Stinkhorn_01","Ingredient","Stinkhorn Cap","1","0.10","pc\n\pc_ing_stinkhorn.nif","pc\n\pc_tx_ingred_stinkhorn.dds",""
"T_IngFlor_StJahnsWort_01","Ingredient","St. Jahn's Wort Flowers","5","0.10","pc\n\PC_Ingred_SJW.nif","pc\n\pc_tx_ingred_sjw.dds",""
"T_IngFlor_Sugarcane_01","Ingredient","Sweetgrass Stem","2","0.20","EPoS\n\plt_sugarcane_01.nif","epos\n\plt_sugarcane_01.dds",""
"T_IngFlor_SummerBolete_01","Ingredient","Summer Bolete Cap","2","0.10","pc\n\pc_ing_summerb.nif","pc\n\pc_tx_ingred_summerb.dds",""
"T_IngFlor_TannaLeaf_01","Ingredient","Tanna Leaf","5","0.10","TR\n\tr_ing_tannaleaf_01.nif","TR\n\tr_ing_tannaleaf_01.dds",""
"T_IngFlor_Taragetis_01","Ingredient","Taragetis Blossom","1","0.10","Sky\n\Sky_Ingred_Tara_01.nif","Sky\n\Tx_Ingred_Tara_01.dds",""
"T_IngFlor_TawnyFunnelCap_01","Ingredient","Tawny Funnel Cap","1","0.20","Sky\n\sky_ingred_tawnfcap.nif","sky\n\tx_ingred_tawnyfc.dds",""
"T_IngFlor_TempleDome_01","Ingredient","Temple Dome","1","0.40","TR\n\tr_ing_amanita.nif","TR\n\tr_ing_amanita.dds",""
"T_IngFlor_ThirrineLily_01","Ingredient","Thirrine Water Lily","1","0.10","tr\n\tr_ing_thirlily.nif","tr\n\tr_ing_thirrlily.dds",""
"T_IngFlor_ThorntailBerry_01","Ingredient","Thorntail Berry","10","0.10","EPoS\n\els_cactus_fruit_01.nif","epos\n\cactus_fruit_01.dds",""
"T_IngFlor_ThorntailFlower_01","Ingredient","Thorntail Flower","5","0.10","EPoS\n\els_cactus_flower_01.nif","epos\n\cactus_flower_01.dds",""
"T_IngFlor_Thungleweed_01","Ingredient","Thungleweed Flower","1","0.10","pc\n\PC_Ingred_TWeed.nif","pc\n\pc_tx_ingred_tweed.dds",""
"T_IngFlor_TigerlilyNectar_01","Ingredient","Tiger Lily Nectar","3","0.10","pc\n\PC_Ingred_TLily_Nec.nif","pc\n\pc_tx_ingred_tlilyn.dds",""
"T_IngFlor_TinderPolypore_01","Ingredient","Tinder Polypore Cap","2","0.10","pc\n\pc_ing_tpoly.nif","pc\n\pc_tx_ingred_tpoly.dds",""
"T_IngFlor_Tobacco_01","Ingredient","Tobacco","2","0.10","pc\n\pc_ing_tobacco.nif","pc\n\pc_tx_ingred_tobacco.dds",""
"T_IngFlor_TrembleWeedSap_01","Ingredient","Tremble Weed Sap","2","0.20","Sky\n\Sky_Ingred_TWeed_01.nif","Sky\n\Tx_Ingred_TWeed_01.dds",""
"T_IngFlor_Trollroot_01","Ingredient","Trollroot Fiber","3","1.00","sky\n\sky_ingred_trollroot.nif","sky\n\tx_ingred_trollr.dds",""
"T_IngFlor_UmberMorchella_01","Ingredient","Umber Morchella ","2","0.10","tr\n\tr_ing_grey_morel01.nif","tr\n\tr_ing_greymorel_01.dds",""
"T_IngFlor_VeiledUrnula_01","Ingredient","Veiled Urnula","1","0.50","TR\n\tr_ing_urnula.nif","TR\n\tr_ing_urnula.dds",""
"T_IngFlor_VicarHerb_01","Ingredient","Vicar Herb Leaves","2","0.50","Sky\n\Sky_Ingred_VicHerb_01.nif","Sky\n\Tx_Ingred_VicHerb_01.dds",""
"T_IngFlor_VileMorchella_01","Ingredient","Vile Morchella","2","0.10","tr\n\tr_ing_grey_morel02.nif","tr\n\tr_ing_greymorel_02.dds",""
"T_IngFlor_ViperBugloss_01","Ingredient","Viper Bugloss Leaves","3","0.10","pc\n\pc_ing_vbugloss.nif","pc\n\pc_tx_ingred_vbugloss.dds",""
"T_IngFlor_Weepveil_01","Ingredient","Weeping Veil","8","1.00","TR\n\tr_f_weepveil_ing.nif","tr\n\tr_ing_weepingveil.dds",""
"T_IngFlor_WhitePoppyPod_01","Ingredient","Dried Whitepoppy Pod","15","0.10","TR\n\TR_ing_whitepoppypod.nif","TR\n\TR_Ing_poppypod.dds",""
"T_IngFlor_WidowkissPowder_01","Ingredient","Widow Kiss Powder","20","0.01","sky\n\sky_ingred_widowk_01.nif","sky\n\tx_ingred_widowk_01.dds",""
"T_IngFlor_WispStalk_01","Ingredient","Wisp Stalks","2","0.10","pc\n\pc_ing_wispstalk.nif","pc\n\pc_tx_ingred_wispst.dds",""
"T_IngFlor_Wormwood_01","Ingredient","Wormwood Leaves","4","0.10","pc\n\pc_ing_wormw.nif","pc\n\pc_tx_ingred_wormw.dds",""
"T_IngFlor_WtLillyPink_01","Ingredient","Water Lilly","5","0.20","tr\n\tr_ing_lily_pink.nif","tr\n\tr_ing_lily_pink.dds",""
"T_IngFlor_WtLillyPurple_01","Ingredient","Water Lilly","5","0.20","tr\n\tr_ing_lily_purple.nif","tr\n\tr_ing_lily_purple.dds",""
"T_IngFlor_WtLillyWhite_01","Ingredient","Water Lilly","5","0.20","tr\n\tr_ing_lily_white.nif","tr\n\tr_ing_lily_white.dds",""
"T_IngFlor_WtLillyYellow_01","Ingredient","Water Lilly","5","0.20","tr\n\tr_ing_lily_yellow.nif","tr\n\tr_ing_lily_yellow.dds",""
"T_IngFood_Apple_01","Ingredient","Apple","1","0.20","pc\n\PC_Ingred_Apple.nif","pc\n\pc_tx_ingred_apple.dds",""
"T_IngFood_AppleSkyrim_01","Ingredient","Apple","3","0.20","Sky\n\Sky_Ingred_Apple_01.nif","Sky\n\Tx_Ingred_Apple_01.dds",""
"T_IngFood_Blackberry_01","Ingredient","Blackberry","1","0.10","pc\n\pc_ingr_blackberry_01.nif","pc\n\PC_Tx_Ingred_bberry.dds",""
"T_IngFood_BreadColovian_01","Ingredient","Loaf of Colovian Bread","2","0.50","pc\n\PC_Ingred_C_Bread_01.nif","pc\n\pc_tx_ingred_cbread1.dds",""
"T_IngFood_BreadColovian_02","Ingredient","Half Loaf of Colovian Bread","1","0.20","pc\n\PC_Ingred_C_Bread_02.nif","pc\n\pc_tx_ingred_cbread2.dds",""
"T_IngFood_BreadColovianMw_01","Ingredient","<deprecated>","5","0.50","TR\n\tr_ing_bread_01.NIF","TR\n\tr_ing_bread_01.dds",""
"T_IngFood_BreadColovianMw_02","Ingredient","<deprecated>","2","0.25","TR\n\tr_ing_bread_01b.NIF","TR\n\tr_ing_bread_01b.dds",""
"T_IngFood_BreadDeshaan_01","Ingredient","Deshaan Bread","1","0.50","TR\n\tr_ing_deshaanbread_02.nif","TR\n\tr_ing_deshaanbread_02.dds",""
"T_IngFood_BreadDeshaan_02","Ingredient","Deshaan Bread","1","0.50","TR\n\tr_ing_deshaanbread_03.nif","TR\n\tr_ing_deshaanbread_03.dds",""
"T_IngFood_BreadDeshaan_03","Ingredient","Deshaan Bread","1","0.50","TR\n\tr_ing_deshaanbread_01.nif","TR\n\tr_ing_deshaanbread_01.dds",""
"T_IngFood_BreadDeshaan_04","Ingredient","Deshaan Bread","1","0.25","TR\n\tr_ing_deshaanbred_01b.nif","TR\n\tr_ing_deshaanbred_01b.dds",""
"T_IngFood_BreadDeshaan_05","Ingredient","Deshaan Bread","1","0.10","TR\n\tr_ing_deshaanbred_01c.nif","TR\n\tr_ing_deshaanbred_01c.dds",""
"T_IngFood_BreadFlat_01","Ingredient","Flat Bread","5","0.50","Sky\n\Sky_Ingred_FlBread_01.nif","Sky\n\Tx_Ingred_FlBread_01.dds",""
"T_IngFood_BreadFlat_02","Ingredient","Flat Bread","5","0.50","Sky\n\Sky_Ingred_FlBread_02.nif","Sky\n\Tx_Ingred_FlBread_02.dds",""
"T_IngFood_BreadFlat_03","Ingredient","Flat Bread","5","0.50","Sky\n\Sky_Ingred_FlBread_03.nif","Sky\n\Tx_Ingred_FlBread_03.dds",""
"T_IngFood_BridethornBerry_01","Ingredient","Bridethorn Berries","1","0.10","Sky\n\sky_ingred_brideth_01.nif","sky\n\tx_ingred_brideth.dds",""
"T_IngFood_Carrot_01","Ingredient","Carrot","1","0.20","pc\n\pc_ingred_carrot.nif","pc\n\pc_tx_ingred_carrot.dds",""
"T_IngFood_CheeseColovian_01","Ingredient","Colovian Cheese","5","1.00","pc\n\PC_Ingred_CCheddar.nif","pc\n\pc_tx_ingred_ccheddar.dds",""
"T_IngFood_CheeseNord_01","Ingredient","Cheese","5","1.00","sky\n\Sky_Ingred_CPiece_01.nif","sky\n\Tx_Ingred_CPiece_01.dds",""
"T_IngFood_CheeseWheelNord_01","Ingredient","<deprecated>","25","5.00","Sky\n\Sky_Ingred_CWheel_01.nif","Sky\n\Tx_Ingred_CWheel_01.dds",""
"T_IngFood_CheeseWheelNord_02","Ingredient","<deprecated>","30","6.00","sky\n\Sky_Ingred_CWheel_02.nif","sky\n\Tx_Ingred_CWheel_02.dds",""
"T_IngFood_CloudyCorn_01","Ingredient","Cloudy Corn","2","0.10","Sky\n\Sky_Ingred_C_Corn_01.nif","Sky\n\Tx_Ingred_C_Corn_01.dds",""
"T_IngFood_Cookie_01","Ingredient","Biscuit","2","0.20","TR\n\TR_ing_cookie_01.NIF","TR\n\TR_ing_cookie_01.dds",""
"T_IngFood_Cookie_02","Ingredient","Biscuit","2","0.20","TR\n\TR_ing_cookie_02.NIF","TR\n\TR_ing_cookie_02.dds",""
"T_IngFood_EggChicken_01","Ingredient","Egg","2","0.05","sky\n\sky_ingred_egg_01.nif","Sky\n\Tx_Ingred_Egg_01.dds",""
"T_IngFood_EggMolecrab_01","Ingredient","Molecrab Egg","1","1.00","TR\n\TR_ing_eggmolecrab.NIF","TR\n\TR_ing_eggmolecrab.dds",""
"T_IngFood_EggOrnada_01","Ingredient","Ornada Egg","5","0.25","TR\n\TR_Ing_Ornada_Egg.nif","TR\n\TR_Ing_Ornada_Egg.dds",""
"T_IngFood_EggSeagull_01","Ingredient","Seagull Egg","5","0.30","Sky\n\sky_ingred_seagegg_01.nif","sky\n\tx_ingred_segg_01.dds",""
"T_IngFood_Fig_01","Ingredient","Fig","3","0.20","pc\n\pc_ing_fig.nif","pc\n\pc_tx_ingred_fig.tga",""
"T_IngFood_Fig_Dried_01","Ingredient","Dried Fig","1","0.10","pc\n\pc_ing_fig_dried.nif","pc\n\pc_tx_ingred_fig_dried.tga",""
"T_IngFood_FishBrowntrout_01","Ingredient","Trout Meat","2","1.00","Sky\n\Sky_Ingred_Meat_BT_01.nif","Sky\n\Tx_Ingred_Meat_BT_01.dds",""
"T_IngFood_FishChrysophant_01","Ingredient","Chrysophant","2","0.50","pc\n\pc_ing_chrysophant.nif","pc\n\pc_tx_ingred_chrysoph.dds",""
"T_IngFood_FishCod_01","Ingredient","Cod","3","1.00","Sky\n\sky_ingred_meat_Cd01.nif","Sky\n\sky_ingred_meat_Cd01.tga",""
"T_IngFood_FishCodDried_01","Ingredient","Salted Cod","2","1.00","Sky\n\sky_ingred_meat_CdD01.nif","Sky\n\sky_ingred_meat_CdD01.tga",""
"T_IngFood_FishLeaperTail_01","Ingredient","Leaper Tail","2","0.20","pc\n\pc_ing_leaper.nif","pc\n\pc_tx_ingred_leaper.dds",""
"T_IngFood_FishLongfinFilet_01","Ingredient","Longfin Filet","14","0.50","pc\n\pc_ing_longfin.nif","pc\n\pc_tx_ingred_longfin.dds",""
"T_IngFood_FishPike_01","Ingredient","Pike Meat","2","1.00","Sky\n\Sky_Ingred_Meat_PK_01.nif","Sky\n\Tx_Ingred_Meat_PK_01.dds",""
"T_IngFood_FishPikeperch_01","Ingredient","Pikeperch Meat","2","1.00","Sky\n\Sky_Ingred_Meat_PP_01.nif","Sky\n\Tx_Ingred_Meat_PP_01.dds",""
"T_IngFood_FishSalmon_01","Ingredient","Salmon Meat","2","1.00","sky\n\sky_ingred_meat_sl_01.nif","sky\n\tx_ingred_meat_sl_01.dds",""
"T_IngFood_FishSlaughterDried_01","Ingredient","Dried Slaughterfish","2","1.50","TR\n\tr_ing_dryfish.nif","TR\n\tr_ing_dryfish.dds",""
"T_IngFood_FishSlaughterDried_02","Ingredient","Dried Slaughterfish","3","2.50","TR\n\tr_ing_dryfish_02.nif","TR\n\tr_ing_dryfish_02.dds",""
"T_IngFood_FishSlaughterDried_03","Ingredient","Dried Slaughterfish","2","1.50","pc\n\pc_ing_dryfish_03.nif","pc\n\pc_tx_ingred_dryfish3.dds",""
"T_IngFood_FishSpr_01","Ingredient","Spearmouth","2","0.50","pc\n\pc_ing_soldierfish.nif","pc\n\pc_tx_ingred_sldrfish.dds",""
"T_IngFood_FishStrid_01","Ingredient","Stridfish","2","0.50","pc\n\pc_ing_jewelfish.nif","pc\n\pc_tx_ingred_jwlfish.dds",""
"T_IngFood_Flour_01","Ingredient","Flour","2","0.20","Sky\n\Sky_Ingred_Flour_01.nif","Sky\n\Tx_Ingred_Flour_01.dds",""
"T_IngFood_Garlic_01","Ingredient","Garlic","3","0.20","Sky\n\Sky_Ingred_Garlic_01.nif","Sky\n\Tx_Ingred_Garlic_01.dds",""
"T_IngFood_Gooseb01","Ingredient","Gooseberries","1","0.10","HR\n\T_hr_ingr_gooseb_01.nif","hr\hr_ingr_gooseberry.dds",""
"T_IngFood_Grape_01","Ingredient","Colovian Grape","3","0.10","pc\n\PC_Ingred_Grape_01.nif","pc\n\pc_tx_ingred_grape_01.dds",""
"T_IngFood_Grape_02","Ingredient","Grape","2","0.10","pc\n\PC_Ingred_Grape_02.nif","pc\n\pc_tx_ingred_grape_02.dds",""
"T_IngFood_GrapeWrothgarian_01","Ingredient","Wrothgarian Grape","2","0.20","Sky\n\Sky_Ingred_WR_GRP_01.nif","Sky\n\Tx_Ingred_WR_Grape.dds",""
"T_IngFood_Honey_01","Ingredient","Honey","10","0.20","Sky\n\Sky_Ingred_Honeycomb.nif","Sky\n\Tx_Ingred_Honeycombs.dds",""
"T_IngFood_Indureta_01","Ingredient","Durata","1","0.30","pc\n\pc_ing_indureta_01.nif","pc\n\pc_tx_ingred_induret.dds",""
"T_IngFood_Ironrye_01","Ingredient","Ironrye","1","0.10","pc\n\pc_ing_ironrye_01.nif","pc\n\pc_tx_ingred_ironrye.dds",""
"T_IngFood_Leek_01","Ingredient","Leek","2","0.20","Sky\n\Sky_Ingred_Leek_01.nif","Sky\n\Tx_Ingred_Leek_01.dds",""
"T_IngFood_Lyco_01","Ingredient","Lycoae","2","0.10","pc\n\pc_ing_lycovine_01.nif","pc\n\pc_tx_ingred_lyco.dds",""
"T_IngFood_MeatAlit_01","Ingredient","Alit Meat","7","2.00","TR\n\tr_ing_meat_alit.nif","TR\n\tr_ing_meat_alit.dds",""
"T_IngFood_MeatArenthJerky_01","Ingredient","Arenthian Jerky","2","0.50","pc\n\pc_ing_ArenthJerky.nif","pc\n\pc_tx_ing_arenthjerky.dds",""
"T_IngFood_MeatBeef_01","Ingredient","Beef","2","1.00","Sky\n\Sky_Ingred_Meat_02.nif","Sky\n\Tx_Ingred_Meat_02.dds",""
"T_IngFood_MeatBoar_01","Ingredient","Nordic Boar Meat","15","2.00","TR\n\tr_ing_meat_boar.nif","TR\n\tr_ing_meat_boar.dds",""
"T_IngFood_MeatBoar_02","Ingredient","Boar Meat","2","2.00","Sky\n\Sky_Ingred_Meat_03.nif","Sky\n\Tx_Ingred_Meat_03.dds",""
"T_IngFood_MeatBoarRoast_02","Ingredient","Roasted Boar Meat","5","2.00","Sky\n\Sky_Ingred_Meat_R_03.nif","Sky\n\Tx_Ingred_Meat_R_03.dds",""
"T_IngFood_MeatChicken_01","Ingredient","Chicken Leg","2","0.20","Sky\n\Sky_Ingred_CHLeg_01.NIF","Sky\n\Tx_Ingred_CHLeg_01.dds",""
"T_IngFood_MeatChickenRoast_01","Ingredient","Roasted Chicken Leg","3","0.20","Sky\n\Sky_Ingred_CHLeg_02.NIF","Sky\n\Tx_Ingred_CHLeg_02.dds",""
"T_IngFood_MeatCliffracer_01","Ingredient","Racer Meat","2","1.50","TR\n\tr_ing_meat_clfrc.nif","TR\n\tr_ing_meat_clfrc.dds",""
"T_IngFood_MeatDurzog_01","Ingredient","Cooked Durzog Meat","15","1.00","TR\n\tr_ing_meat_durzorg.nif","TR\n\tr_ing_meat_durzorg.dds",""
"T_IngFood_MeatGuar_01","Ingredient","Guar Meat","2","1.00","TR\n\tr_ing_meat_guar.nif","TR\n\tr_ing_meat_guar.dds",""
"T_IngFood_MeatHam_01","Ingredient","Ham","50","8.00","Sky\n\Sky_Ingred_Ham_01.nif","Sky\n\Tx_Ingred_Ham_01.dds",""
"T_IngFood_MeatHorker_01","Ingredient","Horker Meat","20","2.00","Sky\n\Sky_Ingred_Meat_04.nif","Sky\n\Tx_Ingred_Meat_04.dds",""
"T_IngFood_MeatHorse_01","Ingredient","Horse Meat","3","1.30","Sky\n\sky_ingred_horsemeat.nif","sky\n\tx_ingred_meat_h.dds",""
"T_IngFood_MeatKagouti_01","Ingredient","Kagouti Meat","5","1.00","TR\n\tr_ing_meat_kagouti.nif","TR\n\tr_ing_meat_kagouti.dds",""
"T_IngFood_MeatKwama_01","Ingredient","Kwama Meat","10","1.50","TR\n\tr_ing_meat_kwama.nif","TR\n\tr_ing_meat_kwama.dds",""
"T_IngFood_MeatMutton_01","Ingredient","Nordic Mutton","5","2.00","TR\n\tr_ing_meat_mutton.nif","TR\n\tr_ing_meat_mutton.dds",""
"T_IngFood_MeatNixhoundRoast_01","Ingredient","Cooked Hound Meat","3","1.00","TR\n\tr_ing_meat_nix.nif","TR\n\tr_ing_meat_nix.dds",""
"T_IngFood_MeatOrnada_01","Ingredient","Ornada Meat","5","0.50","TR\n\TR_Ing_Ornada_Meat.nif","TR\n\TR_Ing_Ornada_Meat.dds",""
"T_IngFood_MeatParastylus_01","Ingredient","Parastylus Meat","10","1.00","TR\n\TR_Ing_Parastylus_Meat.nif","TR\n\TR_Ing_Parastylus_Meat.dds",""
"T_IngFood_MeatRat_01","Ingredient","Cooked Rat Meat","1","1.00","pc\n\PC_Ing_Meat_Rat.nif","pc\n\pc_tx_ingred_meat_rat.dds",""
"T_IngFood_MeatRatRoast_01","Ingredient","<deprecated>","1","1.00","TR\n\tr_ing_meat_rat.nif","TR\n\tr_ing_meat_rat.dds",""
"T_IngFood_MeatVenison_01","Ingredient","Venison","2","1.00","Sky\n\Sky_Ingred_Meat_01.nif","Sky\n\Tx_Ingred_Meat_01.dds",""
"T_IngFood_MeatVenisonRoast_01","Ingredient","Roasted Venison","5","1.00","Sky\n\Sky_Ingred_Meat_R_02.nif","Sky\n\Tx_Ingred_Meat_R_02.dds",""
"T_IngFood_Olives_01","Ingredient","Olives","4","0.20","pc\n\pc_ing_olives.nif","pc\n\pc_tx_ingred_olives.dds",""
"T_IngFood_Onion_01","Ingredient","Onion","1","0.20","Sky\n\Sky_Ingred_Onion_01.nif","Sky\n\Tx_Ingred_Onion_01.dds",""
"T_IngFood_PoppadGourd_01","Ingredient","Poppad Gourd","2","5.00","pc\n\pc_ing_poppad_01.nif","pc\n\pc_tx_ingred_poppad.dds",""
"T_IngFood_Potato_01","Ingredient","Potato","1","0.30","Sky\n\Sky_Ingred_Potato_01.nif","Sky\n\Tx_Ingred_Potato_01.dds",""
"T_IngFood_Radish_01","Ingredient","Radish","2","0.10","Sky\n\Sky_Ingred_Radish_01.nif","Sky\n\Tx_Ingred_Radish_01.dds",""
"T_IngFood_Rice_01","Ingredient","Rice","1","0.10","pc\n\pc_ingred_rice.nif","pc\n\pc_tx_ingred_rice.dds",""
"T_IngFood_ScribPie_01","Ingredient","Scrib Pie","10","1.00","TR\n\TR_ing_scrib_pie.NIF","TR\n\TR_ing_scrib_pie.dds",""
"T_IngFood_SilverPalmfruit_01","Ingredient","Palm Fruit","3","0.50","Sky\n\Sky_Ingred_Palm_01.nif","Sky\n\Tx_Ingred_Palm_01.dds",""
"T_IngFood_Siyat_02","Ingredient","Cured Siyat","25","0.50","PC\n\pc_ing_siyat_cur.nif","pc\n\pc_tx_ingred_siyatcur.dds",""
"T_IngFood_Snowberry_01","Ingredient","Snow Berries","1","0.10","sky\n\sky_ingred_snowb_01.nif","sky\n\tx_ingred_snowb.dds",""
"T_IngFood_Strawberry_01","Ingredient","Strawberry","2","0.10","pc\n\pc_ing_strawberry.nif","pc\n\pc_tx_ingred_strawb.dds",""
"T_IngFood_Sweetroll_01","Ingredient","Sweet Roll","2","0.20","pc\n\pc_ingred_sweetroll_01.nif","pc\n\pc_tx_ingred_sweetr.dds",""
"T_IngFood_Tomato_01","Ingredient","Tomato","2","0.10","pc\n\pc_ing_tomato.nif","pc\n\pc_tx_ingred_tomato.dds",""
"T_IngFood_TrinityFruit_01","Ingredient","Trinity Fruit","1","0.20","pc\n\pc_ing_trinfruit.nif","pc\n\pc_tx_ingred_trinfruit.dds",""
"T_IngFood_WasabiPowder_01","Ingredient","<Deprecated>","0","0.50","sky\n\Sky_Ingred_wasab_02.nif","sky\n\tx_ingred_wasab_02.dds",""
"T_IngFood_WasabiRoot_01","Ingredient","Wasabi Root","130","1.00","sky\n\Sky_Ingred_wasab_01.nif","sky\n\tx_ingred_wasab_01.dds",""
"T_IngFood_Wheat_01","Ingredient","Wheat","1","0.10","Sky\n\Sky_Ingred_Wheat_01.nif","Sky\n\Tx_Ingred_Wheat_01.dds",""
"T_IngMine_Alexandrite_01","Ingredient","Alexandrite","200","0.20","TR\n\TR_Ing_alexandrite_mm.NIF","TR\n\TR_Ing_alexandrite_mm.dds",""
"T_IngMine_AlexandriteDae_01","Ingredient","Alexandrite","200","0.20","TR\n\TR_Ing_alexandrite_mm.NIF","TR\n\TR_Ing_alexandrite_mm.dds","BILL_MarksDaedraSummon"
"T_IngMine_Amber_01","Ingredient","Amber","80","0.50","sky\n\sky_ingred_amber_02.nif","sky\n\tx_ingred_amber_02.dds",""
"T_IngMine_Amber_02","Ingredient","<Deprecated>","80","0.50","Sky\n\Sky_Ingred_Amber_01.nif","Sky\n\Tx_Ingred_Amber_01.dds",""
"T_IngMine_AmberDae_01","Ingredient","Amber","80","0.50","sky\n\sky_ingred_amber_02.nif","sky\n\tx_ingred_amber_02.dds","BILL_MarksDaedraSummon"
"T_IngMine_Amethyst_01","Ingredient","Amethyst","120","0.20","TR\n\TR_Ing_amethyst_mm.NIF","TR\n\TR_Ing_amethyst_mm.dds",""
"T_IngMine_AmethystDae_01","Ingredient","Amethyst","120","0.20","TR\n\TR_Ing_amethyst_mm.NIF","TR\n\TR_Ing_amethyst_mm.dds","BILL_MarksDaedraSummon"
"T_IngMine_Aquamarine_01","Ingredient","Aquamarine","100","0.20","TR\n\TR_Ing_aquamarine_mm.NIF","TR\n\TR_Ing_aquamarine_mm.dds",""
"T_IngMine_Aquamarine_02","Ingredient","<deprecated>","200","0.70","Sky\n\Sky_Ingred_Aqua_01.nif","Sky\n\Tx_Ingred_Aquamarine.dds",""
"T_IngMine_AquamarineDae_01","Ingredient","Aquamarine","100","0.20","TR\n\TR_Ing_aquamarine_mm.NIF","TR\n\TR_Ing_aquamarine_mm.dds","BILL_MarksDaedraSummon"
"T_IngMine_Bloodstone_01","Ingredient","Bloodstone","50","0.20","TR\n\TR_Ing_bloodstone_mm.NIF","TR\n\TR_Ing_bloodstone_mm.dds",""
"T_IngMine_BloodstoneDae_01","Ingredient","Bloodstone","50","0.20","TR\n\TR_Ing_bloodstone_mm.NIF","TR\n\TR_Ing_bloodstone_mm.dds","BILL_MarksDaedraSummon"
"T_IngMine_Charcoal_01","Ingredient","Charcoal","0","1.00","TR\N\tr_ing_charcoal.nif","tr\n\tr_ing_charcoal.dds",""
"T_IngMine_Coal_01","Ingredient","Coal","0","1.00","TR\N\tr_ing_coal.nif","tr\n\tr_ing_coal.dds",""
"T_IngMine_DiamondDeTomb_01","Ingredient","Diamond","250","0.20","n\Ingred_diamond_01.NIF","n\Tx_diamond.tga","T_ScObj_DeTombSpiritSummon"
"T_IngMine_EmeraldDeTomb_01","Ingredient","Emerald","150","0.20","n\Ingred_emerald_01.NIF","n\Tx_emerald.tga","T_ScObj_DeTombSpiritSummon"
"T_IngMine_Garnet_01","Ingredient","Garnet","150","0.20","tr\n\tr_ing_garnet_mm.nif","tr\n\tr_ing_garnet_mm.dds",""
"T_IngMine_GarnetDae_01","Ingredient","Garnet","150","0.20","tr\n\tr_ing_garnet_mm.nif","tr\n\tr_ing_garnet_mm.dds","BILL_MarksDaedraSummon"
"T_IngMine_Jet_01","Ingredient","Jet","50","0.20","TR\n\TR_ing_jet_mm.nif","TR\n\TR_Ing_jet.dds",""
"T_IngMine_JetDae_01","Ingredient","Jet","50","0.20","TR\n\TR_ing_jet_mm.nif","TR\n\TR_Ing_jet.dds","BILL_MarksDaedraSummon"
"T_IngMine_KhajiitEye_01","Ingredient","Khajiit-Eye","100","0.10","TR\n\TR_Ing_KhajEye.nif","TR\n\TR_Ing_KhaEye.dds",""
"T_IngMine_KhajiitEyeDae_01","Ingredient","Khajiit-Eye","100","0.10","TR\n\TR_Ing_KhajEye.nif","TR\n\TR_Ing_KhaEye.dds","BILL_MarksDaedraSummon"
"T_IngMine_Lodestone_01","Ingredient","Lodestone","100","2.50","hr\n\mn_lodestone.nif","hr\n\mn_lodestone.dds",""
"T_IngMine_Malouchite_01","Ingredient","Malouchite","75","3.00","hr\n\mn_malouchite.nif","hr\n\mn_malouchite.dds",""
"T_IngMine_Moonstone_01","Ingredient","Moonstone","120","0.50","TR\n\TR_ing_moonstone_mm.nif","TR\n\TR_Ing_moonstone.dds",""
"T_IngMine_MoonstoneDae_01","Ingredient","Moonstone","120","0.50","TR\n\TR_ing_moonstone_mm.nif","TR\n\TR_Ing_moonstone.dds","BILL_MarksDaedraSummon"
"T_IngMine_Opal_01","Ingredient","Opal Stone","50","0.10","TR\n\TR_Ing_opal_mm.NIF","TR\n\TR_Ing_opal_mm.dds",""
"T_IngMine_OpalDae_01","Ingredient","Opal Stone","50","0.10","TR\n\TR_Ing_opal_mm.NIF","TR\n\TR_Ing_opal_mm.dds","BILL_MarksDaedraSummon"
"T_IngMine_OreCopper_01","Ingredient","Copper Ore","50","3.00","Sky\n\Sky_Ingred_Copper_01.nif","Sky\n\Tx_Ingred_Copper_Ore.dds",""
"T_IngMine_OreGold_01","Ingredient","Raw Gold","250","5.00","TR\n\tr_ing_gold.NIF","TR\n\tr_ing_gold.dds",""
"T_IngMine_OreGoldDae_01","Ingredient","Raw Gold","250","5.00","TR\n\tr_ing_gold.NIF","TR\n\tr_ing_gold.dds","BILL_MarksDaedraSummon"
"T_IngMine_OreIron_01","Ingredient","Iron Ore","20","3.00","sky\n\sky_ingred_iron_01.nif","sky\n\tx_ingred_iron_ore_01.dds",""
"T_IngMine_OreIron_02","Ingredient","<deprecated>","10","4.00","Sky\n\Sky_Ingred_Iron_01.nif","Sky\n\tx_Ingred_Iron_Ore_01.dds",""
"T_IngMine_OreOrichalcum_01","Ingredient","Orichalcum Ore","200","2.00","sky\n\sky_ingred_orich_01.nif","sky\n\tx_ingred_orichalc.dds",""
"T_IngMine_OreOrichalcum_02","Ingredient","Orichalc Grains","75","0.50","pc\n\pc_ing_origrain_01.nif","pc\n\pc_tx_ing_origrain.dds",""
"T_IngMine_OreQuicksilver_01","Ingredient","Quicksilver Ore","50","2.00","sky\n\sky_ingred_quicksilv.nif","sky\n\tx_ingred_quicksilv.dds",""
"T_IngMine_OreSilver_01","Ingredient","Silver Ore","150","3.50","Sky\n\Sky_Ingred_SLV_ORE_01.nif","Sky\n\Tx_Ingred_SLV_ORE_01.dds",""
"T_IngMine_PearlBlack_01","Ingredient","Black Pearl","150","0.20","TR\n\TR_Ing_pearlblack_mm.NIF","TR\n\TR_Ing_pearlblack_mm.dds",""
"T_IngMine_PearlBlackDae_01","Ingredient","Black Pearl","150","0.20","TR\n\TR_Ing_pearlblack_mm.NIF","TR\n\TR_Ing_pearlblack_mm.dds","BILL_MarksDaedraSummon"
"T_IngMine_PearlDeTomb_01","Ingredient","Pearl","100","0.20","n\Ingred_pearl_01.NIF","n\Tx_pearl.tga","T_ScObj_DeTombSpiritSummon"
"T_IngMine_PearlKardesh_01","Ingredient","Kardesh Pearl","200","0.20","pc\n\pc_ing_yokupearl_01.nif","pc\n\pc_tx_ing_yokupearl.dds",""
"T_IngMine_Rockcrystal_01","Ingredient","Rock Crystal","50","2.00","TR\n\TR_ing_rock_cryst_mm.nif","TR\n\TR_Ing_rock_crystal.dds",""
"T_IngMine_RockCrystalDae_01","Ingredient","Rock Crystal","50","2.00","TR\n\TR_ing_rock_cryst_mm.nif","TR\n\TR_Ing_rock_crystal.dds","BILL_MarksDaedraSummon"
"T_IngMine_RubyDeTomb_01","Ingredient","Ruby","200","0.20","n\Ingred_ruby_01.NIF","n\Tx_ruby.tga","T_ScObj_DeTombSpiritSummon"
"T_IngMine_Salt_01","Ingredient","Salt","1","0.10","pc\n\pc_ing_Salt.nif","pc\n\pc_tx_ingred_salt_01.tga",""
"T_IngMine_Sapphire_01","Ingredient","Sapphire","200","0.20","TR\n\TR_Ing_sapphire_mm.NIF","TR\n\TR_Ing_sapphire_mm.dds",""
"T_IngMine_SapphireDae_01","Ingredient","Sapphire","200","0.20","TR\n\TR_Ing_sapphire_mm.NIF","TR\n\TR_Ing_sapphire_mm.dds","BILL_MarksDaedraSummon"
"T_IngMine_Spellstone_01","Ingredient","Spellstone","80","0.50","TR\n\tr_ing_spellstone.nif","TR\n\tr_ing_spellstone.dds",""
"T_IngMine_Spinel_01","Ingredient","Spinel","50","0.20","TR\n\TR_Ing_spinel_mm.NIF","TR\n\TR_Ing_spinel_mm.dds",""
"T_IngMine_SpinelDae_01","Ingredient","Spinel","50","0.20","TR\n\TR_Ing_spinel_mm.NIF","TR\n\TR_Ing_spinel_mm.dds","BILL_MarksDaedraSummon"
"T_IngMine_Tektite_01","Ingredient","Tektite","50","0.20","TR\n\TR_Ing_tektite_mm.NIF","TR\n\TR_Ing_tektite_mm.dds",""
"T_IngMine_TektiteDae_01","Ingredient","Tektite","50","0.20","TR\n\TR_Ing_tektite_mm.NIF","TR\n\TR_Ing_tektite_mm.dds","BILL_MarksDaedraSummon"
"T_IngMine_Topaz_01","Ingredient","Topaz","75","1.00","TR\n\TR_Ing_topaz_mm.NIF","TR\n\TR_Ing_topaz_mm.dds",""
"T_IngMine_TopazDae_01","Ingredient","Topaz","75","1.00","TR\n\TR_Ing_topaz_mm.NIF","TR\n\TR_Ing_topaz_mm.dds","BILL_MarksDaedraSummon"
"T_IngMine_Turquoise_01","Ingredient","Turquoise","100","0.10","TR\n\TR_Ing_turquoise_mm.NIF","TR\n\TR_Ing_turquoise_mm.dds",""
"T_IngMine_TurquoiseDae_01","Ingredient","Turquoise","100","0.10","TR\n\TR_Ing_turquoise_mm.NIF","TR\n\TR_Ing_turquoise_mm.dds","BILL_MarksDaedraSummon"
"T_IngSpice_Anise_01","Ingredient","Anise Seeds","35","0.10","pc\n\pc_ing_anise.nif","pc\n\pc_tx_ingred_anise.tga",""
"T_IngSpice_Cardamon_01","Ingredient","Cardamon Powder","40","0.10","pc\n\pc_ing_cardamon.nif","pc\n\pc_tx_ingred_anise.tga",""
"T_IngSpice_Curcuma_01","Ingredient","Curcuma Powder","40","0.10","pc\n\pc_ing_curcuma.nif","pc\n\pc_tx_ingred_curcuma.tga",""
"T_IngSpice_Hibiscus_01","Ingredient","Dried Hibiscus","25","0.10","pc\n\pc_ing_hibiscusdried.nif","pc\n\pc_tx_ingred_hibiscus.tga",""
"T_IngSpice_Muscat_01","Ingredient","Muscat","30","0.10","pc\n\pc_ing_muscat.nif","pc\n\pc_tx_ingred_muscat.tga",""
"T_IngSpice_Nigella_01","Ingredient","Nigella Seeds","25","0.10","pc\n\pc_ing_nigella.nif","pc\n\pc_tx_ingred_nigella.tga",""
"T_IngSpice_Pepper_01","Ingredient","Rihad Pepper","20","0.10","pc\n\pc_ing_pepper.nif","pc\n\pc_tx_ingred_pepper.tga",""
"T_IngSpice_Saffron_01","Ingredient","Saffron Powder","40","0.10","pc\n\pc_ing_saffron.nif","pc\n\pc_tx_ingred_saffron.tga",""
