"ID","ItemType","AllPC","ChanceNone"
"bm_ex_berserkers","Level Creature","Yes","33"
"bm_ex_felcoast","Level Creature","Yes","20"
"bm_ex_felcoast_40","Level Creature","Yes","60"
"bm_ex_felcoast_60","Level Creature","Yes","95"
"bm_ex_felcoast_sleep","Level Creature","Yes","0"
"bm_ex_hirforest","Level Creature","Yes","20"
"bm_ex_hirforest_40","Level Creature","Yes","60"
"bm_ex_hirforest_60","Level Creature","Yes","95"
"bm_ex_hirforest_sleep","Level Creature","Yes","0"
"bm_ex_horker_h20","Level Creature","No","20"
"bm_ex_horker_lake","Level Creature","Yes","20"
"bm_ex_isinplains","Level Creature","Yes","20"
"bm_ex_isinplains_40","Level Creature","Yes","60"
"bm_ex_isinplains_60","Level Creature","Yes","95"
"bm_ex_isinplains_sleep","Level Creature","Yes","0"
"bm_ex_moemountains","Level Creature","Yes","20"
"bm_ex_moemountains_40","Level Creature","Yes","60"
"bm_ex_moemountains_60","Level Creature","Yes","95"
"bm_ex_moemountains_sleep","Level Creature","Yes","0"
"bm_ex_reaver_archers","Level Creature","Yes","20"
"bm_ex_reavers","Level Creature","Yes","20"
"bm_ex_rieklingpatrols","Level Creature","Yes","20"
"bm_ex_rieklingpatrols_20","Level Creature","Yes","40"
"bm_ex_rieklingpatrols_40","Level Creature","Yes","60"
"bm_ex_rieklingpatrols_60","Level Creature","Yes","80"
"bm_ex_smugglers","Level Creature","No","20"
"bm_ex_wolfpack","Level Creature","Yes","20"
"bm_ex_wolfpack_20","Level Creature","Yes","20"
"bm_ex_wolfpack_40","Level Creature","Yes","40"
"bm_ex_wolfpack_60","Level Creature","Yes","60"
"bm_frysehag_all","Level Creature","Yes","20"
"bm_in_berserker_20","Level Creature","Yes","20"
"bm_in_berserker_40","Level Creature","Yes","20"
"bm_in_berserker_60","Level Creature","Yes","20"
"bm_in_frysehag_20","Level Creature","Yes","20"
"bm_in_frysehag_40","Level Creature","Yes","20"
"bm_in_frysehag_8","Level Creature","Yes","20"
"bm_in_icecaves","Level Creature","Yes","20"
"bm_in_icecaves_40","Level Creature","Yes","40"
"bm_in_icecaves_60","Level Creature","Yes","60"
"bm_in_nordburial","Level Creature","Yes","20"
"bm_in_nordburial_40","Level Creature","Yes","40"
"bm_in_nordburial_60","Level Creature","Yes","60"
"bm_werewolf_Connor","Level Creature","Yes","20"
"bm_werewolf_wilderness01","Level Creature","Yes","99"
"bm_werewolf_wilderness02","Level Creature","Yes","99"
"bm_werewolf_wilderness03","Level Creature","Yes","99"
"bm_werewolf_wilderness04","Level Creature","Yes","99"
"bm_werewolf_wilderness05","Level Creature","Yes","99"
"bm_werewolf_wilderness06","Level Creature","Yes","99"
"bm_werewolf_wilderness07","Level Creature","Yes","99"
"bm_werewolf_wilderness08","Level Creature","Yes","99"
"bm_werewolf_wilderness09","Level Creature","Yes","99"
"db_assassins","Level Creature","Yes","0"
"ex_ascadianisles_lev+0","Level Creature","Yes","0"
"ex_ascadianisles_lev+2","Level Creature","Yes","0"
"ex_ascadianisles_lev-1","Level Creature","Yes","0"
"ex_ascadianisles_sleep","Level Creature","Yes","0"
"ex_azurascoast_lev+0","Level Creature","Yes","0"
"ex_azurascoast_lev+2","Level Creature","Yes","0"
"ex_azurascoast_lev-1","Level Creature","Yes","0"
"ex_azurascoast_sleep","Level Creature","Yes","0"
"ex_bittercoast_lev+0","Level Creature","Yes","0"
"ex_bittercoast_lev+2","Level Creature","Yes","0"
"ex_bittercoast_lev-1","Level Creature","Yes","0"
"ex_bittercoast_sleep","Level Creature","Yes","0"
"ex_grazelands_lev+0","Level Creature","Yes","40"
"ex_grazelands_lev+2","Level Creature","Yes","40"
"ex_grazelands_lev-1","Level Creature","Yes","40"
"ex_grazelands_sleep","Level Creature","Yes","0"
"ex_molagmar_lev+0","Level Creature","Yes","50"
"ex_molagmar_lev+2","Level Creature","Yes","50"
"ex_molagmar_lev-1","Level Creature","Yes","50"
"ex_molagmar_sleep","Level Creature","Yes","0"
"ex_RedMtn_all_lev+0","Level Creature","Yes","0"
"ex_RedMtn_all_lev+2","Level Creature","Yes","0"
"ex_RedMtn_all_lev-2","Level Creature","Yes","0"
"ex_RedMtn_all_sleep","Level Creature","Yes","0"
"ex_sheogorad_lev+0","Level Creature","Yes","0"
"ex_sheogorad_lev+2","Level Creature","Yes","0"
"ex_sheogorad_lev-1","Level Creature","Yes","0"
"ex_sheogorad_sleep","Level Creature","Yes","0"
"ex_shore_all_lev+0","Level Creature","Yes","50"
"ex_shore_all_lev+2","Level Creature","Yes","50"
"ex_shore_all_lev-2","Level Creature","Yes","50"
"ex_shore_cliffracer_lev+0","Level Creature","Yes","75"
"ex_shore_cliffracer_lev+2","Level Creature","Yes","75"
"ex_shore_cliffracer_lev-2","Level Creature","Yes","75"
"ex_shore_mudcrab","Level Creature","Yes","0"
"ex_westgash_lev+0","Level Creature","Yes","25"
"ex_westgash_lev+2","Level Creature","Yes","25"
"ex_westgash_lev-1","Level Creature","Yes","25"
"ex_westgash_sleep","Level Creature","Yes","0"
"ex_wild_all_lev+0","Level Creature","Yes","75"
"ex_wild_all_lev+2","Level Creature","Yes","75"
"ex_wild_all_lev-1","Level Creature","Yes","75"
"ex_wild_all_sleep","Level Creature","Yes","0"
"ex_wild_netch_lev+0","Level Creature","Yes","0"
"ex_wild_netch_lev+2","Level Creature","Yes","0"
"ex_wild_netch_lev-1","Level Creature","Yes","0"
"ex_wild_rat_lev+0","Level Creature","Yes","10"
"ex_wild_rat_lev+2","Level Creature","Yes","10"
"ex_wild_rat_lev-2","Level Creature","Yes","10"
"h2o_all_lev+0","Level Creature","Yes","25"
"h2o_all_lev+2","Level Creature","Yes","25"
"h2o_all_lev-2","Level Creature","Yes","25"
"h2o_slaughterfish","Level Creature","Yes","25"
"in_6th_all_lev+0","Level Creature","Yes","0"
"in_6th_all_lev+2","Level Creature","Yes","0"
"in_6th_all_lev-2","Level Creature","Yes","0"
"in_6th_ash_lev+0","Level Creature","Yes","0"
"in_6th_ash_lev+2","Level Creature","Yes","0"
"in_6th_ash_lev-2","Level Creature","Yes","0"
"in_cave_alit_lev+0","Level Creature","Yes","0"
"in_cave_alit_lev+2","Level Creature","Yes","0"
"in_cave_alit_lev-1","Level Creature","Yes","0"
"in_cave_all_lev+0","Level Creature","Yes","0"
"in_cave_all_lev+2","Level Creature","Yes","0"
"in_cave_all_lev-1","Level Creature","Yes","0"
"in_cave_kagouti_lev+0","Level Creature","Yes","0"
"in_cave_kagouti_lev+2","Level Creature","Yes","0"
"in_cave_kagouti_lev-1","Level Creature","Yes","0"
"in_cave_nix_lev+0","Level Creature","Yes","0"
"in_cave_nix_lev+2","Level Creature","Yes","0"
"in_cave_nix_lev-1","Level Creature","Yes","0"
"in_dae_all_lev+0","Level Creature","Yes","0"
"in_dae_all_lev+2","Level Creature","Yes","0"
"in_dae_all_lev-2","Level Creature","Yes","0"
"in_dae_atronach_lev+0","Level Creature","Yes","0"
"in_dae_atronach_lev+2","Level Creature","Yes","0"
"in_dae_atronach_lev-2","Level Creature","Yes","0"
"in_dae_clanfear_lev+0","Level Creature","Yes","0"
"in_dae_clanfear_lev+2","Level Creature","Yes","0"
"in_dae_clanfear_lev-2","Level Creature","Yes","0"
"in_dae_dremora_lev+0","Level Creature","Yes","0"
"in_dae_dremora_lev+2","Level Creature","Yes","0"
"in_dae_dremora_lev-2","Level Creature","Yes","0"
"in_durzogs","Level Creature","Yes","0"
"in_dwe_all_lev+0","Level Creature","Yes","0"
"in_dwe_all_lev+2","Level Creature","Yes","0"
"in_dwe_all_lev-2","Level Creature","Yes","0"
"in_dwe_all_tribunal","Level Creature","Yes","0"
"in_dwe_cent_lev+0","Level Creature","Yes","0"
"in_dwe_cent_lev+2","Level Creature","Yes","0"
"in_dwe_cent_lev-2","Level Creature","Yes","0"
"in_egg_all_lev+0","Level Creature","Yes","0"
"in_egg_all_lev+2","Level Creature","Yes","0"
"in_egg_all_lev-1","Level Creature","Yes","0"
"in_egg_kwama_blight_lev+0","Level Creature","Yes","0"
"in_egg_kwama_blight_lev+2","Level Creature","Yes","0"
"in_egg_kwama_blight_lev-1","Level Creature","Yes","0"
"in_egg_kwama_lev+0","Level Creature","Yes","0"
"in_egg_kwama_lev+2","Level Creature","No","0"
"in_egg_kwama_lev-1","Level Creature","No","0"
"in_egg_kwama_mined","Level Creature","No","0"
"in_egg_scrib_lev+0","Level Creature","No","0"
"in_egg_scrib_lev+2","Level Creature","No","0"
"in_egg_scrib_lev-1","Level Creature","No","0"
"in_goblins","Level Creature","Yes","0"
"in_tomb_all_lev+0","Level Creature","No","0"
"in_tomb_all_lev+2","Level Creature","No","0"
"in_tomb_all_lev-2","Level Creature","No","0"
"in_tomb_all_lev_trib","Level Creature","Yes","0"
"in_tomb_bone_lev+0","Level Creature","No","0"
"in_tomb_bone_lev+2","Level Creature","No","0"
"in_tomb_bone_lev-2","Level Creature","No","0"
"in_tomb_skele_lev+0","Level Creature","No","0"
"in_tomb_skele_lev+2","Level Creature","No","0"
"in_tomb_skele_lev-2","Level Creature","No","0"
"in_vamp_cattle","Level Creature","Yes","0"
"in_vamp_cattle_aun","Level Creature","Yes","0"
"in_vamp_cattle_ber","Level Creature","Yes","0"
"in_vamp_cattle_qua","Level Creature","Yes","0"
"l_vamp_cattle","Level Creature","Yes","0"
"T_Cyr_Cr_Lamia","Level Creature","Yes","0"
"T_Cyr_Cr_Longfin","Level Creature","Yes","0"
"T_Cyr_Cr_LongfinStationary","Level Creature","Yes","0"
"T_Cyr_Cr_Sprfish","Level Creature","Yes","0"
"T_Cyr_Cr_SprfishStationary","Level Creature","Yes","0"
"T_Cyr_Cr_Stridfish","Level Creature","Yes","25"
"T_Cyr_Cr_StridfishStationary","Level Creature","Yes","0"
"T_Cyr_Lvl_AyleidRuin+0","Level Creature","Yes","0"
"T_Cyr_Lvl_AyleidRuin+2","Level Creature","Yes","0"
"T_Cyr_Lvl_AyleidRuin-1","Level Creature","Yes","0"
"T_Cyr_Lvl_CaveAll+0","Level Creature","Yes","0"
"T_Cyr_Lvl_CaveAll+2","Level Creature","Yes","0"
"T_Cyr_Lvl_CaveAll-1","Level Creature","Yes","0"
"T_Cyr_Lvl_ColTomb+0","Level Creature","Yes","0"
"T_Cyr_Lvl_ColTomb+2","Level Creature","Yes","0"
"T_Cyr_Lvl_ColTomb-1","Level Creature","Yes","0"
"T_Cyr_Lvl_Ghosts+0","Level Creature","Yes","0"
"T_Cyr_Lvl_Ghosts+2","Level Creature","Yes","0"
"T_Cyr_Lvl_Ghosts-1","Level Creature","Yes","0"
"T_Cyr_Lvl_Goblin+0","Level Creature","Yes","0"
"T_Cyr_Lvl_Goblin+2","Level Creature","Yes","0"
"T_Cyr_Lvl_Goblin-1","Level Creature","Yes","0"
"T_Cyr_RLvl_AbeceanHostile","Level Creature","Yes","25"
"T_Cyr_RLvl_GildedHills+0","Level Creature","Yes","10"
"T_Cyr_RLvl_GoldCoast+0","Level Creature","Yes","10"
"T_Cyr_RLvl_Stirk+0","Level Creature","Yes","10"
"T_Cyr_RLvl_Stirk+2","Level Creature","Yes","10"
"T_Cyr_RLvl_Stirk-1","Level Creature","Yes","10"
"T_Cyr_RLvl_StirkSleep","Level Creature","Yes","10"
"T_Cyr_RStat_AbeceanAllFish","Level Creature","Yes","20"
"T_Cyr_RStat_AbeceanDreugh","Level Creature","Yes","0"
"T_Cyr_RStat_AbeceanPassive","Level Creature","Yes","25"
"T_Cyr_RStat_AbeceanSlaughterF","Level Creature","Yes","0"
"T_Cyr_RStat_StirkCrabs","Level Creature","Yes","0"
"T_Cyr_Stat_Mooncrabs","Level Creature","Yes","0"
"T_Cyr_Stat_Seagulls1","Level Creature","Yes","0"
"T_Cyr_Stat_Seagulls2","Level Creature","Yes","0"
"T_Cyr_Stat_Seagulls3","Level Creature","Yes","0"
"T_Cyr_Stat_Seagulls4","Level Creature","Yes","0"
"T_Mw_Cr_Alit","Level Creature","Yes","0"
"T_Mw_Cr_AlitDiseased","Level Creature","Yes","0"
"T_Mw_Cr_AtronachFlame","Level Creature","Yes","0"
"T_Mw_Cr_AtronachFrost","Level Creature","Yes","0"
"T_Mw_Cr_AtronachStorm","Level Creature","Yes","0"
"T_Mw_Cr_BeetleBlue","Level Creature","Yes","0"
"T_Mw_Cr_BeetleBlueDiseased","Level Creature","Yes","0"
"T_Mw_Cr_BeetleBrown","Level Creature","Yes","0"
"T_Mw_Cr_BeetleBrownDiseased","Level Creature","Yes","0"
"T_Mw_Cr_BeetleGreen","Level Creature","Yes","0"
"T_Mw_Cr_BeetleGreenDiseased","Level Creature","Yes","0"
"T_Mw_Cr_BeetleHorned","Level Creature","Yes","0"
"T_Mw_Cr_BeetleHornedDiseased","Level Creature","Yes","0"
"T_Mw_Cr_Bonelord","Level Creature","Yes","0"
"T_Mw_Cr_Bonewalker","Level Creature","Yes","0"
"T_Mw_Cr_BonewalkerGreater","Level Creature","Yes","0"
"T_Mw_Cr_BonewalkerWeak","Level Creature","Yes","0"
"T_Mw_Cr_CenturionArcher","Level Creature","Yes","0"
"T_Mw_Cr_CenturionArcherMelee","Level Creature","Yes","0"
"T_Mw_Cr_CenturionArmor1","Level Creature","Yes","0"
"T_Mw_Cr_CenturionArmor2","Level Creature","Yes","0"
"T_Mw_Cr_CenturionArmor3","Level Creature","Yes","0"
"T_Mw_Cr_CenturionArmor4","Level Creature","Yes","0"
"T_Mw_Cr_CenturionArmor5","Level Creature","Yes","0"
"T_Mw_Cr_CenturionArmor6","Level Creature","Yes","0"
"T_Mw_Cr_CenturionSphere","Level Creature","Yes","0"
"T_Mw_Cr_CenturionSpider","Level Creature","Yes","0"
"T_Mw_Cr_CenturionSteam","Level Creature","Yes","0"
"T_Mw_Cr_CenturionSteamAdvanced","Level Creature","Yes","0"
"T_Mw_Cr_Cephalopod","Level Creature","Yes","0"
"T_Mw_Cr_Clannfear","Level Creature","Yes","0"
"T_Mw_Cr_Cliffracer","Level Creature","Yes","0"
"T_Mw_Cr_CliffracerDiseased","Level Creature","Yes","0"
"T_Mw_Cr_Deadroth","Level Creature","Yes","0"
"T_Mw_Cr_Dremora","Level Creature","Yes","0"
"T_Mw_Cr_Dremora_Archer","Level Creature","Yes","0"
"T_Mw_Cr_Dremora_Spellcaster","Level Creature","Yes","0"
"T_Mw_Cr_DremoraCaitiff","Level Creature","Yes","0"
"T_Mw_Cr_DremoraKynreeve","Level Creature","Yes","0"
"T_Mw_Cr_DremoraKynval","Level Creature","Yes","0"
"T_Mw_Cr_DremoraLord","Level Creature","Yes","0"
"T_Mw_Cr_Dreugh1","Level Creature","Yes","0"
"T_Mw_Cr_Dreugh2","Level Creature","Yes","0"
"T_Mw_Cr_Dreugh3","Level Creature","Yes","0"
"T_Mw_Cr_Dreugh4","Level Creature","Yes","0"
"T_Mw_Cr_DridreaMatriarch","Level Creature","Yes","0"
"T_Mw_Cr_DridreaSpawn","Level Creature","Yes","0"
"T_Mw_Cr_Durzog","Level Creature","Yes","0"
"T_Mw_Cr_DurzogDiseased","Level Creature","Yes","0"
"T_Mw_Cr_DurzogWeaker","Level Creature","Yes","0"
"T_Mw_Cr_GhostAncestor","Level Creature","Yes","0"
"T_Mw_Cr_GhostAncestorGreater","Level Creature","Yes","0"
"T_Mw_Cr_GhostDwarven","Level Creature","Yes","0"
"T_Mw_Cr_Goblin","Level Creature","Yes","0"
"T_Mw_Cr_GoldenSaint","Level Creature","Yes","0"
"T_Mw_Cr_GolemMud","Level Creature","Yes","0"
"T_Mw_Cr_Guar","Level Creature","Yes","0"
"T_Mw_Cr_Guardian","Level Creature","Yes","0"
"T_Mw_Cr_GuarWild","Level Creature","Yes","0"
"T_Mw_Cr_Horker","Level Creature","Yes","0"
"T_Mw_Cr_Hunger","Level Creature","Yes","0"
"T_Mw_Cr_JuvenileRiverStrider","Level Creature","Yes","0"
"T_Mw_Cr_Kagouti","Level Creature","Yes","0"
"T_Mw_Cr_KagoutiDiseased","Level Creature","Yes","0"
"T_Mw_Cr_KagoutiR","Level Creature","Yes","40"
"T_Mw_Cr_KwamaForager","Level Creature","Yes","0"
"T_Mw_Cr_KwamaQueen","Level Creature","Yes","0"
"T_Mw_Cr_KwamaQueenDiseased","Level Creature","Yes","0"
"T_Mw_Cr_KwamaWarrior","Level Creature","Yes","0"
"T_Mw_Cr_KwamaWarriorDiseased","Level Creature","Yes","0"
"T_Mw_Cr_KwamaWorker","Level Creature","Yes","0"
"T_Mw_Cr_KwamaWorkerDiseased","Level Creature","Yes","0"
"T_Mw_Cr_LesserClannfear","Level Creature","Yes","0"
"T_Mw_Cr_Lich","Level Creature","Yes","0"
"T_Mw_Cr_LichGreater","Level Creature","Yes","0"
"T_Mw_Cr_Molecrab","Level Creature","Yes","0"
"T_Mw_Cr_MolecrabDiseased","Level Creature","Yes","0"
"T_Mw_Cr_Mouse","Level Creature","Yes","0"
"T_Mw_Cr_Mudcrab","Level Creature","Yes","0"
"T_Mw_Cr_MudcrabDiseased","Level Creature","Yes","0"
"T_Mw_Cr_Muskfly","Level Creature","Yes","0"
"T_Mw_Cr_MuskflyR","Level Creature","Yes","40"
"T_Mw_Cr_Netchbetty","Level Creature","Yes","0"
"T_Mw_Cr_NetchbettyRanched","Level Creature","Yes","0"
"T_Mw_Cr_Netchbull","Level Creature","Yes","0"
"T_Mw_Cr_NetchbullRanced","Level Creature","Yes","0"
"T_Mw_Cr_Nixhound","Level Creature","Yes","0"
"T_Mw_Cr_NixhoundDiseased","Level Creature","Yes","0"
"T_Mw_Cr_Nixmount","Level Creature","Yes","0"
"T_Mw_Cr_Ogrim","Level Creature","Yes","0"
"T_Mw_Cr_OgrimTitan","Level Creature","Yes","0"
"T_Mw_Cr_Ornada","Level Creature","Yes","0"
"T_Mw_Cr_Parastylus","Level Creature","Yes","0"
"T_Mw_Cr_ParastylusDiseased","Level Creature","Yes","0"
"T_Mw_Cr_ParastylusVenomous","Level Creature","Yes","0"
"T_Mw_Cr_Rat","Level Creature","Yes","0"
"T_Mw_Cr_RatCave","Level Creature","Yes","0"
"T_Mw_Cr_RatDiseased","Level Creature","Yes","0"
"T_Mw_Cr_Scamp","Level Creature","Yes","0"
"T_Mw_Cr_Scrib","Level Creature","Yes","0"
"T_Mw_Cr_ScribDiseased","Level Creature","Yes","0"
"T_Mw_Cr_Shalk","Level Creature","Yes","0"
"T_Mw_Cr_ShalkDiseased","Level Creature","Yes","0"
"T_Mw_Cr_Siltstrider","Level Creature","Yes","60"
"T_Mw_Cr_Skeleton","Level Creature","Yes","0"
"T_Mw_Cr_SkeletonArcher","Level Creature","Yes","0"
"T_Mw_Cr_SkeletonChampion","Level Creature","Yes","0"
"T_Mw_Cr_SkeletonEntrance","Level Creature","Yes","0"
"T_Mw_Cr_SkeletonNord","Level Creature","Yes","0"
"T_Mw_Cr_SkeletonOrc","Level Creature","Yes","0"
"T_Mw_Cr_SkeletonWarlord","Level Creature","Yes","0"
"T_Mw_Cr_SkeletonWarrior","Level Creature","Yes","0"
"T_Mw_Cr_SkeletonWarwizard","Level Creature","Yes","0"
"T_Mw_Cr_Slaugherfish","Level Creature","Yes","0"
"T_Mw_Cr_SlaugherfishSmall","Level Creature","Yes","0"
"T_Mw_Cr_Swamptroll","Level Creature","Yes","0"
"T_Mw_Cr_SwamptrollDis","Level Creature","Yes","0"
"T_Mw_Cr_Tully","Level Creature","Yes","0"
"T_Mw_Cr_Velk","Level Creature","Yes","0"
"T_Mw_Cr_Vermai","Level Creature","Yes","0"
"T_Mw_Cr_WingedTwilligh","Level Creature","Yes","0"
"T_Mw_Cr_Wolf","Level Creature","Yes","0"
"T_Mw_Cr_WolfEasy","Level Creature","Yes","0"
"T_Mw_Cr_YethGrub","Level Creature","Yes","0"
"T_Mw_Lvl_Alits+0","Level Creature","Yes","0"
"T_Mw_Lvl_Alits+2","Level Creature","Yes","0"
"T_Mw_Lvl_Atronachs+0","Level Creature","Yes","0"
"T_Mw_Lvl_Atronachs+2","Level Creature","Yes","0"
"T_Mw_Lvl_Atronachs-2","Level Creature","Yes","0"
"T_Mw_Lvl_AtronachsFlame+0","Level Creature","Yes","0"
"T_Mw_Lvl_AtronachsFlame+2","Level Creature","Yes","0"
"T_Mw_Lvl_AtronachsFlame-2","Level Creature","Yes","0"
"T_Mw_Lvl_AtronachsFrost+0","Level Creature","Yes","0"
"T_Mw_Lvl_AtronachsFrost+2","Level Creature","Yes","0"
"T_Mw_Lvl_AtronachsFrost-2","Level Creature","Yes","0"
"T_Mw_Lvl_AtronachsStorm+0","Level Creature","Yes","0"
"T_Mw_Lvl_AtronachsStorm+2","Level Creature","Yes","0"
"T_Mw_Lvl_AtronachsStorm-2","Level Creature","Yes","0"
"T_Mw_Lvl_Beetles+0","Level Creature","Yes","0"
"T_Mw_Lvl_Beetles+2","Level Creature","Yes","0"
"T_Mw_Lvl_Beetles-2","Level Creature","Yes","0"
"T_Mw_Lvl_BeetlesBlue+0","Level Creature","Yes","0"
"T_Mw_Lvl_BeetlesBlue+2","Level Creature","Yes","0"
"T_Mw_Lvl_BeetlesBlue-2","Level Creature","Yes","0"
"T_Mw_Lvl_BeetlesBrown+0","Level Creature","Yes","0"
"T_Mw_Lvl_BeetlesBrown+2","Level Creature","Yes","0"
"T_Mw_Lvl_BeetlesBrown-2","Level Creature","Yes","0"
"T_Mw_Lvl_BeetlesGreen+0","Level Creature","Yes","0"
"T_Mw_Lvl_BeetlesGreen+2","Level Creature","Yes","0"
"T_Mw_Lvl_BeetlesGreen-2","Level Creature","Yes","0"
"T_Mw_Lvl_BeetlesHorned+0","Level Creature","Yes","0"
"T_Mw_Lvl_BeetlesHorned+2","Level Creature","Yes","0"
"T_Mw_Lvl_BeetlesHorned-2","Level Creature","Yes","0"
"T_Mw_Lvl_BeetlesShalk+0","Level Creature","Yes","0"
"T_Mw_Lvl_BeetlesShalk+2","Level Creature","Yes","0"
"T_Mw_Lvl_BeetlesShalk-2","Level Creature","Yes","0"
"T_Mw_Lvl_BoneLords+0","Level Creature","Yes","0"
"T_Mw_Lvl_BoneLords+2","Level Creature","Yes","0"
"T_Mw_Lvl_BoneLords-2","Level Creature","Yes","0"
"T_Mw_Lvl_BoneLordsPlague+0","Level Creature","Yes","0"
"T_Mw_Lvl_BoneLordsPlague+2","Level Creature","Yes","0"
"T_Mw_Lvl_BoneLordsPlague-2","Level Creature","Yes","0"
"T_Mw_Lvl_BoneLordsTomb+0","Level Creature","Yes","0"
"T_Mw_Lvl_BoneLordsTomb+2","Level Creature","Yes","0"
"T_Mw_Lvl_BoneLordsTomb-2","Level Creature","Yes","0"
"T_Mw_Lvl_BoneUndead+0","Level Creature","Yes","0"
"T_Mw_Lvl_BoneUndead+2","Level Creature","Yes","0"
"T_Mw_Lvl_BoneUndead-2","Level Creature","Yes","0"
"T_Mw_Lvl_BoneUndeadPlague+0","Level Creature","Yes","0"
"T_Mw_Lvl_BoneUndeadPlague+2","Level Creature","Yes","0"
"T_Mw_Lvl_BoneUndeadPlague-2","Level Creature","Yes","0"
"T_Mw_Lvl_BoneUndeadTomb+0","Level Creature","Yes","0"
"T_Mw_Lvl_BoneUndeadTomb+2","Level Creature","Yes","0"
"T_Mw_Lvl_BoneUndeadTomb-2","Level Creature","Yes","0"
"T_Mw_Lvl_Bonewalkers+0","Level Creature","Yes","0"
"T_Mw_Lvl_Bonewalkers+2","Level Creature","Yes","0"
"T_Mw_Lvl_Bonewalkers-2","Level Creature","Yes","0"
"T_Mw_Lvl_BonewalkersPlague+0","Level Creature","Yes","0"
"T_Mw_Lvl_BonewalkersPlague+2","Level Creature","Yes","0"
"T_Mw_Lvl_BonewalkersPlague-2","Level Creature","Yes","0"
"T_Mw_Lvl_BonewalkersTomb+0","Level Creature","Yes","0"
"T_Mw_Lvl_BonewalkersTomb+2","Level Creature","Yes","0"
"T_Mw_Lvl_BonewalkersTomb-2","Level Creature","Yes","0"
"T_Mw_Lvl_Butterflies+2","Level Creature","Yes","0"
"T_Mw_Lvl_CenturionArchers+0","Level Creature","Yes","0"
"T_Mw_Lvl_CenturionArchers+2","Level Creature","Yes","0"
"T_Mw_Lvl_CenturionArchers-2","Level Creature","Yes","0"
"T_Mw_Lvl_Centurions+0","Level Creature","Yes","0"
"T_Mw_Lvl_Centurions+2","Level Creature","Yes","0"
"T_Mw_Lvl_Centurions-2","Level Creature","Yes","0"
"T_Mw_Lvl_CenturionsArmor+0","Level Creature","Yes","0"
"T_Mw_Lvl_CenturionsArmor+2","Level Creature","Yes","0"
"T_Mw_Lvl_CenturionsArmor-2","Level Creature","Yes","0"
"T_Mw_Lvl_CenturionSpheres+0","Level Creature","Yes","0"
"T_Mw_Lvl_CenturionSpheres+2","Level Creature","Yes","0"
"T_Mw_Lvl_CenturionSpheres-2","Level Creature","Yes","0"
"T_Mw_Lvl_CenturionSpiders+0","Level Creature","Yes","0"
"T_Mw_Lvl_CenturionSpiders+2","Level Creature","Yes","0"
"T_Mw_Lvl_CenturionsSteam+0","Level Creature","Yes","0"
"T_Mw_Lvl_CenturionsSteam+2","Level Creature","Yes","0"
"T_Mw_Lvl_CenturionsSteam-2","Level Creature","Yes","0"
"T_Mw_Lvl_Cephalopods+0","Level Creature","Yes","0"
"T_Mw_Lvl_Cephalopods+2","Level Creature","Yes","0"
"T_Mw_Lvl_Cephalopods-2","Level Creature","Yes","0"
"T_Mw_Lvl_Clannfears+0","Level Creature","Yes","0"
"T_Mw_Lvl_Clannfears+2","Level Creature","Yes","0"
"T_Mw_Lvl_Clannfears-2","Level Creature","Yes","0"
"T_Mw_Lvl_Cliffracers+0","Level Creature","Yes","0"
"T_Mw_Lvl_Cliffracers+2","Level Creature","Yes","0"
"T_Mw_Lvl_Cliffracers-2","Level Creature","Yes","0"
"T_Mw_Lvl_Crabs+0","Level Creature","Yes","0"
"T_Mw_Lvl_Crabs+2","Level Creature","Yes","0"
"T_Mw_Lvl_Crabs-2","Level Creature","Yes","0"
"T_Mw_Lvl_CrabsLand+2","Level Creature","Yes","0"
"T_Mw_Lvl_Daedra+0","Level Creature","Yes","0"
"T_Mw_Lvl_Daedra+2","Level Creature","Yes","0"
"T_Mw_Lvl_Daedra-2","Level Creature","Yes","0"
"T_Mw_Lvl_Daedroths+0","Level Creature","Yes","0"
"T_Mw_Lvl_Daedroths+2","Level Creature","Yes","0"
"T_Mw_Lvl_Daedroths-2","Level Creature","Yes","0"
"T_Mw_Lvl_Dremora+0","Level Creature","Yes","0"
"T_Mw_Lvl_Dremora+2","Level Creature","Yes","0"
"T_Mw_Lvl_Dremora-2","Level Creature","Yes","0"
"T_Mw_Lvl_Dreughs+0","Level Creature","Yes","0"
"T_Mw_Lvl_Dreughs+2","Level Creature","Yes","0"
"T_Mw_Lvl_Dreughs-2","Level Creature","Yes","0"
"T_Mw_Lvl_Dridreas+0","Level Creature","Yes","0"
"T_Mw_Lvl_Dridreas+2","Level Creature","Yes","0"
"T_Mw_Lvl_Dridreas-2","Level Creature","Yes","0"
"T_Mw_Lvl_Durzogs+0","Level Creature","Yes","0"
"T_Mw_Lvl_Durzogs+2","Level Creature","Yes","0"
"T_Mw_Lvl_Durzogs-2","Level Creature","Yes","0"
"T_Mw_Lvl_DwemerCenturions+0","Level Creature","Yes","0"
"T_Mw_Lvl_DwemerCenturions+2","Level Creature","Yes","0"
"T_Mw_Lvl_DwemerCenturions-2","Level Creature","Yes","0"
"T_Mw_Lvl_DwemerCreatures+0","Level Creature","Yes","0"
"T_Mw_Lvl_DwemerCreatures+2","Level Creature","Yes","0"
"T_Mw_Lvl_DwemerCreatures-2","Level Creature","Yes","0"
"T_Mw_Lvl_EscapedMonsters+0","Level Creature","Yes","70"
"T_Mw_Lvl_EscapedMonsters+2","Level Creature","Yes","70"
"T_Mw_Lvl_EscapedMonsters-2","Level Creature","Yes","70"
"T_Mw_Lvl_FishPassive+2","Level Creature","Yes","0"
"T_Mw_Lvl_FishPassiveA+2","Level Creature","Yes","55"
"T_Mw_Lvl_FishPassiveB+2","Level Creature","Yes","55"
"T_Mw_Lvl_FishPassiveC+2","Level Creature","Yes","55"
"T_Mw_Lvl_Ghosts+0","Level Creature","Yes","0"
"T_Mw_Lvl_Ghosts+2","Level Creature","Yes","0"
"T_Mw_Lvl_Ghosts-2","Level Creature","Yes","0"
"T_Mw_Lvl_GhostsAncestor+0","Level Creature","Yes","0"
"T_Mw_Lvl_GhostsAncestor+2","Level Creature","Yes","0"
"T_Mw_Lvl_GhostsAncestor-2","Level Creature","Yes","0"
"T_Mw_Lvl_GhostsDwarven+0","Level Creature","Yes","0"
"T_Mw_Lvl_GhostsDwarven+2","Level Creature","Yes","0"
"T_Mw_Lvl_GhostsDwarven-2","Level Creature","Yes","0"
"T_Mw_Lvl_GhostsPlague+0","Level Creature","Yes","0"
"T_Mw_Lvl_GhostsPlague+2","Level Creature","Yes","0"
"T_Mw_Lvl_GhostsPlague-2","Level Creature","Yes","0"
"T_Mw_Lvl_GoldenSaints+0","Level Creature","Yes","0"
"T_Mw_Lvl_GoldenSaints+2","Level Creature","Yes","0"
"T_Mw_Lvl_GoldenSaints-2","Level Creature","Yes","0"
"T_Mw_Lvl_Golems+0","Level Creature","Yes","0"
"T_Mw_Lvl_Golems+2","Level Creature","Yes","0"
"T_Mw_Lvl_Golems-2","Level Creature","Yes","0"
"T_Mw_Lvl_GolemsMud+0","Level Creature","Yes","0"
"T_Mw_Lvl_GolemsMud+2","Level Creature","Yes","0"
"T_Mw_Lvl_GolemsMud-2","Level Creature","Yes","0"
"T_Mw_Lvl_Guars+0","Level Creature","Yes","0"
"T_Mw_Lvl_Guars+2","Level Creature","Yes","0"
"T_Mw_Lvl_Hungers+0","Level Creature","Yes","0"
"T_Mw_Lvl_Hungers+2","Level Creature","Yes","0"
"T_Mw_Lvl_Hungers-2","Level Creature","Yes","0"
"T_Mw_Lvl_Kagouties+0","Level Creature","Yes","0"
"T_Mw_Lvl_Kagouties+2","Level Creature","Yes","0"
"T_Mw_Lvl_Kagouties-2","Level Creature","Yes","0"
"T_Mw_Lvl_KwamaExplorers+0","Level Creature","Yes","0"
"T_Mw_Lvl_KwamaExplorers+2","Level Creature","Yes","0"
"T_Mw_Lvl_Liches+0","Level Creature","Yes","0"
"T_Mw_Lvl_Liches+2","Level Creature","Yes","0"
"T_Mw_Lvl_Liches-2","Level Creature","Yes","0"
"T_Mw_Lvl_LichesPlague+0","Level Creature","Yes","0"
"T_Mw_Lvl_LichesPlague+2","Level Creature","Yes","0"
"T_Mw_Lvl_LichesPlague-2","Level Creature","Yes","0"
"T_Mw_Lvl_LichTomb+0","Level Creature","Yes","0"
"T_Mw_Lvl_LichTomb+2","Level Creature","Yes","0"
"T_Mw_Lvl_LichTomb-2","Level Creature","Yes","0"
"T_Mw_Lvl_Molecrabs+2","Level Creature","Yes","0"
"T_Mw_Lvl_Moths+2","Level Creature","Yes","0"
"T_Mw_Lvl_Mudcrabs+2","Level Creature","Yes","0"
"T_Mw_Lvl_Mummies+0","Level Creature","Yes","0"
"T_Mw_Lvl_Mummies+2","Level Creature","Yes","0"
"T_Mw_Lvl_MummiesPlague+0","Level Creature","Yes","0"
"T_Mw_Lvl_MummiesPlague+2","Level Creature","Yes","0"
"T_Mw_Lvl_MummiesTomb+0","Level Creature","Yes","0"
"T_Mw_Lvl_MummiesTomb+2","Level Creature","Yes","0"
"T_Mw_Lvl_Muskflies+0","Level Creature","Yes","0"
"T_Mw_Lvl_Muskflies+2","Level Creature","Yes","0"
"T_Mw_Lvl_NetchBettiesWild+0","Level Creature","Yes","0"
"T_Mw_Lvl_NetchBettiesWild+2","Level Creature","Yes","0"
"T_Mw_Lvl_NetchBettiesWild-2","Level Creature","Yes","0"
"T_Mw_Lvl_NetchBullsWild+0","Level Creature","Yes","0"
"T_Mw_Lvl_NetchBullsWild+2","Level Creature","Yes","0"
"T_Mw_Lvl_NetchBullsWild-2","Level Creature","Yes","0"
"T_Mw_Lvl_NetchesRanched","Level Creature","Yes","0"
"T_Mw_Lvl_NetchesWild+0","Level Creature","Yes","0"
"T_Mw_Lvl_NetchesWild+2","Level Creature","Yes","0"
"T_Mw_Lvl_NetchesWild-2","Level Creature","Yes","0"
"T_Mw_Lvl_Nixhounds+0","Level Creature","Yes","0"
"T_Mw_Lvl_Nixhounds+2","Level Creature","Yes","0"
"T_Mw_Lvl_Ogrims+0","Level Creature","Yes","0"
"T_Mw_Lvl_Ogrims+2","Level Creature","Yes","0"
"T_Mw_Lvl_Ogrims-2","Level Creature","Yes","0"
"T_Mw_Lvl_Ornadas+2","Level Creature","Yes","0"
"T_Mw_Lvl_Parastylus+0","Level Creature","Yes","0"
"T_Mw_Lvl_Parastylus+2","Level Creature","Yes","0"
"T_Mw_Lvl_Parastylus-2","Level Creature","Yes","0"
"T_Mw_Lvl_Rodent+0","Level Creature","Yes","0"
"T_Mw_Lvl_Rodent+2","Level Creature","Yes","0"
"T_Mw_Lvl_RodentRats+0","Level Creature","Yes","0"
"T_Mw_Lvl_RodentRats+2","Level Creature","Yes","0"
"T_Mw_Lvl_Scamps+0","Level Creature","Yes","0"
"T_Mw_Lvl_Scamps+2","Level Creature","Yes","0"
"T_Mw_Lvl_Scamps-2","Level Creature","Yes","0"
"T_Mw_Lvl_Seacrabs+0","Level Creature","Yes","0"
"T_Mw_Lvl_Seacrabs+2","Level Creature","Yes","0"
"T_Mw_Lvl_Seacrabs-2","Level Creature","Yes","0"
"T_Mw_Lvl_Shalks+0","Level Creature","Yes","0"
"T_Mw_Lvl_Shalks+2","Level Creature","Yes","0"
"T_Mw_Lvl_Shalks-2","Level Creature","Yes","0"
"T_Mw_Lvl_Skeletons+0","Level Creature","Yes","0"
"T_Mw_Lvl_Skeletons+2","Level Creature","Yes","0"
"T_Mw_Lvl_Skeletons-2","Level Creature","Yes","0"
"T_Mw_Lvl_SkeletonsNord+0","Level Creature","Yes","0"
"T_Mw_Lvl_SkeletonsNord+2","Level Creature","Yes","0"
"T_Mw_Lvl_SkeletonsNord-2","Level Creature","Yes","0"
"T_Mw_Lvl_SkeletonsOrc+0","Level Creature","Yes","0"
"T_Mw_Lvl_SkeletonsOrc+2","Level Creature","Yes","0"
"T_Mw_Lvl_SkeletonsOrc-2","Level Creature","Yes","0"
"T_Mw_Lvl_SkeletonsPlague+0","Level Creature","Yes","0"
"T_Mw_Lvl_SkeletonsPlague+2","Level Creature","Yes","0"
"T_Mw_Lvl_SkeletonsPlague-2","Level Creature","Yes","0"
"T_Mw_Lvl_SkeletonsTomb+0","Level Creature","Yes","0"
"T_Mw_Lvl_SkeletonsTomb+2","Level Creature","Yes","0"
"T_Mw_Lvl_SkeletonsTomb-2","Level Creature","Yes","0"
"T_Mw_Lvl_Slaugherfish+0","Level Creature","Yes","0"
"T_Mw_Lvl_Slaugherfish+2","Level Creature","Yes","0"
"T_Mw_Lvl_SlaugherfishSmall+0","Level Creature","Yes","0"
"T_Mw_Lvl_SlaugherfishSmall+2","Level Creature","Yes","0"
"T_Mw_Lvl_Swamptrolls+0","Level Creature","Yes","0"
"T_Mw_Lvl_Swamptrolls+2","Level Creature","Yes","0"
"T_Mw_Lvl_Swamptrolls-2","Level Creature","Yes","0"
"T_Mw_Lvl_Tullies+0","Level Creature","Yes","0"
"T_Mw_Lvl_Tullies+2","Level Creature","Yes","0"
"T_Mw_Lvl_Undead+0","Level Creature","Yes","0"
"T_Mw_Lvl_Undead+2","Level Creature","Yes","0"
"T_Mw_Lvl_Undead-2","Level Creature","Yes","0"
"T_Mw_Lvl_UndeadPlague+0","Level Creature","Yes","0"
"T_Mw_Lvl_UndeadPlague+2","Level Creature","Yes","0"
"T_Mw_Lvl_UndeadPlague-2","Level Creature","Yes","0"
"T_Mw_Lvl_UndeadTomb+0","Level Creature","Yes","0"
"T_Mw_Lvl_UndeadTomb+2","Level Creature","Yes","0"
"T_Mw_Lvl_UndeadTomb-2","Level Creature","Yes","0"
"T_Mw_Lvl_Vermais+0","Level Creature","Yes","0"
"T_Mw_Lvl_Vermais+2","Level Creature","Yes","0"
"T_Mw_Lvl_Vermais-2","Level Creature","Yes","0"
"T_Mw_Lvl_WingedTwillights+0","Level Creature","Yes","0"
"T_Mw_Lvl_WingedTwillights+2","Level Creature","Yes","0"
"T_Mw_Lvl_WingedTwillights-2","Level Creature","Yes","0"
"T_Mw_RLvl_AltOrethanCave+0","Level Creature","Yes","0"
"T_Mw_RLvl_AltOrethanCave+2","Level Creature","Yes","0"
"T_Mw_RLvl_AltOrethanCave-2","Level Creature","Yes","0"
"T_Mw_RLvl_AltOrethanLand+0","Level Creature","Yes","0"
"T_Mw_RLvl_AltOrethanLand+2","Level Creature","Yes","0"
"T_Mw_RLvl_AltOrethanLand-2","Level Creature","Yes","0"
"T_Mw_RLvl_AltOrethanWater+0","Level Creature","Yes","0"
"T_Mw_RLvl_AltOrethanWater+2","Level Creature","Yes","0"
"T_Mw_RLvl_AltOrethanWater-2","Level Creature","Yes","0"
"T_Mw_RLvl_BoethiahSpineCave+0","Level Creature","Yes","0"
"T_Mw_RLvl_BoethiahSpineCave+2","Level Creature","Yes","0"
"T_Mw_RLvl_BoethiahSpineCave-2","Level Creature","Yes","0"
"T_Mw_RLvl_BoethiahSpineCoast+0","Level Creature","Yes","0"
"T_Mw_RLvl_BoethiahSpineCoast+2","Level Creature","Yes","0"
"T_Mw_RLvl_BoethiahSpineCoast-2","Level Creature","Yes","0"
"T_Mw_RLvl_BoethiahSpineGrotto+0","Level Creature","Yes","0"
"T_Mw_RLvl_BoethiahSpineGrotto+2","Level Creature","Yes","0"
"T_Mw_RLvl_BoethiahSpineGrotto-2","Level Creature","Yes","0"
"T_Mw_RLvl_BoethiahSpineLand+0","Level Creature","Yes","0"
"T_Mw_RLvl_BoethiahSpineLand+2","Level Creature","Yes","0"
"T_Mw_RLvl_BoethiahSpineLand-2","Level Creature","Yes","0"
"T_Mw_RLvl_BoethiahSpineWater+0","Level Creature","Yes","0"
"T_Mw_RLvl_BoethiahSpineWater+2","Level Creature","Yes","0"
"T_Mw_RLvl_BoethiahSpineWater-2","Level Creature","Yes","0"
"T_Mw_RLvl_BoethianLakes+0","Level Creature","Yes","0"
"T_Mw_RLvl_BoethianLakes+2","Level Creature","Yes","0"
"T_Mw_RLvl_BoethianLakes-2","Level Creature","Yes","0"
"T_Mw_RLvl_BoethianLakesCave+0","Level Creature","Yes","0"
"T_Mw_RLvl_BoethianLakesCave+2","Level Creature","Yes","0"
"T_Mw_RLvl_BoethianLakesCave-2","Level Creature","Yes","0"
"T_Mw_RLvl_BoethianLakesCoast+0","Level Creature","Yes","0"
"T_Mw_RLvl_BoethianLakesCoast+2","Level Creature","Yes","0"
"T_Mw_RLvl_BoethianLakesCoast-2","Level Creature","Yes","0"
"T_Mw_RLvl_BoethianLakesGrotto+0","Level Creature","Yes","0"
"T_Mw_RLvl_BoethianLakesGrotto+2","Level Creature","Yes","0"
"T_Mw_RLvl_BoethianLakesGrotto-2","Level Creature","Yes","0"
"T_Mw_RLvl_BoethianLakesWater+0","Level Creature","Yes","0"
"T_Mw_RLvl_BoethianLakesWater+2","Level Creature","Yes","0"
"T_Mw_RLvl_BoethianLakesWater-2","Level Creature","Yes","0"
"T_Mw_RLvl_HelnimFieldsCave+0","Level Creature","Yes","0"
"T_Mw_RLvl_HelnimFieldsCave+2","Level Creature","Yes","0"
"T_Mw_RLvl_HelnimFieldsCave-2","Level Creature","Yes","0"
"T_Mw_RLvl_HelnimFieldsCoast+0","Level Creature","Yes","0"
"T_Mw_RLvl_HelnimFieldsCoast+2","Level Creature","Yes","0"
"T_Mw_RLvl_HelnimFieldsCoast-2","Level Creature","Yes","0"
"T_Mw_RLvl_HelnimFieldsGrotto+0","Level Creature","Yes","0"
"T_Mw_RLvl_HelnimFieldsGrotto+2","Level Creature","Yes","0"
"T_Mw_RLvl_HelnimFieldsGrotto-2","Level Creature","Yes","0"
"T_Mw_RLvl_HelnimFieldsLand+0","Level Creature","Yes","0"
"T_Mw_RLvl_HelnimFieldsLand+2","Level Creature","Yes","0"
"T_Mw_RLvl_HelnimFieldsLand-2","Level Creature","Yes","0"
"T_Mw_RLvl_HelnimFieldsWater+0","Level Creature","Yes","0"
"T_Mw_RLvl_HelnimFieldsWater+2","Level Creature","Yes","0"
"T_Mw_RLvl_HelnimFieldsWater-2","Level Creature","Yes","0"
"T_Mw_RLvl_InnerSeaGrotto+0","Level Creature","Yes","0"
"T_Mw_RLvl_InnerSeaGrotto+2","Level Creature","Yes","0"
"T_Mw_RLvl_InnerSeaGrotto-2","Level Creature","Yes","0"
"T_Mw_RLvl_InnerSeaWater+0","Level Creature","Yes","0"
"T_Mw_RLvl_InnerSeaWater+2","Level Creature","Yes","0"
"T_Mw_RLvl_InnerSeaWater-2","Level Creature","Yes","0"
"T_Mw_RLvl_LanOrethanCave+0","Level Creature","Yes","0"
"T_Mw_RLvl_LanOrethanCave+2","Level Creature","Yes","0"
"T_Mw_RLvl_LanOrethanCave-2","Level Creature","Yes","0"
"T_Mw_RLvl_LanOrethanLand+0","Level Creature","Yes","0"
"T_Mw_RLvl_LanOrethanLand+2","Level Creature","Yes","0"
"T_Mw_RLvl_LanOrethanLand-2","Level Creature","Yes","0"
"T_Mw_RLvl_LanOrethanWater+0","Level Creature","Yes","0"
"T_Mw_RLvl_LanOrethanWater+2","Level Creature","Yes","0"
"T_Mw_RLvl_LanOrethanWater-2","Level Creature","Yes","0"
"T_Mw_RLvl_MephalanValesCave+0","Level Creature","Yes","0"
"T_Mw_RLvl_MephalanValesCave+2","Level Creature","Yes","0"
"T_Mw_RLvl_MephalanValesCave-2","Level Creature","Yes","0"
"T_Mw_RLvl_MephalanValesCoast+0","Level Creature","Yes","0"
"T_Mw_RLvl_MephalanValesCoast+2","Level Creature","Yes","0"
"T_Mw_RLvl_MephalanValesCoast-2","Level Creature","Yes","0"
"T_Mw_RLvl_MephalanValesGrott+0","Level Creature","Yes","0"
"T_Mw_RLvl_MephalanValesGrott+2","Level Creature","Yes","0"
"T_Mw_RLvl_MephalanValesGrott-2","Level Creature","Yes","0"
"T_Mw_RLvl_MephalanValesLand+0","Level Creature","Yes","0"
"T_Mw_RLvl_MephalanValesLand+2","Level Creature","Yes","0"
"T_Mw_RLvl_MephalanValesLand-2","Level Creature","Yes","0"
"T_Mw_RLvl_MephalanValesWater+0","Level Creature","Yes","0"
"T_Mw_RLvl_MephalanValesWater+2","Level Creature","Yes","0"
"T_Mw_RLvl_MephalanValesWater-2","Level Creature","Yes","0"
"T_Mw_RLvl_MolagreahdCave+0","Level Creature","Yes","0"
"T_Mw_RLvl_MolagreahdCave+2","Level Creature","Yes","0"
"T_Mw_RLvl_MolagreahdCave-2","Level Creature","Yes","0"
"T_Mw_RLvl_MolagreahdCoast+0","Level Creature","Yes","0"
"T_Mw_RLvl_MolagreahdCoast+2","Level Creature","Yes","0"
"T_Mw_RLvl_MolagreahdCoast-2","Level Creature","Yes","0"
"T_Mw_RLvl_MolagreahdGrotto+0","Level Creature","Yes","0"
"T_Mw_RLvl_MolagreahdGrotto+2","Level Creature","Yes","0"
"T_Mw_RLvl_MolagreahdGrotto-2","Level Creature","Yes","0"
"T_Mw_RLvl_MolagreahdLand+0","Level Creature","Yes","0"
"T_Mw_RLvl_MolagreahdLand+2","Level Creature","Yes","0"
"T_Mw_RLvl_MolagreahdLand-2","Level Creature","Yes","0"
"T_Mw_RLvl_MolagreahdWater+0","Level Creature","Yes","0"
"T_Mw_RLvl_MolagreahdWater+2","Level Creature","Yes","0"
"T_Mw_RLvl_MolagreahdWater-2","Level Creature","Yes","0"
"T_Mw_RLvl_NedothrilCave+0","Level Creature","Yes","0"
"T_Mw_RLvl_NedothrilCave+2","Level Creature","Yes","0"
"T_Mw_RLvl_NedothrilCave-2","Level Creature","Yes","0"
"T_Mw_RLvl_NedothrilCoast+0","Level Creature","Yes","0"
"T_Mw_RLvl_NedothrilCoast+2","Level Creature","Yes","0"
"T_Mw_RLvl_NedothrilCoast-2","Level Creature","Yes","0"
"T_Mw_RLvl_NedothrilLand+0","Level Creature","Yes","0"
"T_Mw_RLvl_NedothrilLand+2","Level Creature","Yes","0"
"T_Mw_RLvl_NedothrilLand-2","Level Creature","Yes","0"
"T_Mw_RLvl_NedothrilWater+0","Level Creature","Yes","0"
"T_Mw_RLvl_NedothrilWater+2","Level Creature","Yes","0"
"T_Mw_RLvl_NedothrilWater-2","Level Creature","Yes","0"
"T_Mw_RLvl_SacredLandsCoast+0","Level Creature","Yes","0"
"T_Mw_RLvl_SacredLandsCoast+2","Level Creature","Yes","0"
"T_Mw_RLvl_SacredLandsCoast-2","Level Creature","Yes","0"
"T_Mw_RLvl_SacredLandSkeleton+0","Level Creature","Yes","60"
"T_Mw_RLvl_SacredLandsLand+0","Level Creature","Yes","0"
"T_Mw_RLvl_SacredLandsLand+2","Level Creature","Yes","0"
"T_Mw_RLvl_SacredLandsLand-2","Level Creature","Yes","0"
"T_Mw_RLvl_SacredLandsWater+0","Level Creature","Yes","0"
"T_Mw_RLvl_SacredLandsWater+2","Level Creature","Yes","0"
"T_Mw_RLvl_SacredLandsWater-2","Level Creature","Yes","0"
"T_Mw_RLvl_SeaOfGhostsGrotto+0","Level Creature","Yes","0"
"T_Mw_RLvl_SeaOfGhostsGrotto+2","Level Creature","Yes","0"
"T_Mw_RLvl_SeaOfGhostsGrotto-2","Level Creature","Yes","0"
"T_Mw_RLvl_SeaOfGhostsWater+0","Level Creature","Yes","0"
"T_Mw_RLvl_SeaOfGhostsWater+2","Level Creature","Yes","0"
"T_Mw_RLvl_SeaOfGhostsWater-2","Level Creature","Yes","0"
"T_Mw_RLvl_SunderedScarCoast+0","Level Creature","No","0"
"T_Mw_RLvl_SunderedScarCoast+2","Level Creature","No","0"
"T_Mw_RLvl_SunderedScarCoast-2","Level Creature","No","0"
"T_Mw_RLvl_SunderedScarWater+0","Level Creature","Yes","0"
"T_Mw_RLvl_SunderedScarWater+2","Level Creature","Yes","0"
"T_Mw_RLvl_SunderedScarWater-2","Level Creature","Yes","0"
"T_Mw_RLvl_TelvanniIslesCave+0","Level Creature","Yes","0"
"T_Mw_RLvl_TelvanniIslesCave+2","Level Creature","Yes","0"
"T_Mw_RLvl_TelvanniIslesCave-2","Level Creature","Yes","0"
"T_Mw_RLvl_TelvanniIslesCoast+0","Level Creature","Yes","0"
"T_Mw_RLvl_TelvanniIslesCoast+2","Level Creature","Yes","0"
"T_Mw_RLvl_TelvanniIslesCoast-2","Level Creature","Yes","0"
"T_Mw_RLvl_TelvanniIslesGrotto+0","Level Creature","Yes","0"
"T_Mw_RLvl_TelvanniIslesGrotto+2","Level Creature","Yes","0"
"T_Mw_RLvl_TelvanniIslesGrotto-2","Level Creature","Yes","0"
"T_Mw_RLvl_TelvanniIslesLand+0","Level Creature","Yes","0"
"T_Mw_RLvl_TelvanniIslesLand+2","Level Creature","Yes","0"
"T_Mw_RLvl_TelvanniIslesLand-2","Level Creature","Yes","0"
"T_Mw_RLvl_TelvanniIslesWater+0","Level Creature","Yes","0"
"T_Mw_RLvl_TelvanniIslesWater+2","Level Creature","Yes","0"
"T_Mw_RLvl_TelvanniIslesWater-2","Level Creature","Yes","0"
"T_Mw_RLvl_ThirrRiverCoast+0","Level Creature","Yes","0"
"T_Mw_RLvl_ThirrRiverCoast+2","Level Creature","Yes","0"
"T_Mw_RLvl_ThirrRiverCoast-2","Level Creature","Yes","0"
"T_Mw_RStat_AanthirinD01orp","Level Creature","Yes","0"
"T_Mw_RStat_AanthirinD05","Level Creature","Yes","0"
"T_Mw_RStat_AanthirinD05orp","Level Creature","Yes","0"
"T_Mw_RStat_AanthirinSleep","Level Creature","Yes","0"
"T_Mw_RStat_AscadBluffD01","Level Creature","No","5"
"T_Mw_RStat_AscadBluffD01orp","Level Creature","No","5"
"T_Mw_RStat_AscadBluffD05","Level Creature","No","5"
"T_Mw_RStat_AscadBluffD05orp","Level Creature","No","5"
"T_Mw_RStat_AscadBluffP","Level Creature","No","5"
"T_Mw_RStat_LanOrethanD01orp","Level Creature","Yes","0"
"T_Mw_RStat_RothRorynD05","Level Creature","Yes","0"
"T_Mw_RStat_RothRorynD05orp","Level Creature","Yes","0"
"T_Mw_RStat_RothRorynD09","Level Creature","Yes","0"
"T_Mw_RStat_RothRorynD09orp","Level Creature","Yes","0"
"T_Mw_RStat_RothRorynSleep","Level Creature","Yes","0"
"T_Mw_RStat_SundScarD01orp","Level Creature","No","5"
"T_Mw_RStat_SundScarD05","Level Creature","No","5"
"T_Mw_RStat_SundScarSleep","Level Creature","No","5"
"T_Mw_RStat_VelothiMountD05","Level Creature","Yes","0"
"T_Mw_RStat_VelothiMountD05ap","Level Creature","Yes","0"
"T_Mw_RStat_VelothiMountD09","Level Creature","Yes","0"
"T_Mw_RStat_VelothiMountFtSleep","Level Creature","Yes","0"
"T_Mw_RStat_WildernessD01","Level Creature","Yes","0"
"T_Mw_RStat_WildernessD05","Level Creature","Yes","0"
"T_Mw_RStat_WildernessD05ap","Level Creature","Yes","0"
"T_Mw_RStat_WildernessD09ap","Level Creature","Yes","0"
"T_Mw_Stat_Alits","Level Creature","Yes","0"
"T_Mw_Stat_Butterflies","Level Creature","Yes","0"
"T_Mw_Stat_CenturionSpiders","Level Creature","Yes","0"
"T_Mw_Stat_CrabsLand","Level Creature","Yes","0"
"T_Mw_Stat_DaedraDifficulty1","Level Creature","Yes","0"
"T_Mw_Stat_DaedraDifficulty2","Level Creature","Yes","0"
"T_Mw_Stat_DaedraDifficulty3","Level Creature","Yes","0"
"T_Mw_Stat_DaedraDifficulty4","Level Creature","Yes","0"
"T_Mw_Stat_Dreughs","Level Creature","Yes","0"
"T_Mw_Stat_Dridrea","Level Creature","Yes","0"
"T_Mw_Stat_DurzogsDiseasedNormal","Level Creature","No","5"
"T_Mw_Stat_FishPassive","Level Creature","Yes","0"
"T_Mw_Stat_FishPassiveA","Level Creature","Yes","55"
"T_Mw_Stat_FishPassiveB","Level Creature","Yes","55"
"T_Mw_Stat_FishPassiveC","Level Creature","Yes","55"
"T_Mw_Stat_Guars","Level Creature","Yes","0"
"T_Mw_Stat_KwamaExplorers","Level Creature","Yes","0"
"T_Mw_Stat_Molecrabs","Level Creature","Yes","0"
"T_Mw_Stat_Moths","Level Creature","Yes","0"
"T_Mw_Stat_Mudcrabs","Level Creature","Yes","0"
"T_Mw_Stat_Mummies","Level Creature","Yes","0"
"T_Mw_Stat_MummiesPlague","Level Creature","Yes","0"
"T_Mw_Stat_MummiesTomb","Level Creature","Yes","0"
"T_Mw_Stat_Muskflies","Level Creature","Yes","0"
"T_Mw_Stat_Nixhounds","Level Creature","Yes","0"
"T_Mw_Stat_Ornadas","Level Creature","Yes","0"
"T_Mw_Stat_Rodent","Level Creature","Yes","0"
"T_Mw_Stat_RodentMouse","Level Creature","Yes","0"
"T_Mw_Stat_RodentRats","Level Creature","Yes","0"
"T_Mw_Stat_SkeletonsDiffMedium","Level Creature","Yes","0"
"T_Mw_Stat_SkeletonsDiffTough","Level Creature","Yes","0"
"T_Mw_Stat_SkeletonsDiffWeak","Level Creature","Yes","0"
"T_Mw_Stat_Slaugherfish","Level Creature","Yes","0"
"T_Mw_Stat_SlaugherfishSmall","Level Creature","Yes","0"
"T_Mw_Stat_Tullies","Level Creature","Yes","0"
"T_Sky_Cr_Bearblack","Level Creature","Yes","0"
"T_Sky_Cr_BearBrown","Level Creature","Yes","20"
"T_Sky_Cr_Boar","Level Creature","Yes","20"
"T_Sky_Cr_Bonewolf","Level Creature","Yes","20"
"T_Sky_Cr_Bristleback","Level Creature","Yes","20"
"T_Sky_Cr_CaveTroll","Level Creature","Yes","20"
"T_Sky_Cr_CaveTrollRare","Level Creature","Yes","40"
"T_Sky_Cr_Draugr01","Level Creature","Yes","20"
"T_Sky_Cr_GoatMountain","Level Creature","Yes","20"
"T_Sky_Cr_GoatMountainFeral","Level Creature","Yes","20"
"T_Sky_Cr_Horker","Level Creature","Yes","20"
"T_Sky_Cr_Icewraith","Level Creature","Yes","20"
"T_Sky_Cr_Mammoth","Level Creature","Yes","20"
"T_Sky_Cr_Minotaur","Level Creature","Yes","20"
"T_Sky_Cr_MinotaurRare","Level Creature","Yes","60"
"T_Sky_Cr_Raki","Level Creature","Yes","20"
"T_Sky_Cr_Rat","Level Creature","Yes","20"
"T_Sky_Cr_Sabrecat01","Level Creature","Yes","20"
"T_Sky_Cr_Sabrecat02","Level Creature","Yes","20"
"T_Sky_Cr_Spikeworm","Level Creature","Yes","20"
"T_Sky_Cr_Spriggan","Level Creature","Yes","20"
"T_Sky_Cr_Trout","Level Creature","Yes","40"
"T_Sky_Cr_WolfRed","Level Creature","Yes","20"
"T_Sky_Cr_Wormmouth","Level Creature","Yes","20"
"T_Sky_Lvl_Goblins","Level Creature","Yes","40"
"T_Sky_Lvl_Spriggans","Level Creature","Yes","40"
"T_Sky_Lvl_WolvesGrey","Level Creature","Yes","20"
"T_Sky_RLvl_DruadachHighlands+0","Level Creature","Yes","40"
"T_Sky_RLvl_DruadachHighlands+2","Level Creature","Yes","40"
"T_Sky_RLvl_DruadachHighlands-1","Level Creature","Yes","40"
"T_Sky_RLvl_Falkheim+0","Level Creature","Yes","40"
"T_Sky_RLvl_Falkheim+2","Level Creature","Yes","40"
"T_Sky_RLvl_Falkheim-2","Level Creature","Yes","40"
"T_Sky_RLvl_KilkreathMountains+0","Level Creature","Yes","40"
"T_Sky_RLvl_KilkreathMountains+2","Level Creature","Yes","40"
"T_Sky_RLvl_KilkreathMountains-2","Level Creature","Yes","40"
"T_Sky_RLvl_LorchwuirHeath+0","Level Creature","Yes","40"
"T_Sky_RLvl_LorchwuirHeath+2","Level Creature","Yes","40"
"T_Sky_RLvl_LorchwuirHeath-2","Level Creature","Yes","40"
"T_Sky_RLvl_Midkarth+0","Level Creature","Yes","40"
"T_Sky_RLvl_Midkarth+2","Level Creature","Yes","40"
"T_Sky_RLvl_Midkarth-2","Level Creature","Yes","40"
"T_Sky_RLvl_SeaOfGhosts+0","Level Creature","Yes","30"
"T_Sky_RLvl_SunderedHills+0","Level Creature","Yes","40"
"T_Sky_RLvl_SunderedHills+2","Level Creature","Yes","40"
"T_Sky_RLvl_SunderedHills-2","Level Creature","Yes","40"
"T_Sky_RLvl_TheReachBears","Level Creature","Yes","20"
"T_Sky_RLvl_TheReachWolves","Level Creature","No","20"
"T_Sky_RLvl_VorndgadForest+0","Level Creature","Yes","40"
"T_Sky_RLvl_VorndgadForest+2","Level Creature","Yes","40"
"T_Sky_RLvl_VorndgadForest-2","Level Creature","Yes","40"
"T_Sky_RStat_DruadachHighlandsDs","Level Creature","Yes","0"
"T_Sky_RStat_FalkheimDis","Level Creature","Yes","0"
"T_Sky_RStat_KarthPassive","Level Creature","Yes","40"
"T_Sky_RStat_KilkreathMountainsD","Level Creature","Yes","0"
"T_Sky_RStat_SeaOfGhostsPassive","Level Creature","Yes","30"
"T_Sky_RStat_SunderedHillsDis","Level Creature","Yes","40"
"T_Sky_RStat_SunderedHillsRare","Level Creature","Yes","40"
"T_Sky_RStat_TheReachRats","Level Creature","Yes","0"
"T_Sky_RStat_VorndgadForestDis","Level Creature","Yes","0"
"T_Sky_Stat_Birds","Level Creature","Yes","25"
"T_Sky_Stat_Chickens","Level Creature","No","30"
"T_Sky_Stat_Cows","Level Creature","Yes","0"
"T_Sky_Stat_GoatsHammerfell","Level Creature","Yes","20"
"T_Sky_Stat_GoblinsStrong","Level Creature","Yes","0"
"T_Sky_Stat_GoblinsWeak","Level Creature","Yes","0"
"T_Sky_Stat_Horses","Level Creature","Yes","0"
