"ID","ItemType","AllPC","ChanceNone","CalcEach"
"bm_chest_loot_01","Level Item","Yes","50","Yes"
"bm_corpse_loot_01","Level Item","Yes","50","Yes"
"BM_Imperial Guard Random Weapon","Level Item","Yes","0","No"
"bm_karstaag_barrels","Level Item","Yes","33","No"
"bm_karstaag_crates","Level Item","Yes","33","No"
"bm_random_enchanted","Level Item","Yes","20","Yes"
"bm_random_healthpotions","Level Item","Yes","20","Yes"
"bm_random_lockpick","Level Item","Yes","20","Yes"
"bm_random_mead","Level Item","Yes","20","No"
"bm_random_nordhuntweap","Level Item","Yes","0","No"
"bm_random_nordictomb","Level Item","Yes","20","Yes"
"bm_random_nordsilver","Level Item","Yes","20","Yes"
"bm_random_reaver_helm","Level Item","Yes","33","Yes"
"bm_random_riekling_loot","Level Item","Yes","0","Yes"
"bm_random_skaal","Level Item","Yes","0","No"
"bm_randomboots_smugglers","Level Item","Yes","20","No"
"bm_randomcuirass_smugglers","Level Item","Yes","0","No"
"bm_randomgreaves_smugglers","Level Item","Yes","20","No"
"bm_randomhealth_smugglers","Level Item","Yes","20","No"
"bm_randomhelmet_smugglers","Level Item","Yes","20","No"
"bm_randomleft_smugglers","Level Item","Yes","20","No"
"bm_randomloot_smugglers","Level Item","Yes","0","No"
"bm_randomright_smugglers","Level Item","Yes","20","No"
"bm_randomshield_smugglers","Level Item","Yes","50","No"
"bm_randomweapon_berserker","Level Item","Yes","20","Yes"
"bm_randomwpn_smugglers","Level Item","Yes","0","Yes"
"BM_skaalhunthelm","Level Item","Yes","20","No"
"BM_skaalhuntLGaunt","Level Item","Yes","30","No"
"BM_skaalhuntLPauldron","Level Item","Yes","30","No"
"BM_skaalhuntRGaunt","Level Item","Yes","30","No"
"BM_skaalhuntRPauldron","Level Item","Yes","30","No"
"BM_skaalhuntshield","Level Item","Yes","30","No"
"goblin_health","Level Item","No","0","Yes"
"goblin_weapons_random","Level Item","Yes","0","Yes"
"Imperial Guard Random Helmet","Level Item","Yes","20","No"
"Imperial Guard Random LPauldron","Level Item","Yes","0","No"
"Imperial Guard Random RPauldron","Level Item","Yes","0","No"
"Imperial Guard Random Shield","Level Item","Yes","30","No"
"Imperial Guard Random Skirt","Level Item","Yes","30","No"
"Imperial Guard Random Weapon","Level Item","Yes","0","No"
"l_b_amulets","Level Item","Yes","0","Yes"
"l_b_Bandit_goods","Level Item","Yes","20","Yes"
"l_b_loot_tomb","Level Item","Yes","10","Yes"
"l_b_loot_tomb01","Level Item","Yes","20","Yes"
"l_b_loot_tomb02","Level Item","Yes","10","Yes"
"l_b_loot_tomb03","Level Item","Yes","20","Yes"
"l_b_rings","Level Item","Yes","0","Yes"
"l_m_amulets","Level Item","Yes","0","Yes"
"l_m_armor","Level Item","Yes","0","Yes"
"l_m_armor_boots","Level Item","No","0","Yes"
"l_m_armor_bracers","Level Item","Yes","0","Yes"
"l_m_armor_cuirass","Level Item","Yes","0","Yes"
"l_m_armor_gauntlet","Level Item","Yes","0","Yes"
"l_m_armor_helmet","Level Item","Yes","0","Yes"
"l_m_armor_shields","Level Item","Yes","0","Yes"
"l_m_belts","Level Item","No","0","Yes"
"l_m_enchantitem_hlaalu_rank0","Level Item","Yes","0","Yes"
"l_m_enchantitem_hlaalu_rank4","Level Item","Yes","0","Yes"
"l_m_enchantitem_hlaalu_rank6","Level Item","Yes","0","Yes"
"l_m_enchantitem_imperial_rank0","Level Item","Yes","0","Yes"
"l_m_enchantitem_redoran_rank2","Level Item","Yes","0","Yes"
"l_m_enchantitem_redoran_rank4","Level Item","Yes","0","Yes"
"l_m_enchantitem_redoran_rank6","Level Item","Yes","0","Yes"
"l_m_enchantitem_redoran_rank8","Level Item","Yes","0","Yes"
"l_m_enchantitem_telvanni_rank01","Level Item","Yes","0","Yes"
"l_m_enchantitem_telvanni_rank6","Level Item","Yes","0","Yes"
"l_m_enchantitem_telvanni_rank8","Level Item","Yes","0","Yes"
"l_m_enchantitem_temple_rank0_1","Level Item","Yes","0","Yes"
"l_m_enchantitem_temple_rank0_2","Level Item","Yes","0","Yes"
"l_m_enchantitem_temple_rank4","Level Item","Yes","0","Yes"
"l_m_enchantitem_temple_rank6","Level Item","Yes","0","Yes"
"l_m_enchantitem_temple_rank8_1","Level Item","Yes","0","Yes"
"l_m_enchantitem_temple_rank8_2","Level Item","Yes","0","Yes"
"l_m_potion","Level Item","Yes","10","Yes"
"l_m_potion_h","Level Item","Yes","10","Yes"
"l_m_rings","Level Item","Yes","0","Yes"
"l_m_wpn_melee","Level Item","No","0","Yes"
"l_m_wpn_melee_axe","Level Item","Yes","0","Yes"
"l_m_wpn_melee_blunt","Level Item","Yes","0","Yes"
"l_m_wpn_melee_long blade","Level Item","Yes","0","Yes"
"l_m_wpn_melee_short blade","Level Item","Yes","0","Yes"
"l_m_wpn_melee_spear","Level Item","Yes","0","Yes"
"l_m_wpn_missle","Level Item","No","0","Yes"
"l_m_wpn_missle_arrow","Level Item","No","0","Yes"
"l_m_wpn_missle_bolt","Level Item","No","0","Yes"
"l_n_amulet","Level Item","Yes","0","Yes"
"l_n_apparatus","Level Item","Yes","0","Yes"
"l_n_armor","Level Item","Yes","0","Yes"
"l_n_armor_boots","Level Item","Yes","0","Yes"
"l_n_armor_bracers","Level Item","Yes","0","Yes"
"l_n_armor_cuirass","Level Item","Yes","0","Yes"
"l_n_armor_gauntlet","Level Item","Yes","0","Yes"
"l_n_armor_greaves","Level Item","Yes","0","Yes"
"l_n_armor_helmet","Level Item","Yes","0","Yes"
"l_n_armor_pauldron","Level Item","Yes","0","Yes"
"l_n_armor_shields","Level Item","Yes","0","Yes"
"l_n_lockpicks","Level Item","Yes","0","Yes"
"l_n_probe","Level Item","Yes","0","Yes"
"l_n_repair item","Level Item","Yes","0","Yes"
"l_n_rings","Level Item","Yes","0","Yes"
"l_n_smuggled_goods","Level Item","Yes","20","No"
"l_n_soul gem","Level Item","Yes","0","Yes"
"l_n_wpn_melee","Level Item","No","0","Yes"
"l_n_wpn_melee_axe","Level Item","Yes","0","Yes"
"l_n_wpn_melee_blunt","Level Item","Yes","0","Yes"
"l_n_wpn_melee_blunt_berzerker","Level Item","Yes","0","Yes"
"l_n_wpn_melee_long blade","Level Item","Yes","0","Yes"
"l_n_wpn_melee_short blade","Level Item","Yes","0","Yes"
"l_n_wpn_melee_spear","Level Item","Yes","0","Yes"
"l_n_wpn_melee_tomb","Level Item","Yes","10","Yes"
"l_n_wpn_missle","Level Item","No","0","Yes"
"l_n_wpn_missle_arrow","Level Item","No","0","Yes"
"l_n_wpn_missle_bolt","Level Item","No","0","Yes"
"l_n_wpn_missle_bow","Level Item","Yes","0","Yes"
"l_n_wpn_missle_thrown","Level Item","No","0","Yes"
"l_n_wpn_missle_xbow","Level Item","Yes","0","Yes"
"random ashlander weapon","Level Item","No","0","No"
"random ebony weapon","Level Item","Yes","20","No"
"random excellent melee weapon","Level Item","Yes","0","Yes"
"random gold","Level Item","Yes","40","No"
"random gold_lev_05","Level Item","Yes","40","No"
"random gold_lev_10","Level Item","Yes","40","No"
"random gold_lev_15","Level Item","Yes","40","No"
"random gold_lev_20","Level Item","Yes","40","No"
"random orcish armor","Level Item","Yes","5","No"
"random_adamantium","Level Item","Yes","40","No"
"random_alchemy_diff","Level Item","Yes","0","No"
"random_alit_hide","Level Item","No","40","No"
"random_ampoule_pod","Level Item","Yes","20","No"
"random_armor_bonemold","Level Item","Yes","0","No"
"random_armor_chitin","Level Item","Yes","0","No"
"random_armor_fur","Level Item","Yes","0","No"
"random_armor_glass","Level Item","Yes","10","No"
"random_armor_iron","Level Item","Yes","10","No"
"random_armor_netch_leather","Level Item","Yes","0","No"
"random_armor_steel","Level Item","Yes","0","No"
"random_ash_salts","Level Item","Yes","40","No"
"random_ash_yam","Level Item","Yes","20","No"
"random_bandit_1-5","Level Item","Yes","10","No"
"random_bandit_11+","Level Item","Yes","10","No"
"random_bandit_6-10","Level Item","Yes","10","No"
"random_bear_pelt","Level Item","Yes","20","No"
"random_belladonna_plant","Level Item","No","70","No"
"random_belladonna_spriggan","Level Item","Yes","40","No"
"random_bittergreen_petals","Level Item","Yes","20","No"
"random_black_anther","Level Item","Yes","20","No"
"random_black_lichen","Level Item","Yes","30","No"
"random_boar_leather","Level Item","Yes","40","No"
"random_bonemeal","Level Item","Yes","40","No"
"random_book_dunmer","Level Item","Yes","10","No"
"random_book_imperial_dunmer","Level Item","Yes","10","No"
"random_book_imperial_hlaalu","Level Item","Yes","10","No"
"random_book_skill","Level Item","Yes","0","No"
"random_book_wizard_all","Level Item","Yes","10","No"
"random_book_wizard_evil","Level Item","Yes","10","No"
"random_bulbs","Level Item","Yes","30","No"
"random_bunglers_bane","Level Item","Yes","10","No"
"random_cabbage","Level Item","Yes","30","No"
"random_chokeweed","Level Item","Yes","10","No"
"random_coda_flower","Level Item","Yes","25","No"
"random_com_kitchenware","Level Item","Yes","0","No"
"random_comberry","Level Item","Yes","10","No"
"random_common_de_fclothes_01","Level Item","Yes","0","No"
"random_common_de_mclothes_01","Level Item","Yes","0","No"
"random_coprinus","Level Item","Yes","10","No"
"random_corkbulb_root","Level Item","Yes","20","No"
"random_cornberry","Level Item","Yes","10","No"
"random_corprus_weepings","Level Item","Yes","40","No"
"random_crab_meat","Level Item","Yes","40","No"
"random_daedra_heart","Level Item","Yes","40","No"
"random_daedra_skin","Level Item","Yes","40","No"
"random_daedric_weapon","Level Item","Yes","0","No"
"random_de_blueware_01","Level Item","Yes","0","No"
"random_de_cheapfood_01_nc","Level Item","No","0","No"
"random_de_cheapfood_01_ne","Level Item","No","0","No"
"random_de_pants","Level Item","Yes","0","No"
"random_de_pos_01","Level Item","Yes","0","No"
"random_de_pos_01_nc","Level Item","No","0","No"
"random_de_robe","Level Item","Yes","0","No"
"random_de_shirt","Level Item","Yes","0","No"
"random_de_shoes_common","Level Item","Yes","0","No"
"random_de_weapon","Level Item","Yes","50","No"
"random_diamond","Level Item","Yes","40","No"
"random_dreugh_wax","Level Item","Yes","40","No"
"random_drinks_01","Level Item","Yes","0","No"
"random_drinks_nord","Level Item","Yes","0","No"
"random_drinksndrugs_imp","Level Item","Yes","60","Yes"
"random_dwarven_all","Level Item","Yes","0","No"
"random_dwarven_ingredients","Level Item","Yes","10","No"
"random_dwarven_misc","Level Item","Yes","10","No"
"random_dwemer_armor","Level Item","Yes","10","No"
"random_dwemer_coins","Level Item","Yes","40","No"
"random_dwemer_weapon","Level Item","Yes","20","No"
"random_ebony","Level Item","Yes","50","No"
"random_ectoplasm","Level Item","Yes","40","No"
"random_expensive_de_fclothes_02","Level Item","Yes","0","No"
"random_expensive_de_mclothes_02","Level Item","Yes","0","No"
"random_exquisite_de_fclothes1","Level Item","Yes","0","No"
"random_exquisite_de_mclothes1","Level Item","Yes","0","No"
"random_extravagant_de_fclothes1","Level Item","Yes","10","No"
"random_extravagant_de_mclothes1","Level Item","Yes","10","No"
"random_fire_petal","Level Item","Yes","20","No"
"random_fire_salts","Level Item","Yes","40","No"
"random_food","Level Item","No","0","No"
"random_frost_salts","Level Item","Yes","40","No"
"random_gem","Level Item","Yes","30","No"
"random_ghoul_heart","Level Item","Yes","40","No"
"random_glass_weapon","Level Item","Yes","0","No"
"random_gold_kanet","Level Item","Yes","20","No"
"random_Golden_saint_shield","Level Item","Yes","0","No"
"random_Golden_saint_weapon","Level Item","Yes","0","No"
"random_golden_sedge","Level Item","Yes","30","No"
"random_gravetar","Level Item","Yes","40","No"
"random_green_lichen","Level Item","Yes","20","No"
"random_guar_hide","Level Item","Yes","40","No"
"random_hackle-lo_leaf","Level Item","Yes","25","No"
"random_heartwood","Level Item","Yes","20","No"
"random_heather","Level Item","Yes","10","No"
"random_holly","Level Item","No","10","No"
"random_horker_tusk","Level Item","Yes","40","No"
"random_hound_meat","Level Item","Yes","40","No"
"random_hypha_facia","Level Item","Yes","10","No"
"random_imp_armor","Level Item","Yes","0","No"
"random_imp_silverware","Level Item","Yes","0","No"
"random_imp_weapon","Level Item","Yes","0","No"
"random_ingredient","Level Item","Yes","60","No"
"random_ingredient_diff","Level Item","Yes","0","No"
"random_iron_fur_armor","Level Item","Yes","0","No"
"random_iron_weapon","Level Item","Yes","0","No"
"random_kagouti_hide","Level Item","Yes","40","No"
"random_kresh_fiber","Level Item","Yes","20","No"
"random_kwama egg","Level Item","Yes","30","No"
"random_kwama_cuttle","Level Item","Yes","40","No"
"random_loot_bonewalker","Level Item","Yes","20","No"
"random_loot_bonewalker_greater","Level Item","Yes","20","No"
"random_loot_special","Level Item","Yes","95","Yes"
"random_loot_special_marksman","Level Item","No","97","No"
"random_marshmerrow","Level Item","Yes","10","No"
"random_moon_sugar","Level Item","Yes","40","No"
"random_muck","Level Item","Yes","20","No"
"random_netch_leather","Level Item","Yes","40","No"
"random_noble_sedge","Level Item","Yes","30","No"
"random_nordic_weapons","Level Item","Yes","0","No"
"random_nordictomb_rare","Level Item","No","95","Yes"
"random_orcish_weapons","Level Item","Yes","25","No"
"random_pearl","Level Item","Yes","50","No"
"random_pos","Level Item","Yes","5","No"
"random_potion_attribute_restore","Level Item","Yes","75","No"
"random_potion_bad","Level Item","Yes","0","No"
"random_racer_plumes","Level Item","No","40","No"
"random_rat_meat","Level Item","No","40","No"
"random_rawglass","Level Item","Yes","40","No"
"random_red_guard_cloth_01","Level Item","Yes","0","No"
"random_red_lichen","Level Item","Yes","20","No"
"random_riekling_loot","Level Item","Yes","0","Yes"
"random_ripened_belladonna","Level Item","No","0","No"
"random_roobrush","Level Item","Yes","10","No"
"random_russula","Level Item","Yes","10","No"
"random_rye","Level Item","Yes","0","No"
"random_saltrice","Level Item","Yes","10","No"
"random_scales","Level Item","No","40","No"
"random_scamp_skin","Level Item","No","40","No"
"random_scathecraw","Level Item","Yes","10","No"
"random_scrap_metal","Level Item","No","40","No"
"random_scrib_jelly","Level Item","No","40","No"
"random_scroll_all","Level Item","Yes","0","No"
"random_shalk_resin","Level Item","Yes","60","No"
"random_silver_weapon","Level Item","Yes","0","No"
"random_skooma","Level Item","Yes","70","No"
"random_smuggler_1-5","Level Item","Yes","10","Yes"
"random_smuggler_11+","Level Item","Yes","30","No"
"random_smuggler_6-10","Level Item","Yes","10","No"
"random_snowbear_pelt","Level Item","Yes","2","No"
"random_snowwolf_pelt","Level Item","Yes","2","No"
"random_spines","Level Item","Yes","30","No"
"random_stalks","Level Item","Yes","30","No"
"random_steel_weapon","Level Item","Yes","5","No"
"random_stoneflower_petals","Level Item","Yes","10","No"
"random_sweetpulp","Level Item","Yes","30","No"
"random_timsa","Level Item","Yes","30","No"
"random_trama_root","Level Item","Yes","20","No"
"random_unripened_belladonna","Level Item","No","20","No"
"random_vampire_dust","Level Item","Yes","40","No"
"random_void_salts","Level Item","Yes","40","No"
"random_weapon_melee_basic","Level Item","Yes","5","No"
"random_wickwheat","Level Item","Yes","10","No"
"random_willow_anther","Level Item","Yes","15","No"
"random_wolf_pelt","Level Item","Yes","20","No"
"T_Bkm_Random_FlorSomnalius","Level Item","Yes","30","No"
"T_Cyr_Lvl_BanditGoodsGC","Level Item","Yes","20","Yes"
"T_Cyr_Lvl_DaedraWeaponMelee","Level Item","Yes","0","Yes"
"T_Cyr_Lvl_GoblinPotions","Level Item","No","0","Yes"
"T_Cyr_Lvl_LootColBarrow","Level Item","Yes","0","No"
"T_Cyr_Lvl_MagicAmulets","Level Item","Yes","0","Yes"
"T_Cyr_Lvl_MagicBelts","Level Item","No","0","Yes"
"T_Cyr_Lvl_MagicRings","Level Item","Yes","0","Yes"
"T_Cyr_Lvl_Missiles","Level Item","No","0","Yes"
"T_Cyr_Lvl_MissilesArrow","Level Item","No","0","Yes"
"T_Cyr_Lvl_MissilesBolt","Level Item","No","0","Yes"
"T_Cyr_Lvl_MissilesThrown","Level Item","No","0","Yes"
"T_Cyr_Lvl_Potion","Level Item","Yes","10","Yes"
"T_Cyr_Lvl_SmuggledGoods","Level Item","Yes","20","Yes"
"T_Cyr_Lvl_Soulgems","Level Item","Yes","0","Yes"
"T_Cyr_Lvl_WraithWeaponMelee1","Level Item","Yes","0","Yes"
"T_Cyr_Random_Adamantium","Level Item","Yes","30","No"
"T_Cyr_Random_Apparatus","Level Item","Yes","30","Yes"
"T_Cyr_Random_ArmorAdamantium","Level Item","Yes","10","No"
"T_Cyr_Random_ArmorAyleid","Level Item","Yes","10","No"
"T_Cyr_Random_ArmorBronze","Level Item","Yes","10","No"
"T_Cyr_Random_ArmorDragonscale","Level Item","Yes","10","No"
"T_Cyr_Random_ArmorFurNord","Level Item","Yes","10","No"
"T_Cyr_Random_ArmorIron","Level Item","Yes","10","No"
"T_Cyr_Random_ArmorIronNord","Level Item","Yes","10","No"
"T_Cyr_Random_ArmorLeather","Level Item","Yes","10","No"
"T_Cyr_Random_ArmorLegion1","Level Item","Yes","10","No"
"T_Cyr_Random_ArmorNewtscale","Level Item","Yes","10","No"
"T_Cyr_Random_ArmorNord","Level Item","Yes","10","No"
"T_Cyr_Random_ArmorOrc","Level Item","Yes","10","No"
"T_Cyr_Random_ArmorShield","Level Item","Yes","10","No"
"T_Cyr_Random_ArmorSteel","Level Item","Yes","10","No"
"T_Cyr_Random_Ayleid","Level Item","Yes","30","No"
"T_Cyr_Random_AyleidClay","Level Item","Yes","0","No"
"T_Cyr_Random_AyleidCoin","Level Item","Yes","20","No"
"T_Cyr_Random_AyleidMisc","Level Item","Yes","0","No"
"T_Cyr_Random_AyleidScroll","Level Item","Yes","0","No"
"T_Cyr_Random_BanditGC1-5","Level Item","Yes","10","No"
"T_Cyr_Random_BanditGC11+","Level Item","Yes","10","No"
"T_Cyr_Random_BanditGC6-10","Level Item","Yes","10","No"
"T_Cyr_Random_Book","Level Item","Yes","0","No"
"T_Cyr_Random_BookColovian","Level Item","Yes","0","No"
"T_Cyr_Random_BookCult","Level Item","Yes","0","No"
"T_Cyr_Random_BookFascicle","Level Item","Yes","0","No"
"T_Cyr_Random_BookHistory","Level Item","Yes","0","No"
"T_Cyr_Random_BookHowTo","Level Item","Yes","0","No"
"T_Cyr_Random_BookHowToSkill","Level Item","Yes","0","No"
"T_Cyr_Random_BookLaw","Level Item","Yes","0","No"
"T_Cyr_Random_BookMyth","Level Item","Yes","0","No"
"T_Cyr_Random_BookMythColovian","Level Item","Yes","0","No"
"T_Cyr_Random_BookMythNibenese","Level Item","Yes","0","No"
"T_Cyr_Random_BookNibenese","Level Item","Yes","0","No"
"T_Cyr_Random_BookNovel","Level Item","Yes","0","No"
"T_Cyr_Random_BookNovelSkill","Level Item","Yes","0","No"
"T_Cyr_Random_BookReport","Level Item","Yes","0","No"
"T_Cyr_Random_BookScholar","Level Item","Yes","0","No"
"T_Cyr_Random_BookWizard","Level Item","Yes","0","No"
"T_Cyr_Random_BookWizardEvil","Level Item","Yes","0","No"
"T_Cyr_Random_BookWizardSkill","Level Item","Yes","0","No"
"T_Cyr_Random_Bottle","Level Item","Yes","10","No"
"T_Cyr_Random_Bowls","Level Item","Yes","15","No"
"T_Cyr_Random_BowlsWood","Level Item","Yes","15","No"
"T_Cyr_Random_Bread","Level Item","Yes","30","No"
"T_Cyr_Random_Candles","Level Item","Yes","30","No"
"T_Cyr_Random_Ceramic","Level Item","Yes","20","No"
"T_Cyr_Random_ClothingCmGC","Level Item","Yes","0","No"
"T_Cyr_Random_ClothingHatsCmGC","Level Item","Yes","15","No"
"T_Cyr_Random_ClothingHatsXpGC","Level Item","Yes","15","No"
"T_Cyr_Random_ClothingHatsXvGC","Level Item","Yes","15","No"
"T_Cyr_Random_ClothingPantsCmGC","Level Item","Yes","15","No"
"T_Cyr_Random_ClothingPantsXpGC","Level Item","Yes","15","No"
"T_Cyr_Random_ClothingPantsXvGC","Level Item","Yes","15","No"
"T_Cyr_Random_ClothingShirtsCmGC","Level Item","Yes","15","No"
"T_Cyr_Random_ClothingShirtsXpGC","Level Item","Yes","15","No"
"T_Cyr_Random_ClothingShirtsXvGC","Level Item","Yes","15","No"
"T_Cyr_Random_ClothingShoesCmGC","Level Item","Yes","15","No"
"T_Cyr_Random_ClothingShoesXpGC","Level Item","Yes","15","No"
"T_Cyr_Random_ClothingShoesXvGC","Level Item","Yes","15","No"
"T_Cyr_Random_ClothingSkirtsCmGC","Level Item","Yes","15","No"
"T_Cyr_Random_ClothingSkirtsXpGC","Level Item","Yes","15","No"
"T_Cyr_Random_ClothingSkirtsXvGC","Level Item","Yes","15","No"
"T_Cyr_Random_ClothingXpGC","Level Item","Yes","0","No"
"T_Cyr_Random_ClothingXvGC","Level Item","Yes","0","No"
"T_Cyr_Random_Cloths","Level Item","Yes","20","No"
"T_Cyr_Random_CoinBarrow","Level Item","Yes","30","No"
"T_Cyr_Random_CoinReman","Level Item","Yes","30","No"
"T_Cyr_Random_DaedraShield","Level Item","Yes","0","No"
"T_Cyr_Random_Dragonscale","Level Item","Yes","30","No"
"T_Cyr_Random_Drink","Level Item","Yes","20","No"
"T_Cyr_Random_DrinkColovian","Level Item","Yes","20","No"
"T_Cyr_Random_DrinkDunmer","Level Item","Yes","30","No"
"T_Cyr_Random_DrinkExpensive","Level Item","Yes","20","No"
"T_Cyr_Random_DrinkNibenese","Level Item","Yes","20","No"
"T_Cyr_Random_DrinkNord","Level Item","Yes","20","No"
"T_Cyr_Random_DrinkRedguard","Level Item","Yes","20","No"
"T_Cyr_Random_FaunBeefRaw","Level Item","Yes","30","No"
"T_Cyr_Random_FaunDonkeyhide","Level Item","No","30","Yes"
"T_Cyr_Random_FaunFishChrysoph","Level Item","Yes","20","No"
"T_Cyr_Random_FaunFishLeaper","Level Item","Yes","20","No"
"T_Cyr_Random_FaunFishLongfin","Level Item","Yes","20","No"
"T_Cyr_Random_FaunFishSpr","Level Item","Yes","20","No"
"T_Cyr_Random_FaunFishStrid","Level Item","Yes","20","No"
"T_Cyr_Random_FaunFrogeye","Level Item","Yes","50","No"
"T_Cyr_Random_FaunGoatPelt","Level Item","Yes","20","No"
"T_Cyr_Random_FaunHorsemeat","Level Item","No","30","Yes"
"T_Cyr_Random_FaunMinotaurHorn","Level Item","Yes","40","No"
"T_Cyr_Random_FaunMummyheart","Level Item","Yes","40","No"
"T_Cyr_Random_FaunNewtscale","Level Item","Yes","30","No"
"T_Cyr_Random_FaunWelkynddust","Level Item","Yes","30","No"
"T_Cyr_Random_Fish","Level Item","Yes","20","No"
"T_Cyr_Random_FlorAlkanet","Level Item","Yes","30","No"
"T_Cyr_Random_FlorAloePulp","Level Item","Yes","30","No"
"T_Cyr_Random_FlorApple","Level Item","Yes","30","No"
"T_Cyr_Random_FlorAquilegia","Level Item","Yes","30","No"
"T_Cyr_Random_FlorBloodgrass","Level Item","Yes","30","No"
"T_Cyr_Random_FlorBloodlillyf","Level Item","Yes","30","No"
"T_Cyr_Random_FlorBloodlillyp","Level Item","Yes","30","No"
"T_Cyr_Random_FlorBogBeacon","Level Item","Yes","30","No"
"T_Cyr_Random_FlorCairnBolete","Level Item","Yes","30","No"
"T_Cyr_Random_FlorChokeberry","Level Item","Yes","30","No"
"T_Cyr_Random_FlorCinnabarPolyp1","Level Item","Yes","30","No"
"T_Cyr_Random_FlorCinnabarPolyp2","Level Item","Yes","30","No"
"T_Cyr_Random_FlorCloudedFunnel","Level Item","Yes","30","No"
"T_Cyr_Random_FlorDryadsaddle","Level Item","Yes","30","No"
"T_Cyr_Random_FlorElfCup","Level Item","Yes","30","No"
"T_Cyr_Random_FlorEmeticRussula","Level Item","Yes","30","No"
"T_Cyr_Random_FlorFig","Level Item","Yes","30","No"
"T_Cyr_Random_FlorGinseng","Level Item","Yes","30","No"
"T_Cyr_Random_FlorGoldenrod","Level Item","Yes","30","No"
"T_Cyr_Random_FlorGrape","Level Item","Yes","30","No"
"T_Cyr_Random_FlorGreenstain","Level Item","Yes","30","No"
"T_Cyr_Random_FlorHarrada","Level Item","Yes","30","No"
"T_Cyr_Random_FlorIndureta","Level Item","Yes","30","No"
"T_Cyr_Random_FlorInkCone_01","Level Item","No","45","No"
"T_Cyr_Random_FlorIronrye","Level Item","Yes","30","No"
"T_Cyr_Random_FlorLadysmantle","Level Item","Yes","30","No"
"T_Cyr_Random_FlorLadyssmock","Level Item","Yes","30","No"
"T_Cyr_Random_FlorLotus","Level Item","Yes","30","No"
"T_Cyr_Random_FlorLyco","Level Item","Yes","30","No"
"T_Cyr_Random_FlorMandrake","Level Item","Yes","30","No"
"T_Cyr_Random_FlorMarasBeads","Level Item","Yes","30","No"
"T_Cyr_Random_FlorMarshStalk","Level Item","Yes","30","No"
"T_Cyr_Random_FlorMonarda","Level Item","Yes","30","No"
"T_Cyr_Random_FlorMonkshood","Level Item","Yes","30","No"
"T_Cyr_Random_FlorMorningGlory","Level Item","Yes","30","No"
"T_Cyr_Random_FlorMotherwort","Level Item","Yes","30","No"
"T_Cyr_Random_FlorOnion","Level Item","Yes","30","No"
"T_Cyr_Random_FlorPeony","Level Item","Yes","30","No"
"T_Cyr_Random_FlorPeriffLotus","Level Item","Yes","30","No"
"T_Cyr_Random_FlorPoisonLilly","Level Item","Yes","30","No"
"T_Cyr_Random_FlorPoppad","Level Item","Yes","30","No"
"T_Cyr_Random_FlorPrimerose","Level Item","Yes","30","No"
"T_Cyr_Random_FlorRice","Level Item","Yes","30","No"
"T_Cyr_Random_FlorSiyat","Level Item","Yes","30","No"
"T_Cyr_Random_FlorSocrataNectar","Level Item","Yes","30","No"
"T_Cyr_Random_FlorSpiddal","Level Item","Yes","30","No"
"T_Cyr_Random_FlorSteelblue","Level Item","Yes","30","No"
"T_Cyr_Random_FlorStinkhorn","Level Item","Yes","30","No"
"T_Cyr_Random_FlorStJahnsWort","Level Item","Yes","30","No"
"T_Cyr_Random_FlorSummerBolete","Level Item","Yes","30","No"
"T_Cyr_Random_FlorTinderPoly","Level Item","Yes","30","No"
"T_Cyr_Random_FlorVipersBugloss","Level Item","Yes","30","No"
"T_Cyr_Random_FlorWheat","Level Item","Yes","30","No"
"T_Cyr_Random_FlorWispstalk","Level Item","Yes","30","No"
"T_Cyr_Random_FlorWormwood","Level Item","Yes","30","No"
"T_Cyr_Random_FoodFruit","Level Item","Yes","0","No"
"T_Cyr_Random_FoodGC","Level Item","Yes","30","No"
"T_Cyr_Random_Gem","Level Item","Yes","30","No"
"T_Cyr_Random_GemReman","Level Item","Yes","30","No"
"T_Cyr_Random_GobletsSilver","Level Item","Yes","15","No"
"T_Cyr_Random_GobletsWood","Level Item","Yes","15","No"
"T_Cyr_Random_GoblinPos","Level Item","Yes","20","Yes"
"T_Cyr_Random_GoblinWeapons","Level Item","No","0","Yes"
"T_Cyr_Random_Guard1Helm","Level Item","Yes","20","No"
"T_Cyr_Random_Guard1PauldL","Level Item","Yes","30","No"
"T_Cyr_Random_Guard1PauldR","Level Item","Yes","30","No"
"T_Cyr_Random_Guard1Shield","Level Item","Yes","30","No"
"T_Cyr_Random_Guard1Weapon","Level Item","Yes","0","No"
"T_Cyr_Random_Guard2Helm","Level Item","Yes","20","No"
"T_Cyr_Random_Guard2PauldL","Level Item","Yes","30","No"
"T_Cyr_Random_Guard2PauldR","Level Item","Yes","30","No"
"T_Cyr_Random_Guard3Helm","Level Item","Yes","20","No"
"T_Cyr_Random_Guard3PauldL","Level Item","Yes","30","No"
"T_Cyr_Random_Guard3PauldR","Level Item","Yes","30","No"
"T_Cyr_Random_Hide","Level Item","Yes","30","No"
"T_Cyr_Random_Ingredient","Level Item","Yes","30","No"
"T_Cyr_Random_IngredientGC","Level Item","Yes","30","No"
"T_Cyr_Random_JewelryCm","Level Item","Yes","20","No"
"T_Cyr_Random_JewelryXp","Level Item","Yes","20","No"
"T_Cyr_Random_JewelryXv","Level Item","Yes","20","No"
"T_Cyr_Random_KitchenColovian","Level Item","Yes","5","No"
"T_Cyr_Random_Kitchenware","Level Item","Yes","30","No"
"T_Cyr_Random_KitchenwareWood","Level Item","Yes","30","No"
"T_Cyr_Random_Lamps","Level Item","Yes","30","No"
"T_Cyr_Random_LanternColovian","Level Item","Yes","15","No"
"T_Cyr_Random_Lockpick","Level Item","Yes","30","Yes"
"T_Cyr_Random_Meat","Level Item","Yes","30","No"
"T_Cyr_Random_Miner","Level Item","Yes","30","No"
"T_Cyr_Random_MiscColBarrow","Level Item","Yes","20","No"
"T_Cyr_Random_Moonsugar","Level Item","Yes","30","No"
"T_Cyr_Random_Nord","Level Item","Yes","30","No"
"T_Cyr_Random_OreGold","Level Item","Yes","30","No"
"T_Cyr_Random_OreIron","Level Item","Yes","30","No"
"T_Cyr_Random_OreSilver","Level Item","Yes","30","No"
"T_Cyr_Random_Paper","Level Item","Yes","30","No"
"T_Cyr_Random_Pillows","Level Item","Yes","20","No"
"T_Cyr_Random_PlatesCeramic","Level Item","Yes","30","No"
"T_Cyr_Random_PlatesMetal","Level Item","Yes","30","No"
"T_Cyr_Random_PlatesSilver","Level Item","Yes","30","No"
"T_Cyr_Random_PosGC","Level Item","Yes","15","No"
"T_Cyr_Random_PotionBargain","Level Item","Yes","30","No"
"T_Cyr_Random_PotionCheap","Level Item","Yes","30","No"
"T_Cyr_Random_PotionExclusive","Level Item","Yes","30","No"
"T_Cyr_Random_PotionQuality","Level Item","Yes","30","No"
"T_Cyr_Random_PotionSpoiled","Level Item","Yes","30","No"
"T_Cyr_Random_PotionStandard","Level Item","Yes","30","No"
"T_Cyr_Random_Probe","Level Item","Yes","30","Yes"
"T_Cyr_Random_Redguard","Level Item","Yes","30","No"
"T_Cyr_Random_RedguardBlackware","Level Item","Yes","0","No"
"T_Cyr_Random_RedguardGlassware","Level Item","Yes","0","No"
"T_Cyr_Random_RedguardMisc","Level Item","Yes","0","No"
"T_Cyr_Random_RedguardRedware","Level Item","Yes","0","No"
"T_Cyr_Random_Repair","Level Item","Yes","10","Yes"
"T_Cyr_Random_Sailor","Level Item","Yes","30","No"
"T_Cyr_Random_Salt","Level Item","Yes","30","No"
"T_Cyr_Random_Scrolls","Level Item","Yes","30","No"
"T_Cyr_Random_ScrollsConj","Level Item","Yes","30","No"
"T_Cyr_Random_Shoes","Level Item","Yes","30","No"
"T_Cyr_Random_Silk","Level Item","Yes","30","No"
"T_Cyr_Random_SilkCloth","Level Item","Yes","0","No"
"T_Cyr_Random_Silverware","Level Item","Yes","10","No"
"T_Cyr_Random_Skooma","Level Item","Yes","30","No"
"T_Cyr_Random_SloadLoot","Level Item","Yes","20","No"
"T_Cyr_Random_Smuggler1-5","Level Item","Yes","10","No"
"T_Cyr_Random_Smuggler11+","Level Item","Yes","10","No"
"T_Cyr_Random_Smuggler6-10","Level Item","Yes","10","No"
"T_Cyr_Random_Tools","Level Item","Yes","30","No"
"T_Cyr_Random_Torch","Level Item","Yes","30","No"
"T_Cyr_Random_UtensilSilver","Level Item","Yes","20","No"
"T_Cyr_Random_UtensilWooden","Level Item","Yes","20","No"
"T_Cyr_Random_WeaponAdamantium","Level Item","Yes","10","No"
"T_Cyr_Random_WeaponAkavir","Level Item","Yes","5","No"
"T_Cyr_Random_WeaponBarrow","Level Item","Yes","20","No"
"T_Cyr_Random_WeaponBows","Level Item","Yes","10","No"
"T_Cyr_Random_WeaponCheap","Level Item","Yes","10","No"
"T_Cyr_Random_WeaponColBarrow","Level Item","Yes","40","No"
"T_Cyr_Random_WeaponCrossbow","Level Item","Yes","30","No"
"T_Cyr_Random_WeaponIron","Level Item","Yes","10","No"
"T_Cyr_Random_WeaponLegion","Level Item","Yes","5","No"
"T_Cyr_Random_WeaponMarksman","Level Item","Yes","10","Yes"
"T_Cyr_Random_WeaponNord","Level Item","Yes","5","No"
"T_Cyr_Random_WeaponOrc","Level Item","Yes","10","No"
"T_Cyr_Random_WeaponRedguard","Level Item","Yes","5","No"
"T_Cyr_Random_WeaponSilver","Level Item","Yes","0","No"
"T_Cyr_Random_WeaponSteel","Level Item","Yes","5","No"
"T_Cyr_Random_Wine","Level Item","Yes","10","No"
"T_Cyr_Random_Wizard","Level Item","Yes","10","No"
"T_Cyr_Random_Wool","Level Item","Yes","30","No"
"T_Els_Random_FlorHibiscus","Level Item","Yes","30","No"
"T_Els_Random_FlorNightshade","Level Item","Yes","30","No"
"T_Els_Random_FlorOleander","Level Item","Yes","30","No"
"T_Els_Random_FlorSugarcane","Level Item","Yes","20","No"
"T_Els_Random_FlorThorn","Level Item","Yes","0","No"
"T_Els_Random_FlorThornBerry","Level Item","Yes","30","No"
"T_Els_Random_FlorThornFlower","Level Item","Yes","30","No"
"T_Glb_Empty","Level Item","No","0","No"
"T_Glb_Random_Charcoal","Level Item","No","0","Yes"
"T_Glb_Random_Coal","Level Item","No","0","Yes"
"T_Glb_Random_FaunCaveTrollEar","Level Item","Yes","10","No"
"T_Glb_Random_FaunChicken","Level Item","Yes","30","No"
"T_Glb_Random_FaunFrostTrollPelt","Level Item","Yes","10","No"
"T_Glb_Random_FaunLamiahair","Level Item","Yes","30","No"
"T_Glb_Random_FlorBlackberry","Level Item","Yes","30","No"
"T_Glb_Random_FlorCabbageHead","Level Item","Yes","20","No"
"T_Glb_Random_FlorCabbageLeaf","Level Item","Yes","40","No"
"T_Glb_Random_FlorFennel","Level Item","Yes","30","No"
"T_Glb_Random_FlorFlyAmanita","Level Item","Yes","30","No"
"T_Glb_Random_FlorFoxglove","Level Item","Yes","30","No"
"T_Glb_Random_FlorGarlic","Level Item","Yes","30","No"
"T_Glb_Random_FlorHyacinth","Level Item","Yes","30","No"
"T_Glb_Random_FlorLavender","Level Item","Yes","30","No"
"T_Glb_Random_FlorLeek","Level Item","Yes","30","No"
"T_Glb_Random_FlorMilkthistle","Level Item","Yes","30","No"
"T_Glb_Random_FlorOnion","Level Item","Yes","30","No"
"T_Glb_Random_FlorPotato","Level Item","Yes","40","No"
"T_Glb_Random_FlorRadish","Level Item","Yes","30","No"
"T_Glb_Random_FlorStrawberry","Level Item","Yes","30","No"
"T_Glb_Random_FlorWtLilyPink","Level Item","Yes","30","No"
"T_Glb_Random_FlorWtLilyPurp","Level Item","Yes","30","No"
"T_Glb_Random_FlorWtLilyWhite","Level Item","Yes","30","No"
"T_Glb_Random_FlorWtLilyYell","Level Item","Yes","30","No"
"T_Glb_Random_Gooseb01","Level Item","No","40","No"
"T_Glb_Random_Spellstone","Level Item","Yes","30","Yes"
"T_Ham_Random_FaunGoatPelt","Level Item","Yes","20","No"
"T_Ham_Random_FaunSpikeworm","Level Item","No","40","No"
"T_Ham_Random_FaunWormmouth","Level Item","No","40","No"
"T_Ham_Random_FlorGinko","Level Item","Yes","30","No"
"T_Ham_Random_FlorPalmfruit","Level Item","Yes","40","No"
"T_Ham_Random_FlorPersarine","Level Item","Yes","40","No"
"T_hr_random_Cornflo01","Level Item","No","30","No"
"T_Hr_Random_FlorBjoulsaeRose","Level Item","Yes","40","No"
"T_Hr_Random_FlorDragynia","Level Item","Yes","40","No"
"T_Hr_Random_FlorMistletoe","Level Item","Yes","50","No"
"T_Hr_Random_FlorRedpoppy","Level Item","Yes","30","No"
"T_Hr_Random_FlorShadowfly1","Level Item","Yes","40","No"
"T_Hr_Random_FlorShadowfly2","Level Item","Yes","40","No"
"T_Hr_Random_FlorWrothgarGrape","Level Item","Yes","30","No"
"T_Mw_Lvl_ArmorsShield","Level Item","Yes","0","Yes"
"T_Mw_Lvl_ArmorsShieldHeavy","Level Item","Yes","0","Yes"
"T_Mw_Lvl_ArmorsShieldLight","Level Item","Yes","0","Yes"
"T_Mw_Lvl_ArmorsShieldMedium","Level Item","Yes","0","Yes"
"T_Mw_Lvl_LootBandit-01-05","Level Item","Yes","10","No"
"T_Mw_Lvl_LootBandit-06-10","Level Item","Yes","10","No"
"T_Mw_Lvl_LootBandit-11+","Level Item","Yes","10","No"
"T_Mw_Lvl_LootBanditGoods","Level Item","Yes","20","Yes"
"T_Mw_Lvl_LootSmuggler-01-05","Level Item","Yes","10","Yes"
"T_Mw_Lvl_LootSmuggler-06-10","Level Item","Yes","10","No"
"T_Mw_Lvl_LootSmuggler-11+","Level Item","Yes","30","No"
"T_Mw_Lvl_LootSmugglerGoods","Level Item","Yes","20","Yes"
"T_Mw_Lvl_MissilesArrowEnchanted","Level Item","No","0","Yes"
"T_Mw_Lvl_Soulgems","Level Item","Yes","50","Yes"
"T_Mw_Lvl_WeaponsAdamantium","Level Item","Yes","20","Yes"
"T_Mw_Lvl_WeaponsArrow","Level Item","No","0","Yes"
"T_Mw_Lvl_WeaponsAxeOneHand","Level Item","Yes","0","Yes"
"T_Mw_Lvl_WeaponsAxeTwoHand","Level Item","Yes","0","Yes"
"T_Mw_Lvl_WeaponsBluntOneHand","Level Item","Yes","0","Yes"
"T_Mw_Lvl_WeaponsBluntTwoHand","Level Item","Yes","0","Yes"
"T_Mw_Lvl_WeaponsBluntTwoHandCls","Level Item","Yes","0","Yes"
"T_Mw_Lvl_WeaponsBluntTwoHandWd","Level Item","Yes","0","Yes"
"T_Mw_Lvl_WeaponsBolt","Level Item","No","0","Yes"
"T_Mw_Lvl_WeaponsBow","Level Item","Yes","0","Yes"
"T_Mw_Lvl_WeaponsChitin","Level Item","Yes","20","Yes"
"T_Mw_Lvl_WeaponsCrossbow","Level Item","Yes","0","Yes"
"T_Mw_Lvl_WeaponsDaedra","Level Item","Yes","0","No"
"T_Mw_Lvl_WeaponsEbony","Level Item","Yes","20","Yes"
"T_Mw_Lvl_WeaponsGlass","Level Item","Yes","20","Yes"
"T_Mw_Lvl_WeaponsLongOneHand","Level Item","Yes","0","Yes"
"T_Mw_Lvl_WeaponsLongTwoHand","Level Item","Yes","0","Yes"
"T_Mw_Lvl_WeaponsMelee","Level Item","Yes","0","Yes"
"T_Mw_Lvl_WeaponsMeleeOneHand","Level Item","Yes","0","Yes"
"T_Mw_Lvl_WeaponsMeleeTwoHand","Level Item","Yes","0","Yes"
"T_Mw_Lvl_WeaponsNordic","Level Item","Yes","20","Yes"
"T_Mw_Lvl_WeaponsOrcish","Level Item","Yes","20","Yes"
"T_Mw_Lvl_WeaponsShortOneHand","Level Item","Yes","0","Yes"
"T_Mw_Lvl_WeaponsSilver","Level Item","Yes","0","Yes"
"T_Mw_Lvl_WeaponsSpear","Level Item","Yes","0","Yes"
"T_Mw_Lvl_WeaponsThrown","Level Item","No","0","Yes"
"T_Mw_Random_ArmorBonemold","Level Item","Yes","0","No"
"T_Mw_Random_ArmorChitin","Level Item","Yes","0","No"
"T_Mw_Random_ArmorHelmTelvGuard","Level Item","Yes","0","No"
"T_Mw_Random_ArmorIndGuard","Level Item","No","75","No"
"T_Mw_Random_ArmorIron","Level Item","Yes","10","No"
"T_Mw_Random_ArmorNetchLeather","Level Item","Yes","0","No"
"T_Mw_Random_ArmorsHelmIndoril","Level Item","Yes","0","No"
"T_Mw_Random_ArmorsImperial","Level Item","Yes","0","No"
"T_Mw_Random_ArmorsOrdinator","Level Item","Yes","0","No"
"T_Mw_Random_ArmorsPldrLImperial","Level Item","Yes","0","No"
"T_Mw_Random_ArmorsPldrRImperial","Level Item","Yes","0","No"
"T_Mw_Random_ArmorsShieldIndoril","Level Item","Yes","0","No"
"T_Mw_Random_ArmorsShieldNordic","Level Item","Yes","0","Yes"
"T_Mw_Random_ArmorSteel","Level Item","Yes","0","No"
"T_Mw_Random_BooksBreton","Level Item","Yes","10","No"
"T_Mw_Random_BooksDres","Level Item","Yes","10","No"
"T_Mw_Random_BooksDunmer","Level Item","Yes","10","No"
"T_Mw_Random_BooksHlaalu","Level Item","Yes","10","No"
"T_Mw_Random_BooksImperial","Level Item","Yes","10","No"
"T_Mw_Random_BooksIndoril","Level Item","Yes","10","No"
"T_Mw_Random_BooksNord","Level Item","Yes","10","No"
"T_Mw_Random_BooksRedguard","Level Item","Yes","10","No"
"T_Mw_Random_BooksRedoran","Level Item","Yes","10","No"
"T_Mw_Random_BooksScholar","Level Item","Yes","10","No"
"T_Mw_Random_BooksSkill","Level Item","Yes","0","No"
"T_Mw_Random_BooksSpell","Level Item","Yes","0","No"
"T_Mw_Random_BooksTelvanni","Level Item","Yes","10","No"
"T_Mw_Random_BooksTemple","Level Item","Yes","10","No"
"T_Mw_Random_BooksWizard","Level Item","Yes","10","No"
"T_Mw_Random_BooksWizardEvil","Level Item","Yes","10","No"
"T_Mw_Random_CheapfoodDunmerM1/2","Level Item","No","0","No"
"T_Mw_Random_Clothing","Level Item","Yes","25","Yes"
"T_Mw_Random_ClothingFemXpDun","Level Item","Yes","0","No"
"T_Mw_Random_ClothingFemXqDun","Level Item","Yes","0","No"
"T_Mw_Random_ClothingFemXvDun","Level Item","Yes","10","No"
"T_Mw_Random_ClothingIndBoots","Level Item","No","0","No"
"T_Mw_Random_ClothingIndSkirt","Level Item","No","20","No"
"T_Mw_Random_ClothingMaleXpDun","Level Item","Yes","0","No"
"T_Mw_Random_ClothingMaleXqDun","Level Item","Yes","0","No"
"T_Mw_Random_ClothingMaleXvDun","Level Item","Yes","10","No"
"T_Mw_Random_ClothingPantsCmDun","Level Item","Yes","0","No"
"T_Mw_Random_ClothingRobesCmDun","Level Item","Yes","0","No"
"T_Mw_Random_ClothingShirtsCmDun","Level Item","Yes","0","No"
"T_Mw_Random_ClothingSkirtsCmDun","Level Item","Yes","0","No"
"T_Mw_Random_ClutterBlueWare","Level Item","Yes","0","Yes"
"T_Mw_Random_ClutterBottles","Level Item","Yes","0","Yes"
"T_Mw_Random_ClutterDesk","Level Item","Yes","40","Yes"
"T_Mw_Random_ClutterDwemerWare","Level Item","Yes","0","Yes"
"T_Mw_Random_ClutterGreenWare","Level Item","Yes","0","Yes"
"T_Mw_Random_ClutterKey","Level Item","Yes","75","Yes"
"T_Mw_Random_ClutterPeachware","Level Item","Yes","0","Yes"
"T_Mw_Random_ClutterPlates","Level Item","Yes","0","Yes"
"T_Mw_Random_ClutterPlatesMetal","Level Item","Yes","0","Yes"
"T_Mw_Random_ClutterPotionFlask","Level Item","Yes","0","Yes"
"T_Mw_Random_ClutterRedware","Level Item","Yes","0","Yes"
"T_Mw_Random_ClutterSilverImp","Level Item","Yes","0","Yes"
"T_Mw_Random_ClutterSilverWare","Level Item","Yes","0","Yes"
"T_Mw_Random_ClutterStoneware","Level Item","Yes","0","Yes"
"T_Mw_Random_ClutterTable","Level Item","Yes","0","Yes"
"T_Mw_Random_ClutterUtensil","Level Item","Yes","0","Yes"
"T_Mw_Random_DesertRose","Level Item","Yes","5","No"
"T_Mw_Random_DeshaanBread","Level Item","Yes","10","No"
"T_Mw_Random_Drink","Level Item","Yes","0","No"
"T_Mw_Random_DrinkAltmer","Level Item","Yes","0","No"
"T_Mw_Random_DrinkArgonian","Level Item","Yes","0","No"
"T_Mw_Random_DrinkBandits","Level Item","Yes","60","Yes"
"T_Mw_Random_DrinkBosmer","Level Item","Yes","0","No"
"T_Mw_Random_DrinkBreton","Level Item","Yes","0","No"
"T_Mw_Random_DrinkCheap","Level Item","Yes","0","No"
"T_Mw_Random_DrinkCyrodiil","Level Item","Yes","0","Yes"
"T_Mw_Random_DrinkDunmer","Level Item","Yes","0","No"
"T_Mw_Random_DrinkImported","Level Item","Yes","0","No"
"T_Mw_Random_DrinkKhajiit","Level Item","Yes","0","No"
"T_Mw_Random_DrinkLocal","Level Item","Yes","0","No"
"T_Mw_Random_DrinkNord","Level Item","Yes","0","No"
"T_Mw_Random_DrinkOrc","Level Item","Yes","0","No"
"T_Mw_Random_DrinkRedguard","Level Item","Yes","0","No"
"T_Mw_Random_EggsHomogenous","Level Item","No","50","Yes"
"T_Mw_Random_EggsMixed","Level Item","Yes","50","Yes"
"T_Mw_Random_FaunArmunKagHide","Level Item","Yes","5","No"
"T_Mw_Random_FaunBeetleResin","Level Item","Yes","60","No"
"T_Mw_Random_FaunBeetleShell1","Level Item","Yes","0","No"
"T_Mw_Random_FaunBeetleShell2","Level Item","Yes","60","No"
"T_Mw_Random_FaunBeetleShell3","Level Item","Yes","60","No"
"T_Mw_Random_FaunBeetleShell4","Level Item","Yes","60","No"
"T_Mw_Random_FaunBeetleShell5","Level Item","Yes","60","No"
"T_Mw_Random_FaunCephalopodShell","Level Item","Yes","30","No"
"T_Mw_Random_FaunDaedricBatEye","Level Item","Yes","60","No"
"T_Mw_Random_FaunDridreaSilk","Level Item","Yes","60","Yes"
"T_Mw_Random_FaunEyestarEye","Level Item","Yes","60","Yes"
"T_Mw_Random_FaunMolecrabEggs","Level Item","Yes","50","Yes"
"T_Mw_Random_FaunMolecrabShell","Level Item","Yes","50","Yes"
"T_Mw_Random_FaunMummyheart","Level Item","Yes","50","Yes"
"T_Mw_Random_FaunMusk","Level Item","Yes","60","Yes"
"T_Mw_Random_FaunOrnadaEgg","Level Item","Yes","50","Yes"
"T_Mw_Random_FaunOrnadaMeat","Level Item","Yes","40","Yes"
"T_Mw_Random_FaunParastylusMeat","Level Item","Yes","40","No"
"T_Mw_Random_FaunParastylusShll","Level Item","Yes","55","No"
"T_Mw_Random_FaunSkyrenderVenom","Level Item","Yes","60","No"
"T_Mw_Random_FaunTrollfat","Level Item","Yes","60","Yes"
"T_Mw_Random_FaunVelkSac","Level Item","Yes","30","Yes"
"T_Mw_Random_FaunYethResin","Level Item","Yes","60","No"
"T_Mw_Random_FlorAloePulp","Level Item","Yes","20","No"
"T_Mw_Random_FlorBlackrosePetals","Level Item","Yes","0","No"
"T_Mw_Random_FlorBlisterSpore","Level Item","Yes","25","No"
"T_Mw_Random_FlorBluefoot","Level Item","Yes","25","No"
"T_Mw_Random_FlorCrocusPetal","Level Item","Yes","60","No"
"T_Mw_Random_FlorFireflower","Level Item","Yes","20","No"
"T_Mw_Random_FlorFomentarius","Level Item","Yes","15","No"
"T_Mw_Random_FlorGlasswort","Level Item","Yes","50","No"
"T_Mw_Random_FlorHamumRoot","Level Item","Yes","5","No"
"T_Mw_Random_FlorMorel01","Level Item","Yes","15","No"
"T_Mw_Random_FlorMorel02","Level Item","Yes","15","No"
"T_Mw_Random_FlorNightshade","Level Item","Yes","25","No"
"T_Mw_Random_FlorOrangeMoss","Level Item","Yes","40","No"
"T_Mw_Random_FlorSaltstrapLeaf","Level Item","Yes","60","No"
"T_Mw_Random_FlorSaltstrapPollen","Level Item","Yes","60","No"
"T_Mw_Random_FlorSheggoShelf01","Level Item","Yes","30","No"
"T_Mw_Random_FlorSpongeLotus","Level Item","Yes","20","No"
"T_Mw_Random_FlorTannaTree","Level Item","Yes","10","No"
"T_Mw_Random_FlorTempleDome","Level Item","Yes","40","No"
"T_Mw_Random_FlorThirrWaterLily","Level Item","Yes","30","No"
"T_Mw_Random_FlorTickpowder","Level Item","Yes","20","No"
"T_Mw_Random_FlorTwinStipe","Level Item","Yes","10","No"
"T_Mw_Random_FlorUracia","Level Item","Yes","40","No"
"T_Mw_Random_FlorUrnula","Level Item","Yes","20","No"
"T_Mw_Random_Food","Level Item","No","0","No"
"T_Mw_Random_FoodM1/2","Level Item","No","0","No"
"T_Mw_Random_FoodSea","Level Item","Yes","10","No"
"T_Mw_Random_Gems","Level Item","Yes","20","No"
"T_Mw_Random_HelmetsImperial","Level Item","Yes","0","No"
"T_Mw_Random_Ingredient","Level Item","Yes","60","No"
"T_Mw_Random_IngredientCreature","Level Item","Yes","20","No"
"T_Mw_Random_IngredientDeshaan","Level Item","Yes","10","No"
"T_Mw_Random_IngredientLvl1","Level Item","Yes","0","No"
"T_Mw_Random_IngredientLvl2","Level Item","Yes","0","No"
"T_Mw_Random_IngredientLvl3","Level Item","Yes","0","No"
"T_Mw_Random_JunkImperial","Level Item","Yes","0","No"
"T_Mw_Random_KwamaGoodies","Level Item","Yes","0","Yes"
"T_Mw_Random_Minerals","Level Item","Yes","20","No"
"T_Mw_Random_OreAmethyst","Level Item","Yes","20","No"
"T_Mw_Random_OreEmerald","Level Item","Yes","20","No"
"T_Mw_Random_OreGarnet","Level Item","Yes","20","No"
"T_Mw_Random_OreGold","Level Item","Yes","20","No"
"T_Mw_Random_OreIron","Level Item","Yes","30","Yes"
"T_Mw_Random_OreRuby","Level Item","Yes","20","No"
"T_Mw_Random_OreSapphire","Level Item","Yes","20","No"
"T_Mw_Random_OreSilver","Level Item","Yes","50","No"
"T_Mw_Random_OreTopaz","Level Item","Yes","20","No"
"T_Mw_Random_OrnadaStuffing","Level Item","No","0","No"
"T_Mw_Random_Pastry","Level Item","Yes","25","No"
"T_Mw_Random_Plant","Level Item","Yes","5","No"
"T_Mw_Random_Pos","Level Item","Yes","5","No"
"T_Mw_Random_PosDunmer01","Level Item","Yes","0","No"
"T_Mw_Random_PosDunmer01NC","Level Item","No","0","No"
"T_Mw_Random_RedoranHelm","Level Item","Yes","0","No"
"T_Mw_Random_RedoranSkirts","Level Item","Yes","25","Yes"
"T_Mw_Random_RedoranSkirtsFem","Level Item","Yes","0","Yes"
"T_Mw_Random_ScrollsLvl1","Level Item","Yes","0","No"
"T_Mw_Random_ScrollsLvl2","Level Item","Yes","0","No"
"T_Mw_Random_ScrollsLvl3","Level Item","Yes","0","No"
"T_Mw_Random_Shell","Level Item","Yes","30","No"
"T_Mw_Random_Skull","Level Item","Yes","35","Yes"
"T_Mw_Random_Slavebracers","Level Item","No","0","Yes"
"T_Mw_Random_WeaponArrowNative","Level Item","No","0","No"
"T_Mw_Random_WeaponCenturion","Level Item","Yes","0","Yes"
"T_Mw_Random_WeaponIndMelee","Level Item","No","0","No"
"T_Mw_Random_WeaponsAxeImperial","Level Item","Yes","0","Yes"
"T_Mw_Random_WeaponsBlntImperial","Level Item","Yes","0","Yes"
"T_Mw_Random_WeaponsDaedric","Level Item","Yes","0","No"
"T_Mw_Random_WeaponsDremora1","Level Item","Yes","0","Yes"
"T_Mw_Random_WeaponsDremora2","Level Item","Yes","0","Yes"
"T_Mw_Random_WeaponsDremora3","Level Item","Yes","0","Yes"
"T_Mw_Random_WeaponsDremoraArch1","Level Item","Yes","0","Yes"
"T_Mw_Random_WeaponsDremoraArch2","Level Item","Yes","0","Yes"
"T_Mw_Random_WeaponsDunmer","Level Item","Yes","50","No"
"T_Mw_Random_WeaponsDwemer","Level Item","Yes","20","Yes"
"T_Mw_Random_WeaponsHlaGuard","Level Item","Yes","0","Yes"
"T_Mw_Random_WeaponsImperial","Level Item","Yes","0","No"
"T_Mw_Random_WeaponsImpGuard","Level Item","Yes","0","Yes"
"T_Mw_Random_WeaponsImpGuardHigh","Level Item","Yes","0","Yes"
"T_Mw_Random_WeaponsImpGuardLess","Level Item","Yes","0","Yes"
"T_Mw_Random_WeaponsIron","Level Item","Yes","0","No"
"T_Mw_Random_WeaponsLongImperial","Level Item","Yes","0","Yes"
"T_Mw_Random_WeaponsMleeImperial","Level Item","Yes","0","Yes"
"T_Mw_Random_WeaponsRedGuard","Level Item","Yes","0","Yes"
"T_Mw_Random_WeaponsShrtImperial","Level Item","Yes","0","Yes"
"T_Mw_Random_WeaponsSprImperial","Level Item","Yes","0","No"
"T_Mw_Random_WeaponsSteel","Level Item","Yes","5","No"
"T_Sky_Lvl_Armor","Level Item","Yes","0","Yes"
"T_Sky_Lvl_ArmorHeavy","Level Item","Yes","30","Yes"
"T_Sky_Lvl_ArmorLight","Level Item","Yes","30","Yes"
"T_Sky_Lvl_ArmorMedium","Level Item","Yes","30","Yes"
"T_Sky_Lvl_BanditGoods","Level Item","Yes","20","Yes"
"T_Sky_Lvl_BarrowLoot","Level Item","Yes","0","No"
"T_Sky_Lvl_Loot","Level Item","Yes","20","Yes"
"T_Sky_Lvl_Missiles","Level Item","No","0","No"
"T_Sky_Lvl_MissilesArrow","Level Item","No","0","Yes"
"T_Sky_Lvl_MissilesBolt","Level Item","No","0","Yes"
"T_Sky_Lvl_Potions","Level Item","Yes","10","Yes"
"T_Sky_Lvl_PotionsRestore","Level Item","Yes","10","Yes"
"T_Sky_Lvl_Soulgems","Level Item","Yes","50","Yes"
"T_Sky_Lvl_Weapons","Level Item","Yes","0","Yes"
"T_Sky_Lvl_WeaponsAxe","Level Item","Yes","30","Yes"
"T_Sky_Lvl_WeaponsAxeGuard","Level Item","Yes","0","Yes"
"T_Sky_Lvl_WeaponsBlunt","Level Item","Yes","50","Yes"
"T_Sky_Lvl_WeaponsBluntGuard","Level Item","Yes","0","Yes"
"T_Sky_Lvl_WeaponsBow","Level Item","Yes","50","Yes"
"T_Sky_Lvl_WeaponsCrossbow","Level Item","Yes","50","Yes"
"T_Sky_Lvl_WeaponsDagger","Level Item","Yes","50","Yes"
"T_Sky_Lvl_WeaponsGuard","Level Item","Yes","0","Yes"
"T_Sky_Lvl_WeaponsHalberd","Level Item","Yes","50","Yes"
"T_Sky_Lvl_WeaponsHalberdGuard","Level Item","Yes","0","Yes"
"T_Sky_Lvl_WeaponsMelee","Level Item","Yes","0","Yes"
"T_Sky_Lvl_WeaponsRange","Level Item","Yes","0","Yes"
"T_Sky_Lvl_WeaponsSaber","Level Item","Yes","50","Yes"
"T_Sky_Lvl_WeaponsSword","Level Item","Yes","50","Yes"
"T_Sky_Lvl_WeaponsSwordGuard","Level Item","Yes","0","Yes"
"T_Sky_Lvl_WeaponsThrowingAxes","Level Item","Yes","50","Yes"
"T_Sky_Lvl_WeaponsThrowingknives","Level Item","Yes","50","Yes"
"T_Sky_Random_Amber","Level Item","Yes","40","No"
"T_Sky_Random_AmuletGobShm","Level Item","Yes","30","No"
"T_Sky_Random_ArmorCheap","Level Item","Yes","0","No"
"T_Sky_Random_ArmorGobShield","Level Item","Yes","20","No"
"T_Sky_Random_ArmorIron","Level Item","Yes","10","No"
"T_Sky_Random_ArmorOrc","Level Item","Yes","50","No"
"T_Sky_Random_ArmorRingmail","Level Item","Yes","10","No"
"T_Sky_Random_ArmorSteel","Level Item","Yes","10","No"
"T_Sky_Random_ArmorWormmouth","Level Item","Yes","0","No"
"T_Sky_Random_Bandit1-10","Level Item","Yes","10","No"
"T_Sky_Random_Bandit11+","Level Item","Yes","10","No"
"T_Sky_Random_BarrowGravedust","Level Item","Yes","50","No"
"T_Sky_Random_BarrowJewelry","Level Item","Yes","20","No"
"T_Sky_Random_BarrowPotion","Level Item","Yes","20","No"
"T_Sky_Random_Book","Level Item","Yes","10","No"
"T_Sky_Random_BookNord","Level Item","Yes","10","No"
"T_Sky_Random_Clothing","Level Item","Yes","0","No"
"T_Sky_Random_ClothingBeltsMid","Level Item","Yes","0","No"
"T_Sky_Random_ClothingBeltsPoor","Level Item","Yes","0","No"
"T_Sky_Random_ClothingBeltsRich","Level Item","Yes","0","No"
"T_Sky_Random_ClothingFem","Level Item","Yes","0","No"
"T_Sky_Random_ClothingFemMid","Level Item","Yes","0","No"
"T_Sky_Random_ClothingFemPoor","Level Item","Yes","0","No"
"T_Sky_Random_ClothingFemRich","Level Item","Yes","0","No"
"T_Sky_Random_ClothingMid","Level Item","Yes","0","No"
"T_Sky_Random_ClothingPantsMid","Level Item","Yes","0","No"
"T_Sky_Random_ClothingPantsPoor","Level Item","Yes","0","No"
"T_Sky_Random_ClothingPantsRich","Level Item","Yes","0","No"
"T_Sky_Random_ClothingPoor","Level Item","Yes","0","No"
"T_Sky_Random_ClothingReachmen","Level Item","Yes","0","No"
"T_Sky_Random_ClothingRich","Level Item","Yes","0","No"
"T_Sky_Random_ClothingShirtsMid","Level Item","Yes","0","No"
"T_Sky_Random_ClothingShirtsPoor","Level Item","Yes","0","No"
"T_Sky_Random_ClothingShirtsRich","Level Item","Yes","0","No"
"T_Sky_Random_ClothingShoesPoor","Level Item","Yes","0","No"
"T_Sky_Random_CoinBarrow","Level Item","Yes","30","No"
"T_Sky_Random_CoinBarrowCopper","Level Item","Yes","30","No"
"T_Sky_Random_CoinBarrowIron","Level Item","Yes","40","No"
"T_Sky_Random_CoinBarrowSilver","Level Item","Yes","50","No"
"T_Sky_Random_Desk","Level Item","Yes","40","No"
"T_Sky_Random_DirenniApparatus","Level Item","Yes","0","No"
"T_Sky_Random_DirenniArmor","Level Item","Yes","30","No"
"T_Sky_Random_DirenniCoin","Level Item","Yes","30","No"
"T_Sky_Random_DirenniFlask","Level Item","Yes","30","No"
"T_Sky_Random_DirenniKitchen","Level Item","Yes","30","No"
"T_Sky_Random_DirenniLoot","Level Item","Yes","0","No"
"T_Sky_Random_DirenniMinerals","Level Item","Yes","30","No"
"T_Sky_Random_DirenniUtensil","Level Item","Yes","30","No"
"T_Sky_Random_DirenniWeapon","Level Item","Yes","30","No"
"T_Sky_Random_DirenniWelkynd","Level Item","Yes","30","No"
"T_Sky_Random_Drinks","Level Item","Yes","0","No"
"T_Sky_Random_DrinksReach","Level Item","Yes","0","No"
"T_Sky_Random_ElkAntler","Level Item","Yes","50","No"
"T_Sky_Random_FaunBearpeltBlack","Level Item","Yes","20","No"
"T_Sky_Random_FaunBeefRaw","Level Item","Yes","30","No"
"T_Sky_Random_FaunFishBrowntr","Level Item","Yes","20","No"
"T_Sky_Random_FaunFishCod01","Level Item","Yes","20","No"
"T_Sky_Random_FaunFishCod02","Level Item","Yes","20","No"
"T_Sky_Random_FaunFishPike","Level Item","Yes","20","No"
"T_Sky_Random_FaunFishPikeprch","Level Item","Yes","20","No"
"T_Sky_Random_FaunFishSalmon","Level Item","Yes","20","No"
"T_Sky_Random_FaunGoatWool","Level Item","Yes","20","No"
"T_Sky_Random_FaunHorsemeat","Level Item","No","30","Yes"
"T_Sky_Random_FaunIcewraithTeeth","Level Item","Yes","20","No"
"T_Sky_Random_FaunIvory","Level Item","No","30","Yes"
"T_Sky_Random_FaunMinotaurHorn","Level Item","Yes","40","No"
"T_Sky_Random_FaunRakiTeeth","Level Item","Yes","20","No"
"T_Sky_Random_FaunSabrecatTooth","Level Item","Yes","30","No"
"T_Sky_Random_FaunSpiderSilk","Level Item","Yes","20","No"
"T_Sky_Random_FaunSprigHeart","Level Item","No","60","Yes"
"T_Sky_Random_FaunTrollfat","Level Item","Yes","20","No"
"T_Sky_Random_Fish","Level Item","Yes","30","No"
"T_Sky_Random_FlorApple","Level Item","Yes","40","No"
"T_Sky_Random_FlorAspyrTea","Level Item","Yes","40","No"
"T_Sky_Random_FlorBearclawFlower","Level Item","Yes","30","No"
"T_Sky_Random_FlorBlacksporeCap","Level Item","Yes","40","No"
"T_Sky_Random_FlorBleakbell","Level Item","Yes","40","No"
"T_Sky_Random_FlorBottomweed","Level Item","Yes","20","No"
"T_Sky_Random_FlorBridethorn","Level Item","Yes","30","No"
"T_Sky_Random_FlorCanisRoot","Level Item","Yes","20","No"
"T_Sky_Random_FlorCarlTh_01","Level Item","No","40","No"
"T_Sky_Random_FlorCloudyCorn","Level Item","Yes","40","No"
"T_Sky_Random_FlorCowbell","Level Item","Yes","10","No"
"T_Sky_Random_FlorDarkSage","Level Item","Yes","25","No"
"T_Sky_Random_FlorDeathbell","Level Item","Yes","30","No"
"T_Sky_Random_FlorForsythia","Level Item","Yes","30","No"
"T_Sky_Random_FlorGrassPod","Level Item","Yes","10","No"
"T_Sky_Random_FlorHemlock_01","Level Item","No","25","No"
"T_Sky_Random_FlorHoneyLily1","Level Item","Yes","40","No"
"T_Sky_Random_FlorHoneyLily2","Level Item","Yes","40","No"
"T_Sky_Random_FlorIcyShell","Level Item","Yes","25","No"
"T_Sky_Random_FlorIronwoodNut","Level Item","Yes","30","No"
"T_Sky_Random_FlorKingBolete","Level Item","Yes","30","No"
"T_Sky_Random_FlorKingThistle","Level Item","Yes","30","No"
"T_Sky_Random_FlorLizardfootExtr","Level Item","Yes","30","No"
"T_Sky_Random_FlorRustrussula","Level Item","Yes","40","No"
"T_Sky_Random_FlorSnowberries","Level Item","Yes","30","No"
"T_Sky_Random_FlorTaragetis","Level Item","Yes","40","No"
"T_Sky_Random_FlorTawnyFunnelCap","Level Item","Yes","30","No"
"T_Sky_Random_FlorTrembleweed","Level Item","Yes","40","No"
"T_Sky_Random_FlorTrollroot","Level Item","Yes","60","No"
"T_Sky_Random_FlorVicarherb","Level Item","Yes","40","No"
"T_Sky_Random_FlorWheat","Level Item","Yes","30","No"
"T_Sky_Random_FlorWidowkiss","Level Item","Yes","30","No"
"T_Sky_Random_FlowerForest","Level Item","Yes","30","No"
"T_Sky_Random_FlowerMountain","Level Item","Yes","30","No"
"T_Sky_Random_FoodBreadEggCheese","Level Item","Yes","20","No"
"T_Sky_Random_FoodMeat","Level Item","Yes","20","No"
"T_Sky_Random_FoodSimple","Level Item","Yes","20","No"
"T_Sky_Random_FoodSimpleWithMeat","Level Item","Yes","20","No"
"T_Sky_Random_FoodVegetables","Level Item","Yes","20","No"
"T_Sky_Random_Fur&Bone","Level Item","Yes","20","No"
"T_Sky_Random_Gem","Level Item","Yes","30","No"
"T_Sky_Random_Hide","Level Item","Yes","20","No"
"T_Sky_Random_HoneyComb","Level Item","Yes","40","No"
"T_Sky_Random_HuntingGoods1","Level Item","Yes","0","No"
"T_Sky_Random_Ingredient","Level Item","Yes","30","No"
"T_Sky_Random_IngredientRare","Level Item","No","0","Yes"
"T_Sky_Random_IngredientReach","Level Item","Yes","0","No"
"T_Sky_Random_IngredientReachRar","Level Item","No","0","Yes"
"T_Sky_Random_IronOre","Level Item","Yes","50","No"
"T_Sky_Random_JewelryCheap","Level Item","Yes","20","No"
"T_Sky_Random_JewelryExpensive","Level Item","Yes","20","No"
"T_Sky_Random_Kitchenware","Level Item","Yes","0","No"
"T_Sky_Random_Meat","Level Item","Yes","20","No"
"T_Sky_Random_MeatBeef","Level Item","Yes","40","No"
"T_Sky_Random_Milk","Level Item","Yes","30","No"
"T_Sky_Random_Mine","Level Item","Yes","20","No"
"T_Sky_Random_MiscBasket","Level Item","Yes","0","No"
"T_Sky_Random_MiscBottle","Level Item","Yes","0","No"
"T_Sky_Random_MiscBowl","Level Item","Yes","0","No"
"T_Sky_Random_MiscCeramicBowl","Level Item","Yes","0","No"
"T_Sky_Random_MiscClaypot","Level Item","Yes","0","No"
"T_Sky_Random_MiscCloth","Level Item","Yes","0","No"
"T_Sky_Random_MiscCup","Level Item","Yes","0","No"
"T_Sky_Random_MiscFlask","Level Item","Yes","0","No"
"T_Sky_Random_MiscFork","Level Item","Yes","0","No"
"T_Sky_Random_MiscGoblet","Level Item","Yes","0","No"
"T_Sky_Random_MiscGoblin","Level Item","Yes","50","No"
"T_Sky_Random_MiscHammer","Level Item","Yes","0","No"
"T_Sky_Random_MiscIronpot","Level Item","Yes","0","No"
"T_Sky_Random_MiscItem","Level Item","Yes","0","No"
"T_Sky_Random_MiscKnife","Level Item","Yes","0","No"
"T_Sky_Random_MiscMug","Level Item","Yes","0","No"
"T_Sky_Random_MiscNails","Level Item","Yes","0","No"
"T_Sky_Random_MiscPlate","Level Item","No","0","No"
"T_Sky_Random_MiscPot","Level Item","Yes","0","No"
"T_Sky_Random_MiscSpoon","Level Item","Yes","0","No"
"T_Sky_Random_MiscUtensil","Level Item","No","0","No"
"T_Sky_Random_Mushroom&Lichen","Level Item","Yes","30","No"
"T_Sky_Random_OreOrichalcum","Level Item","Yes","50","No"
"T_Sky_Random_OreQuicksilver","Level Item","Yes","40","No"
"T_Sky_Random_OreSilver","Level Item","Yes","50","No"
"T_Sky_Random_Pos","Level Item","Yes","20","No"
"T_Sky_Random_PotionBad","Level Item","Yes","30","No"
"T_Sky_Random_PotionCheap","Level Item","Yes","30","No"
"T_Sky_Random_Root","Level Item","Yes","30","No"
"T_Sky_Random_Salt","Level Item","Yes","30","No"
"T_Sky_Random_Scrolls","Level Item","Yes","30","No"
"T_Sky_Random_Tools","Level Item","Yes","20","No"
"T_Sky_Random_WeaponExpensive","Level Item","Yes","20","No"
"T_Sky_Random_WeaponGoblin","Level Item","Yes","0","Yes"
"T_Sky_Random_WeaponGoblinShm","Level Item","Yes","0","Yes"
"T_Sky_Random_WeaponImpLongbl","Level Item","Yes","20","No"
"T_Sky_Random_WeaponImpShortbl","Level Item","Yes","20","No"
"T_Sky_Random_WeaponIron","Level Item","Yes","20","No"
"T_Sky_Random_WeaponOrc","Level Item","Yes","50","No"
"T_Sky_Random_WeaponOrcBolt","Level Item","Yes","40","No"
"T_Sky_Random_WeaponReachmen","Level Item","Yes","0","No"
"T_Sky_Random_WeaponSilver","Level Item","Yes","20","No"
"T_Val_Random_FlorArrowroot","Level Item","Yes","30","No"
"T_Val_Random_FlorDomicaRedwort","Level Item","Yes","30","No"
