"ID","ItemType","Name","Value","Weight","Model","Inventory","Script","Sound","Radius"
"adamantium","Light","","0","0.00","","","","","128"
"akul_glow_1024","Light","","0","0.00","","","","","1024"
"Amber","Light","","0","0.00","","","","","256"
"aqua_1024_01","Light","","0","0.00","","","","","1024"
"aqua_256_01","Light","","0","0.00","","","","","256"
"aqua_512_01","Light","","0","0.00","","","","","512"
"azura ring light","Light","","0","0.00","","","","","512"
"bc mushroom 128","Light","","0","0.00","","","","","128"
"bc mushroom 177","Light","","0","0.00","","","","","177"
"bc mushroom 256","Light","","0","0.00","","","","","256"
"bc mushroom 64","Light","","0","0.00","","","","","64"
"big blue light","Light","","0","0.00","","","","","500"
"big blue light_2","Light","","0","0.00","","","","","1000"
"Blade Light","Light","","0","0.00","","","","","128"
"Blue Candle Bulb","Light","","0","0.00","","","","","64"
"Blue Candle Bulb_128","Light","","0","0.00","","","","","128"
"Blue Candle Bulb_177","Light","","0","0.00","","","fab_attack_disable","","177"
"Blue Candle Bulb_256","Light","","0","0.00","","","","","256"
"Blue Candle Bulb_512","Light","","0","0.00","","","","","512"
"Blue Candle Bulb_670","Light","","0","0.00","","","","","670"
"blue coast ref 1024","Light","","0","0.00","","","","","1024"
"blue coast ref 512","Light","","0","0.00","","","","","512"
"blue ice ref 512","Light","","0","0.00","","","","","512"
"blue light","Light","","0","0.00","","","","","768"
"blue water ref","Light","","0","0.00","","","","","768"
"blue water ref 128","Light","","0","0.00","","","","","128"
"blue water ref 256","Light","","0","0.00","","","","","256"
"blue water ref 256_ripple","Light","","0","0.00","","","","","256"
"blue water ref 512","Light","","0","0.00","","","","","512"
"blue water ref 512_ripple","Light","","0","0.00","","","","","512"
"blue water ref 768","Light","","0","0.00","","","","","768"
"blue_128_01","Light","","0","0.00","","","","","128"
"blue_128_pulse","Light","","0","0.00","","","","","128"
"blue_256_ci_01","Light","","0","0.00","","","","","256"
"blue_256_deed pulse","Light","","0","0.00","","","","","512"
"blue_256_pulse","Light","","0","0.00","","","","","256"
"blue_256_pulse_512","Light","","0","0.00","","","","","512"
"blue_512_01","Light","","0","0.00","","","","","512"
"blue_night_lite_1024","Light","","0","0.00","","","","","1024"
"BM_firepit_uni","Light","","0","0.00","l\Furn_De_Firepit_F_01.NIF","","fireenableScript","Fire 50","400"
"BM_IC_big","Light","","0","0.00","","","","","512"
"BM_IC_big_2","Light","","0","0.00","","","","","512"
"BM_IC_big_3","Light","","0","0.00","","","","","512"
"BM_IC_brownish","Light","","0","0.00","","","","","384"
"BM_IC_green","Light","","0","0.00","","","","","256"
"BM_IC_med_green_02","Light","","0","0.00","","","","","384"
"BM_IC_med_yellow","Light","","0","0.00","","","","","384"
"BM_IC_med_yellow_dark","Light","","0","0.00","","","","","384"
"BM_IC_med_yellow_dark2","Light","","0","0.00","","","","","384"
"BM_IC_small_bright","Light","","0","0.00","","","","","384"
"BM_IC_small_dark","Light","","0","0.00","","","","","384"
"BM_IC_small_green","Light","","0","0.00","","","","","384"
"BM_KA_bluefire","Light","","0","0.00","i\BM_KA_bluefire.NIF","","","","384"
"BM_KA_bluefire_small","Light","","0","0.00","i\BM_KA_bluefire.NIF","","","","128"
"BM_KA_glo1","Light","","0","0.00","","","","","512"
"BM_KA_glo1_bright","Light","","0","0.00","","","","","1024"
"BM_KA_glo2","Light","","0","0.00","","","","","256"
"BM_KA_glo2_5","Light","","0","0.00","","","","","384"
"BM_KA_glo2_5_green","Light","","0","0.00","","","","","384"
"BM_KA_glo3","Light","","0","0.00","","","","","256"
"BM_KA_glo4","Light","","0","0.00","","","","","384"
"BM_KA_glo_dark","Light","","0","0.00","","","","","512"
"BM_KA_green_big","Light","","0","0.00","","","","","700"
"BM_KA_green_big_dark","Light","","0","0.00","","","","","600"
"bm_light_penumbra1","Light","","0","0.00","l\light_sconce10.NIF","","pentorch1Script","Fire 40","512"
"BM_water glo","Light","","0","0.00","","","","","383"
"CharGen_lantern_03_sway","Light","","0","0.00","l\Light_De_Lantern_03.NIF","","SignRotate","","512"
"chargen_lighter","Light","","10","0.00","","","","","256"
"colony blue","Light","","0","0.00","","","","","310"
"colony blue3","Light","","0","0.00","","","","","450"
"colony cave bue1024","Light","","0","0.00","","","","","1024"
"colony orange","Light","","0","0.00","","","","","310"
"colony red LG","Light","","0","0.00","","","","","500"
"colony red MED","Light","","0","0.00","","","","","300"
"colony red SM","Light","","0","0.00","","","","","300"
"colony red SM2","Light","","0","0.00","","","","","150"
"Colony_torch_1","Light","","1","0.00","l\light_tikitorch00.NIF","","Colony_E_Torch","Fire 40","420"
"Colony_torch_2","Light","","1","0.00","l\light_tikitorch00.NIF","","Colony_E_Torch","Fire 40","420"
"Colony_torch_3","Light","","1","0.00","l\light_tikitorch00.NIF","","Colony_E_Torch","Fire 40","420"
"dark_1000","Light","","0","0.00","","","","","1000"
"dark_128","Light","","0","0.00","","","","","128"
"dark_128_d_01","Light","","0","0.00","","","","","128"
"dark_177","Light","","0","0.00","","","","","177"
"dark_256","Light","","0","0.00","","","","","256"
"dark_256_01","Light","","0","0.00","","","","","256"
"dark_256_d_01","Light","","0","0.00","","","","","256"
"dark_300","Light","","0","0.00","","","","","300"
"dark_512_01","Light","","0","0.00","","","","","512"
"dark_512_d_01","Light","","0","0.00","","","","","512"
"dark_64","Light","","0","0.00","","","","","64"
"dark_64_01","Light","","0","0.00","","","","","64"
"dark_64_01_d","Light","","0","0.00","","","","","64"
"dark_720","Light","","0","0.00","","","","","720"
"dark_768","Light","","0","0.00","","","","","768"
"dark_77","Light","","0","0.00","","","","","77"
"dark_tikitorch00","Light","","1","0.00","l\light_tikitorch00.NIF","","","","128"
"dwe_pulse_Bamz","Light","","0","0.00","","","","","256"
"ebony light","Light","","0","0.00","","","","","128"
"eggsack_glow_256","Light","","0","0.00","","","","","256"
"emerald light","Light","","0","0.00","","","","","64"
"Flame Light","Light","","0","0.00","","","","","128"
"Flame Light 768","Light","","0","0.00","","","","","768"
"Flame Light_64","Light","","0","0.00","","","","","64"
"Flame Light_Blue_128","Light","","0","0.00","","","","","128"
"Flame Light_Blue_64","Light","","0","0.00","","","","","64"
"Furn_De_Firepit_F","Light","","0","0.00","l\Furn_De_Firepit_F.NIF","","","Fire 50","256"
"Furn_De_Firepit_F_01","Light","","0","0.00","l\Furn_De_Firepit_F_01.NIF","","","Fire 50","256"
"Furn_De_Firepit_F_01_400","Light","","0","0.00","l\Furn_De_Firepit_F_01.NIF","","","Fire 50","400"
"Furn_De_Firepit_F_128","Light","","0","0.00","l\Furn_De_Firepit_F.NIF","","","Fire 50","128"
"Furn_De_Firepit_F_200","Light","","0","0.00","l\Furn_De_Firepit_F.NIF","","","Fire 50","200"
"Furn_De_Firepit_F_323","Light","","0","0.00","l\Furn_De_Firepit_F.NIF","","","Fire 50","323"
"Furn_De_Firepit_F_400","Light","","0","0.00","l\Furn_De_Firepit_F.NIF","","","Fire 50","400"
"ghostgate glow","Light","","0","0.00","","","","","800"
"glacier light","Light","","0","0.00","","","","","256"
"glacier light 1024","Light","","0","0.00","","","","","1024"
"glacier light 512","Light","","0","0.00","","","","","512"
"glacier_red_300","Light","","0","0.00","","","","","300"
"glowing lichen light","Light","","1","0.00","","","","","200"
"glowing lichen light 256","Light","","1","0.00","","","","","256"
"glowing lichen light 512","Light","","1","0.00","","","","","512"
"goblin caves","Light","","0","0.00","","","","","720"
"green light","Light","","1","0.00","","","","","1000"
"green light_128","Light","","1","0.00","","","","","128"
"green light_256","Light","","1","0.00","","","","","256"
"green light_256_2","Light","","1","0.00","","","","","1000"
"green light_256_3","Light","","1","0.00","","","","","300"
"green light_400","Light","","1","0.00","","","","","400"
"green_1000_01","Light","","1","0.00","","","","","1000"
"green_1000_02","Light","","1","0.00","","","","","1000"
"Green_SPulse_128","Light","","0","0.00","","","","","128"
"Green_SPulse_256","Light","","0","0.00","","","","","256"
"Green_SPulse_64","Light","","0","0.00","","","","","64"
"lava_light_1024","Light","","0","0.00","","","","","1024"
"lava_light_2048","Light","","0","0.00","","","","","2048"
"lava_light_300","Light","","0","0.00","","","","","300"
"lava_light_300_01","Light","","0","0.00","","","","","300"
"lava_light_4096","Light","","0","0.00","","","","","4096"
"lava_light_500","Light","","0","0.00","","","","","500"
"lava_light_700","Light","","0","0.00","","","","","700"
"lava_light_flicker","Light","","0","0.00","","","","","400"
"light_6th_brazier","Light","","0","0.00","l\Light_6th_Brazier.NIF","","","Fire 50","512"
"light_6th_brazier_01","Light","","0","0.00","l\Light_6th_Brazier.NIF","","","Fire 50","400"
"light_6th_brazier_02","Light","","0","0.00","l\Light_6th_Brazier.NIF","","","Fire 50","256"
"light_6th_brazier_400","Light","","0","0.00","l\Light_6th_Brazier.NIF","","","Fire 50","400"
"light_6th_candle_01","Light","","0","0.00","l\Light_6th_Candle_01.NIF","","","","128"
"light_6th_candle_01_77","Light","","0","0.00","l\Light_6th_Candle_01.NIF","","","","77"
"light_6th_candle_01_off_f","Light","","0","0.00","l\Light_6th_Candle_01.NIF","","","","16"
"light_6th_candle_02","Light","","0","0.00","l\Light_6th_Candle_02.NIF","","","","128"
"light_6th_candle_02_64","Light","","0","0.00","l\Light_6th_Candle_02.NIF","","","","64"
"light_6th_candle_02_77","Light","","0","0.00","l\Light_6th_Candle_02.NIF","","","","77"
"light_6th_candle_03","Light","","0","0.00","l\Light_6th_Candle_03.NIF","","","","128"
"light_6th_candle_04","Light","","0","0.00","l\Light_6th_Candle_04.NIF","","","","128"
"light_6th_candle_05","Light","","0","0.00","l\Light_6th_Candle_05.NIF","","","","128"
"light_6th_candle_05_Off_P","Light","","0","0.00","l\Light_6th_Candle_05.NIF","","","","16"
"light_6th_candle_06","Light","","0","0.00","l\Light_6th_Candle_06.NIF","","","","128"
"light_6th_candle_06_64","Light","","0","0.00","l\Light_6th_Candle_06.NIF","","","","64"
"light_ashl_lantern_01","Light","","0","0.00","l\Light_Ashl_Lantern_01.NIF","","","","256"
"light_ashl_lantern_01_512","Light","","0","0.00","l\Light_Ashl_Lantern_01.NIF","","","","512"
"light_ashl_lantern_02","Light","","0","0.00","l\Light_Ashl_Lantern_02.NIF","","","","150"
"light_ashl_lantern_02_256","Light","","0","0.00","l\Light_Ashl_Lantern_02.NIF","","","","256"
"light_ashl_lantern_02_512","Light","","0","0.00","l\Light_Ashl_Lantern_02.NIF","","","","512"
"light_ashl_lantern_03","Light","","0","0.00","l\Light_Ashl_Lantern_03.NIF","","","","256"
"light_ashl_lantern_03_128","Light","","0","0.00","l\Light_Ashl_Lantern_03.NIF","","","","128"
"light_ashl_lantern_03_300","Light","","0","0.00","l\Light_Ashl_Lantern_03.NIF","","","","300"
"light_ashl_lantern_03_512","Light","","0","0.00","l\Light_Ashl_Lantern_03.NIF","","","","512"
"light_ashl_lantern_04","Light","","0","0.00","l\Light_Ashl_Lantern_04.NIF","","","","256"
"light_ashl_lantern_04_128","Light","","0","0.00","l\Light_Ashl_Lantern_04.NIF","","","","128"
"light_ashl_lantern_04_512","Light","","0","0.00","l\Light_Ashl_Lantern_04.NIF","","","","512"
"light_ashl_lantern_05","Light","","0","0.00","l\Light_Ashl_Lantern_05.NIF","","","","256"
"light_ashl_lantern_06","Light","","0","0.00","l\Light_Ashl_Lantern_06.NIF","","","","256"
"light_ashl_lantern_06_512","Light","","0","0.00","l\Light_Ashl_Lantern_06.NIF","","","","512"
"light_ashl_lantern_07","Light","","0","0.00","l\Light_Ashl_Lantern_07.NIF","","","","256"
"light_ashl_lantern_07_512","Light","","0","0.00","l\Light_Ashl_Lantern_07.NIF","","","","512"
"light_bar1_unique","Light","","0","0.00","l\Light_Com_Chandelier_05.NIF","","","","512"
"light_bar2_unique","Light","","0","0.00","l\Light_Com_Chandelier_05.NIF","","","","512"
"light_bar3_unique","Light","","0","0.00","l\Light_Com_Chandelier_05.NIF","","","","512"
"light_bar4_unique","Light","","0","0.00","l\Light_Com_Chandelier_05.NIF","","","","512"
"light_bar5_unique","Light","","0","0.00","l\Light_Com_Lamp_01.NIF","","","","128"
"light_bar6_unique","Light","","0","0.00","l\Light_Com_Lamp_01.NIF","","","","128"
"light_bar7_unique","Light","","0","0.00","l\Light_Com_Lamp_01.NIF","","","","128"
"light_bar8_unique","Light","","0","0.00","l\Light_Com_Lamp_01.NIF","","","","128"
"Light_BM_tomb","Light","","0","0.00","l\Light_Fire.NIF","","","Fire 50","128"
"Light_BM_tomb_wind","Light","","0","0.00","l\Light_Fire.NIF","","windlightScript","Fire 50","512"
"Light_Com_Candle_01","Light","Iron Candlestick","3","0.00","l\Light_Com_Candle_01.NIF","l\Light_Com_Candle_01.tga","","","128"
"Light_Com_Candle_01_64","Light","Iron Candlestick","3","0.00","l\Light_Com_Candle_01.NIF","l\Light_Com_Candle_01.tga","","","64"
"light_com_candle_01_off","Light","Iron Candlestick","3","1.00","l\Light_Com_Candle_01.NIF","l\Light_Com_Candle_01.tga","","","128"
"light_com_candle_02","Light","Brass Candlestick","5","2.00","l\Light_Com_Candle_02.NIF","l\Light_Com_Candle_02.tga","","","128"
"light_com_candle_02_64","Light","Brass Candlestick","5","2.00","l\Light_Com_Candle_02.NIF","l\Light_Com_Candle_02.tga","","","64"
"light_com_candle_03","Light","Silver Candlestick","12","4.00","l\Light_Com_Candle_03.NIF","l\Light_Com_Candle_03.tga","","","128"
"light_com_candle_03_64","Light","Silver Candlestick","12","4.00","l\Light_Com_Candle_03.NIF","l\Light_Com_Candle_03.tga","","","64"
"light_com_candle_04","Light","","0","0.00","l\Light_Com_Candle_04.NIF","","","","128"
"light_com_candle_04_64","Light","","0","0.00","l\Light_Com_Candle_04.NIF","","","","64"
"light_com_candle_05","Light","Pewter Candlestick","6","1.00","l\Light_Com_Candle_05.NIF","l\Light_Com_Candle_05.tga","","","128"
"light_com_candle_05_64","Light","Pewter Candlestick","6","1.00","l\Light_Com_Candle_05.NIF","l\Light_Com_Candle_05.tga","","","64"
"light_com_candle_05_off","Light","Pewter Candlestick","6","1.00","l\Light_Com_Candle_05.NIF","l\Light_Com_Candle_05.tga","","","128"
"light_com_candle_06","Light","","0","0.00","l\Light_Com_Candle_06.NIF","","","","128"
"light_com_candle_06_64","Light","","0","0.00","l\Light_Com_Candle_06.NIF","","","","64"
"light_com_candle_07","Light","","0","0.00","l\Light_Com_Candle_07.NIF","","","","223"
"light_com_candle_07_128","Light","","0","0.00","l\Light_Com_Candle_07.NIF","","","","128"
"light_com_candle_07_157","Light","","0","0.00","l\Light_Com_Candle_07.NIF","","","","157"
"light_com_candle_07_64","Light","","0","0.00","l\Light_Com_Candle_07.NIF","","","","64"
"light_com_candle_07_77","Light","","0","0.00","l\Light_Com_Candle_07.NIF","","","","77"
"light_com_candle_08","Light","Silver Candlestick","12","4.00","l\Light_Com_Candle_08.NIF","l\Light_Com_Candle_08.tga","","","128"
"light_com_candle_08_64","Light","Silver Candlestick","12","4.00","l\Light_Com_Candle_08.NIF","l\Light_Com_Candle_08.tga","","","64"
"light_com_candle_09","Light","Pewter Candlestick","12","5.00","l\LIght_Com_Candle_09.NIF","l\LIght_Com_Candle_09.tga","","","256"
"light_com_candle_09_128","Light","Pewter Candlestick","12","5.00","l\LIght_Com_Candle_09.NIF","l\LIght_Com_Candle_09.tga","","","128"
"light_com_candle_09_64","Light","Pewter Candlestick","12","5.00","l\LIght_Com_Candle_09.NIF","l\LIght_Com_Candle_09.tga","","","64"
"light_com_candle_09_off","Light","Pewter Candlestick","12","5.00","l\LIght_Com_Candle_09.NIF","l\LIght_Com_Candle_09.tga","","","128"
"light_com_candle_10","Light","Silver Candlestick","25","7.00","l\LIght_Com_Candle_10.NIF","l\Light_Com_Candle_10.tga","","","256"
"light_com_candle_10_128","Light","Silver Candlestick","25","7.00","l\LIght_Com_Candle_10.NIF","l\Light_Com_Candle_10.tga","","","128"
"light_com_candle_10_64","Light","Silver Candlestick","25","7.00","l\LIght_Com_Candle_10.NIF","l\Light_Com_Candle_10.tga","","","64"
"light_com_candle_10_off","Light","Silver Candlestick","25","7.00","l\LIght_Com_Candle_10.NIF","l\Light_Com_Candle_10.tga","","","128"
"Light_Com_Candle_11","Light","","0","0.00","l\Light_Com_Candle_11.NIF","","","","177"
"Light_Com_Candle_11_01","Light","","0","0.00","l\Light_Com_Candle_11.NIF","","","","177"
"Light_Com_Candle_11_256","Light","","0","0.00","l\Light_Com_Candle_11.NIF","","","","256"
"Light_Com_Candle_11_77","Light","","0","0.00","l\Light_Com_Candle_11.NIF","","","","77"
"Light_Com_Candle_12","Light","Pewter Candlestick","6","2.00","l\Light_Com_Candle_12.NIF","l\Light_Com_Candle_05.tga","","","128"
"Light_Com_Candle_12_77","Light","Pewter Candlestick","6","2.00","l\Light_Com_Candle_12.NIF","l\Light_Com_Candle_05.tga","","","77"
"Light_Com_Candle_12_Off","Light","Pewter Candlestick","6","1.00","l\Light_Com_Candle_12.NIF","l\Light_Com_Candle_05.tga","","","128"
"Light_Com_Candle_13","Light","","0","0.00","l\Light_Com_Candle_13.NIF","","","","256"
"Light_Com_Candle_13_128","Light","","0","0.00","l\Light_Com_Candle_13.NIF","","","","128"
"Light_Com_Candle_13_77","Light","","0","0.00","l\Light_Com_Candle_13.NIF","","","","77"
"Light_Com_Candle_14","Light","Silver Candlestick","12","4.00","l\Light_Com_Candle_14.NIF","l\Light_Com_Candle_08.tga","","","128"
"Light_Com_Candle_14_77","Light","Silver Candlestick","12","4.00","l\Light_Com_Candle_14.NIF","l\Light_Com_Candle_08.tga","","","77"
"Light_Com_Candle_15","Light","Silver Candlestick","12","4.00","l\Light_Com_Candle_15.NIF","l\Light_Com_Candle_03.tga","","","128"
"Light_Com_Candle_16","Light","Silver Candlestick","25","7.00","l\Light_Com_Candle_16.NIF","l\Light_Com_Candle_10.tga","","","128"
"Light_Com_Candle_16_77","Light","Silver Candlestick","25","7.00","l\Light_Com_Candle_16.NIF","l\Light_Com_Candle_10.tga","","","77"
"light_com_chandelier_01","Light","","0","0.00","l\Light_Com_Chandelier_01.NIF","","","","256"
"light_com_chandelier_01_128","Light","","0","0.00","l\Light_Com_Chandelier_01.NIF","","","","128"
"light_com_chandelier_01_177","Light","","0","0.00","l\Light_Com_Chandelier_01.NIF","","","","177"
"Light_Com_Chandelier_01_L","Light","","0","0.00","l\Light_Com_Chandelier_01_L.NIF","","","","256"
"Light_Com_Chandelier_01_L_177","Light","","0","0.00","l\Light_Com_Chandelier_01_L.NIF","","","","177"
"light_com_chandelier_01a","Light","","0","0.00","l\Light_Com_Chandelier_01.NIF","","","","512"
"light_com_chandelier_02","Light","","0","0.00","l\Light_Com_Chandelier_02.NIF","","","","256"
"light_com_chandelier_03","Light","","0","0.00","l\Light_Com_Chandelier_03.NIF","","","","256"
"light_com_chandelier_03_01","Light","","0","0.00","l\Light_Com_Chandelier_03.NIF","","","","177"
"light_com_chandelier_03_128","Light","","0","0.00","l\Light_Com_Chandelier_03.NIF","","","","128"
"Light_Com_Chandelier_03_L","Light","","0","0.00","l\Light_Com_Chandelier_03_L.NIF","","","","256"
"light_com_chandelier_04","Light","","0","0.00","l\Light_Com_Chandelier_04.NIF","","","","256"
"light_com_chandelier_04_128","Light","","0","0.00","l\Light_Com_Chandelier_04.NIF","","","","128"
"light_com_Dae_cursed_candle_10","Light","Silver Candlestick","25","7.00","l\LIght_Com_Candle_10.NIF","l\Light_Com_Candle_10.tga","BILL_MarksDaedraSummon","","256"
"light_com_lamp_01","Light","","0","0.00","l\Light_Com_Lamp_01.NIF","","","","128"
"light_com_lamp_01_175","Light","","0","0.00","l\Light_Com_Lamp_01.NIF","","","","175"
"light_com_lamp_01_177","Light","","0","0.00","l\Light_Com_Lamp_01.NIF","","","","177"
"light_com_lamp_01_77","Light","","0","0.00","l\Light_Com_Lamp_01.NIF","","","","90"
"light_com_lamp_02","Light","","0","0.00","l\Light_Com_Lamp_02.NIF","","","","256"
"light_com_lamp_02_128","Light","","0","0.00","l\Light_Com_Lamp_02.NIF","","","","128"
"light_com_lamp_02_177","Light","","0","0.00","l\Light_Com_Lamp_02.NIF","","","","177"
"light_com_lantern_01","Light","Travel Lantern","10","5.00","l\Light_Com_Lantern_01.NIF","l\Light_Com_Lantern_01.tga","","","256"
"light_com_lantern_01_128","Light","Travel Lantern","10","5.00","l\Light_Com_Lantern_01.NIF","l\Light_Com_Lantern_01.tga","","","128"
"light_com_lantern_01_256","Light","Travel Lantern","10","5.00","l\Light_Com_Lantern_01.NIF","l\Light_Com_Lantern_01.tga","","","256"
"light_com_lantern_01_77","Light","Travel Lantern","10","5.00","l\Light_Com_Lantern_01.NIF","l\Light_Com_Lantern_01.tga","","","77"
"light_com_lantern_01_Off","Light","Travel Lantern","10","5.00","l\Light_Com_Lantern_01.NIF","l\Light_Com_Lantern_01.tga","","","128"
"light_com_lantern_01_S","Light","","10","0.00","l\Light_Com_Lantern_01.NIF","","","","256"
"light_com_lantern_02","Light","Travel Lantern","10","3.00","l\Light_Com_Lantern_02.NIF","l\Light_Com_Lantern_02.tga","","","256"
"light_com_lantern_02_128","Light","Travel Lantern","10","3.00","l\Light_Com_Lantern_02.NIF","l\Light_Com_Lantern_02.tga","","","128"
"light_com_lantern_02_128_Off","Light","Travel Lantern","10","3.00","l\Light_Com_Lantern_02.NIF","l\Light_Com_Lantern_02.tga","","","128"
"light_com_lantern_02_177","Light","Travel Lantern","10","3.00","l\Light_Com_Lantern_02.NIF","l\Light_Com_Lantern_02.tga","","","177"
"light_com_lantern_02_177_Boat01","Light","","10","0.00","l\Light_Com_Lantern_02.NIF","","","","177"
"light_com_lantern_02_200_Boat","Light","","10","0.00","l\Light_Com_Lantern_02.NIF","","Float","","200"
"light_com_lantern_02_256","Light","Travel Lantern","10","3.00","l\Light_Com_Lantern_02.NIF","l\Light_Com_Lantern_02.tga","","","256"
"light_com_lantern_02_64","Light","Travel Lantern","10","3.00","l\Light_Com_Lantern_02.NIF","l\Light_Com_Lantern_02.tga","","","64"
"light_com_lantern_02_INF","Light","Pilgrim's Lantern","100","1.00","l\Light_Com_Lantern_02.NIF","l\Light_Com_Lantern_02.tga","","","256"
"light_com_lantern_02_Off","Light","Travel Lantern","10","3.00","l\Light_Com_Lantern_02.NIF","l\Light_Com_Lantern_02.tga","","","128"
"light_com_lantern_bm_unique","Light","The Watchman's Eye","500","5.00","l\Light_Com_Lantern_01.NIF","l\Light_Com_Lantern_01.tga","","","512"
"light_com_lantern_sweetie1","Light","","10","0.00","l\Light_Com_Lantern_02.NIF","","","","128"
"light_com_lantern_sweetie2","Light","","10","0.00","l\Light_Com_Lantern_02.NIF","","","","128"
"light_com_lantern_sweetie3","Light","","10","0.00","l\Light_Com_Lantern_02.NIF","","","","128"
"light_com_redware_lamp","Light","Redware Lamp","12","3.00","l\Light_Redware_Lamp.NIF","l\Light_Redware_Lamp.tga","","","128"
"light_com_rm_chandelier_05","Light","","0","0.00","l\Light_Com_Chandelier_05.NIF","","","","256"
"light_com_rm_chandelier_05_128","Light","","0","0.00","l\Light_Com_Chandelier_05.NIF","","","","128"
"light_com_rm_chandelier_05_177","Light","","0","0.00","l\Light_Com_Chandelier_05.NIF","","","","177"
"light_com_rm_chandelier_05_256","Light","","0","0.00","l\Light_Com_Chandelier_05.NIF","","","","256"
"Light_Com_RM_Chandelier_05_L","Light","","0","0.00","l\Light_Com_Chandelier_05_L.NIF","","","","256"
"Light_Com_RM_Chandelier_05_L_01","Light","","0","0.00","l\Light_Com_Chandelier_05_L.NIF","","","","128"
"Light_Com_RM_Chandelier_05_L_02","Light","","0","0.00","l\Light_Com_Chandelier_05_L.NIF","","","","200"
"light_com_rm_chandelier_06","Light","","0","0.00","l\Light_Com_Chandelier_06.NIF","","","","256"
"light_com_sconce_01","Light","","0","0.00","l\LIght_Com_Sconce_01.NIF","","","","130"
"light_com_sconce_01_200","Light","","0","0.00","l\LIght_Com_Sconce_01.NIF","","","","200"
"light_com_sconce_01_77","Light","","0","0.00","l\LIght_Com_Sconce_01.NIF","","","","77"
"light_com_sconce_02","Light","","0","0.00","l\LIght_Com_Sconce_02.NIF","","","","223"
"light_com_sconce_02_128","Light","","0","0.00","l\LIght_Com_Sconce_02.NIF","","","","128"
"light_com_sconce_02_77","Light","","0","0.00","l\LIght_Com_Sconce_02.NIF","","","","77"
"light_com_torch_01","Light","Torch","5","2.00","l\Light_Com_Torch_01.NIF","l\Light_Com_Torch_01.tga","","Fire 40","256"
"light_com_torch_01_128","Light","Torch","5","2.00","l\Light_Com_Torch_01.NIF","l\Light_Com_Torch_01.tga","","Fire 40","128"
"light_com_torch_01_200","Light","Torch","5","2.00","l\Light_Com_Torch_01.NIF","l\Light_Com_Torch_01.tga","","Fire 40","200"
"light_com_torch_01_256","Light","Torch","5","2.00","l\Light_Com_Torch_01.NIF","l\Light_Com_Torch_01.tga","","Fire 40","256"
"light_com_torch_01_77","Light","Torch","5","2.00","l\Light_Com_Torch_01.NIF","l\Light_Com_Torch_01.tga","","Fire 40","77"
"light_com_torch_01_off","Light","Torch","5","2.00","l\Light_Com_Torch_01.NIF","l\Light_Com_Torch_01.tga","","Fire 40","256"
"light_com_torch_01_UNI","Light","","5","0.00","l\Light_Com_Torch_01.NIF","","waterstate_torchdisable","Fire 40","256"
"light_com_torch_02","Light","Torch","5","2.00","l\Light_Com_Torch_02.NIF","l\Light_Com_Torch_02.tga","","Fire 40","256"
"light_com_torch_burnedout_01","Light","Burned out Torch","1","2.00","l\Light_Com_Torch_01.NIF","l\Light_Com_Torch_01.tga","","","16"
"light_com_torch_burnedout_UNI","Light","","1","0.00","l\Light_Com_Torch_01.NIF","l\Light_Com_Torch_01.dds","waterstate_torchenable","","16"
"light_com_wall_01","Light","","0","0.00","l\LIght_Com_Sconce_01.NIF","","","","100"
"light_dae_brazier00","Light","","0","0.00","l\light_DAE_brazier00.NIF","","","Fire 50","500"
"light_dae_brazier_320","Light","","0","0.00","l\light_DAE_brazier00.NIF","","","Fire 50","320"
"light_dae_censer","Light","","0","0.00","l\light_dae_censer.nif","","","","400"
"light_de_buglamp_01","Light","Bug Lamp","0","0.00","l\Light_buglamp_01.NIF","l\Tx_buglamp_01.tga","","","128"
"light_de_buglamp_01_64","Light","Bug Lamp","0","0.00","l\Light_buglamp_01.NIF","l\Tx_buglamp_01.tga","","","64"
"light_de_buglamp_01_off","Light","Bug Lamp","12","3.00","l\Light_buglamp_01.NIF","l\Tx_buglamp_01.tga","","","128"
"light_de_candle_01","Light","","0","0.00","l\Light_De_Candle_01.NIF","","","","128"
"light_de_candle_01_64","Light","","0","0.00","l\Light_De_Candle_01.NIF","","","","64"
"light_de_candle_02","Light","","0","0.00","l\Light_De_Candle_02.NIF","","","","128"
"light_de_candle_02_64","Light","","0","0.00","l\Light_De_Candle_02.NIF","","","","64"
"light_de_candle_02_off","Light","","0","0.00","l\Light_De_Candle_02.NIF","","","","16"
"light_de_candle_03","Light","Candle","2","1.00","l\Light_De_Candle_03.NIF","l\Light_De_Candle_03.tga","","","128"
"light_de_candle_03_64","Light","Candle","2","1.00","l\Light_De_Candle_03.NIF","l\Light_De_Candle_03.tga","","","64"
"light_de_candle_04","Light","","0","0.00","l\Light_De_Candle_04.NIF","","","","128"
"light_de_candle_04_64","Light","","0","0.00","l\Light_De_Candle_04.NIF","","","","64"
"light_de_candle_05","Light","Redware Candle","8","3.00","l\Light_De_Candle_05.NIF","l\Light_De_Candle_05.tga","","","128"
"light_de_candle_05_64","Light","Redware Candle","8","3.00","l\Light_De_Candle_05.NIF","l\Light_De_Candle_05.tga","","","64"
"light_de_candle_05_77","Light","Redware Candle","8","3.00","l\Light_De_Candle_05.NIF","l\Light_De_Candle_05.tga","","","77"
"light_de_candle_06","Light","Ceramic Candlestick","5","1.00","l\Light_De_Candle_06.NIF","l\Light_De_Candle_06.tga","","","128"
"light_de_candle_06_64","Light","Ceramic Candlestick","5","1.00","l\Light_De_Candle_06.NIF","l\Light_De_Candle_06.tga","","","64"
"light_de_candle_06_off","Light","Ceramic Candlestick","5","1.00","l\Light_De_Candle_06.NIF","l\Light_De_Candle_06.tga","","","64"
"light_de_candle_07","Light","","0","0.00","l\Light_De_Candle_07.NIF","","","","128"
"light_de_candle_07_64","Light","","0","0.00","l\Light_De_Candle_07.NIF","","","","64"
"light_de_candle_08","Light","","0","0.00","l\Light_De_Candle_08.NIF","","","","128"
"light_de_candle_08_64","Light","","0","0.00","l\Light_De_Candle_08.NIF","","","","64"
"light_de_candle_09","Light","","0","0.00","l\Light_De_Candle_09.NIF","","","","128"
"light_de_candle_09_64","Light","","0","0.00","l\Light_De_Candle_09.NIF","","","","64"
"light_de_candle_09_94","Light","","0","0.00","l\Light_De_Candle_09.NIF","","","","94"
"light_de_candle_09_off","Light","","0","0.00","l\Light_De_Candle_09.NIF","","","","128"
"light_de_candle_10","Light","Candle","2","1.00","l\Light_De_Candle_10.NIF","l\Light_De_Candle_10.tga","","","128"
"light_de_candle_10_64","Light","Candle","2","1.00","l\Light_De_Candle_10.NIF","l\Light_De_Candle_10.tga","","","64"
"light_de_candle_11","Light","Candle","2","1.00","l\Light_De_Candle_11.NIF","l\Light_De_Candle_11.tga","","","128"
"light_de_candle_11_64","Light","Candle","2","1.00","l\Light_De_Candle_11.NIF","l\Light_De_Candle_11.tga","","","64"
"light_de_candle_11_Off","Light","Candle","2","1.00","l\Light_De_Candle_11.NIF","l\Light_De_Candle_11.tga","","","64"
"light_de_candle_12","Light","Candle","2","1.00","l\Light_De_Candle_12.NIF","l\Light_De_Candle_12.tga","","","128"
"light_de_candle_128_Off","Light","Candle","2","1.00","l\Light_De_Candle_12.NIF","l\Light_De_Candle_12.tga","","","64"
"light_de_candle_12_64","Light","Candle","2","1.00","l\Light_De_Candle_12.NIF","l\Light_De_Candle_12.tga","","","64"
"light_de_candle_13","Light","Candle","2","1.00","l\Light_De_Candle_13.NIF","l\Light_De_Candle_13.tga","","","128"
"light_de_candle_13_64","Light","Candle","2","1.00","l\Light_De_Candle_13.NIF","l\Light_De_Candle_13.tga","","","64"
"light_de_candle_13_Off","Light","Candle","2","1.00","l\Light_De_Candle_13.NIF","l\Light_De_Candle_13.tga","","","64"
"light_de_candle_14","Light","Candle","2","1.00","l\Light_De_Candle_14.NIF","l\Light_De_Candle_14.tga","","","128"
"light_de_candle_14_64","Light","Candle","2","1.00","l\Light_De_Candle_14.NIF","l\Light_De_Candle_14.tga","","","64"
"light_de_candle_15","Light","Brass Candlestick","5","2.00","l\Light_De_Candle_15.NIF","l\Light_De_Candle_15.tga","","","128"
"light_de_candle_15_64","Light","Brass Candlestick","5","2.00","l\Light_De_Candle_15.NIF","l\Light_De_Candle_15.tga","","","64"
"light_de_candle_15_off","Light","Brass Candlestick","5","2.00","l\Light_De_Candle_15.NIF","l\Light_De_Candle_15.tga","","","128"
"light_de_candle_16","Light","Brass Candlestick","5","2.00","l\Light_De_Candle_16.NIF","l\Light_De_Candle_16.tga","","","128"
"light_de_candle_16_64","Light","Brass Candlestick","5","2.00","l\Light_De_Candle_16.NIF","l\Light_De_Candle_16.tga","","","64"
"light_de_candle_17","Light","Brass Candlestick","5","2.00","l\Light_De_Candle_17.NIF","l\Light_De_Candle_17.tga","","","128"
"light_de_candle_17_64","Light","Brass Candlestick","5","2.00","l\Light_De_Candle_17.NIF","l\Light_De_Candle_17.tga","","","64"
"light_de_candle_18","Light","Redware Candle","8","3.00","l\Light_De_Candle_18.NIF","l\Light_De_Candle_18.tga","","","128"
"light_de_candle_18_64","Light","Redware Candle","8","3.00","l\Light_De_Candle_18.NIF","l\Light_De_Candle_18.tga","","","64"
"light_de_candle_19","Light","Redware Candle","8","3.00","l\Light_De_Candle_19.NIF","l\Light_De_Candle_19.tga","","","128"
"light_de_candle_19_256","Light","Redware Candle","8","3.00","l\Light_De_Candle_19.NIF","l\Light_De_Candle_19.tga","","","256"
"light_de_candle_19_64","Light","Redware Candle","8","3.00","l\Light_De_Candle_19.NIF","l\Light_De_Candle_19.tga","","","64"
"Light_De_Candle_20","Light","Candle","0","2.00","l\Light_De_Candle_20.NIF","l\Light_de_candle_blue_01.tga","","","128"
"Light_De_Candle_21","Light","Candle","3","2.00","l\Light_De_Candle_21.NIF","l\Light_de_candle_red_01.tga","","","128"
"Light_De_Candle_22","Light","Candle","3","2.00","l\Light_De_Candle_22.NIF","l\Light_de_candle_red_01.tga","","","128"
"Light_De_Candle_23","Light","Brass Candlestick","5","2.00","l\Light_De_Candle_23.NIF","l\Light_De_Candle_15.tga","","","128"
"Light_De_Candle_23_177","Light","Brass Candlestick","5","2.00","l\Light_De_Candle_23.NIF","l\Light_De_Candle_15.tga","","","177"
"Light_De_Candle_24","Light","Brass Candlestick","5","2.00","l\Light_De_Candle_24.NIF","l\Light_De_Candle_17.tga","","","128"
"Light_De_Candle_24_64","Light","Brass Candlestick","5","2.00","l\Light_De_Candle_24.NIF","l\Light_De_Candle_17.tga","","","64"
"Light_De_Candle_24_Static","Light","","5","0.00","l\Light_De_Candle_24.NIF","","","","128"
"Light_De_Candle_25","Light","Redware Candle","8","3.00","l\Light_De_Candle_25.NIF","l\Light_De_Candle_18.tga","","","128"
"Light_De_Candle_26","Light","Redware Candle","8","3.00","l\Light_De_Candle_26.NIF","l\Light_De_Candle_19.tga","","","128"
"light_de_candle_blue_01","Light","Bamboo Candlestick","3","2.00","l\Light_de_candle_blue_01.NIF","l\Light_de_candle_blue_01.tga","","","128"
"light_de_candle_blue_01_64","Light","Bamboo Candlestick","3","2.00","l\Light_de_candle_blue_01.NIF","l\Light_de_candle_blue_01.tga","","","64"
"light_de_candle_blue_01_Off","Light","Bamboo Candlestick","3","2.00","l\Light_de_candle_blue_01.NIF","l\Light_de_candle_blue_01.tga","","","64"
"light_de_candle_blue_02","Light","Bamboo Candlestick","3","2.00","l\Light_de_candle_blue_02.NIF","l\Light_de_candle_blue_01.tga","","","128"
"light_de_candle_blue_02_100","Light","Bamboo Candlestick","3","2.00","l\Light_de_candle_blue_02.NIF","l\Light_de_candle_blue_01.tga","","","100"
"light_de_candle_blue_02_64","Light","Bamboo Candlestick","3","2.00","l\Light_de_candle_blue_02.NIF","l\Light_de_candle_blue_01.tga","","","64"
"light_de_candle_green_01","Light","Bamboo Candlestick","3","2.00","l\Light_de_candle_green_01.NIF","l\Light_de_candle_green_01.tga","","","128"
"light_de_candle_green_01_64","Light","Bamboo Candlestick","3","2.00","l\Light_de_candle_green_01.NIF","l\Light_de_candle_green_01.tga","","","64"
"light_de_candle_green_01_Off","Light","Bamboo Candlestick","3","2.00","l\Light_de_candle_green_01.NIF","l\Light_de_candle_green_01.tga","","","64"
"light_de_candle_ivory_01","Light","Bamboo Candlestick","3","2.00","l\Light_de_candle_ivory_01.NIF","l\Light_de_candle_ivory_01.tga","","","128"
"light_de_candle_ivory_01_128","Light","Bamboo Candlestick","3","2.00","l\Light_de_candle_ivory_01.NIF","l\Light_de_candle_ivory_01.tga","","","128"
"light_de_candle_ivory_01_64","Light","Bamboo Candlestick","3","2.00","l\Light_de_candle_ivory_01.NIF","l\Light_de_candle_ivory_01.tga","","","64"
"light_de_candle_ivory_01_off","Light","Bamboo Candlestick","3","2.00","l\Light_de_candle_ivory_01.NIF","l\Light_de_candle_ivory_01.tga","","","64"
"light_de_candle_ivory_64","Light","Bamboo Candlestick","3","2.00","l\Light_de_candle_ivory_01.NIF","l\Light_de_candle_ivory_01.tga","","","64"
"light_de_candle_ivory_dead","Light","Bamboo Candlestick","1","1.00","l\Light_de_candle_ivory_01.NIF","l\Light_de_candle_ivory_01.tga","","","16"
"light_de_candle_red_01","Light","Bamboo Candlestick","3","2.00","l\Light_de_candle_red_01.NIF","l\Light_de_candle_red_01.tga","","","128"
"light_de_candle_red_01_64","Light","Bamboo Candlestick","3","2.00","l\Light_de_candle_red_01.NIF","l\Light_de_candle_red_01.tga","","","64"
"light_de_candle_red_02","Light","Bamboo Candlestick","3","2.00","l\Light_de_candle_red_02.NIF","l\Light_de_candle_red_01.tga","","","128"
"light_de_candle_red_02_64","Light","Bamboo Candlestick","3","2.00","l\Light_de_candle_red_02.NIF","l\Light_de_candle_red_01.tga","","","64"
"light_de_lamp_01","Light","","0","0.00","l\Light_De_Lamp_01.NIF","","","","128"
"light_de_lamp_01_128","Light","","0","0.00","l\Light_De_Lamp_01.NIF","","","","128"
"light_de_lamp_01_177","Light","","0","0.00","l\Light_De_Lamp_01.NIF","","","","177"
"light_de_lamp_01_200","Light","","0","0.00","l\Light_De_Lamp_01.NIF","","","","200"
"light_de_lamp_01_256","Light","","0","0.00","l\Light_De_Lamp_01.NIF","","","","256"
"light_de_lamp_01_512","Light","","0","0.00","l\Light_De_Lamp_01.NIF","","","","512"
"light_de_lamp_01_64","Light","","0","0.00","l\Light_De_Lamp_01.NIF","","","","64"
"light_de_lamp_01_77","Light","","0","0.00","l\Light_De_Lamp_01.NIF","","","","77"
"light_de_lamp_01_Off","Light","","0","0.00","l\Light_De_Lamp_01.NIF","","","","16"
"light_de_lamp_02","Light","","0","0.00","l\Light_De_Lamp_02.NIF","","","","128"
"light_de_lamp_02_128","Light","","0","0.00","l\Light_De_Lamp_02.NIF","","","","128"
"light_de_lamp_02_177","Light","","0","0.00","l\Light_De_Lamp_02.NIF","","","","177"
"light_de_lamp_02_256","Light","","0","0.00","l\Light_De_Lamp_02.NIF","","","","256"
"light_de_lamp_02_77","Light","","0","0.00","l\Light_De_Lamp_02.NIF","","","","77"
"light_de_lamp_02_blue","Light","","0","0.00","l\Light_De_Lamp_07.NIF","","","","256"
"light_de_lamp_02_blue_128","Light","","0","0.00","l\Light_De_Lamp_07.NIF","","","","128"
"light_de_lamp_03","Light","","0","0.00","l\Light_De_Lamp_03.NIF","","","","128"
"light_de_lamp_03_128","Light","","0","0.00","l\Light_De_Lamp_03.NIF","","","","128"
"light_de_lamp_03_256","Light","","0","0.00","l\Light_De_Lamp_03.NIF","","","","256"
"light_de_lamp_03_512","Light","","0","0.00","l\Light_De_Lamp_03.NIF","","","","512"
"light_de_lamp_03_512_red","Light","","0","0.00","l\Light_De_Lamp_03.NIF","","","","512"
"light_de_lamp_03_64","Light","","0","0.00","l\Light_De_Lamp_03.NIF","","","","64"
"light_de_lamp_03_77","Light","","0","0.00","l\Light_De_Lamp_03.NIF","","","","77"
"light_de_lamp_03_off","Light","","0","0.00","l\Light_De_Lamp_03.NIF","","","","16"
"light_de_lamp_03_red","Light","","0","0.00","l\Light_De_Lamp_08.NIF","","","","128"
"light_de_lamp_04","Light","","0","0.00","l\Light_De_Lamp_04.NIF","","","","128"
"light_de_lamp_04_128","Light","","0","0.00","l\Light_De_Lamp_04.NIF","","","","128"
"Light_De_Lamp_04_256","Light","","0","0.00","l\Light_De_Lamp_04.NIF","","","","256"
"light_de_lamp_05","Light","","0","0.00","l\Light_De_Lamp_05.NIF","","","","128"
"light_de_lamp_05_128","Light","","0","0.00","l\Light_De_Lamp_05.NIF","","","","128"
"light_de_lamp_05_177","Light","","0","0.00","l\Light_De_Lamp_05.NIF","","","","177"
"light_de_lamp_05_256","Light","","0","0.00","l\Light_De_Lamp_05.NIF","","","","256"
"light_de_lamp_05_77","Light","","0","0.00","l\Light_De_Lamp_05.NIF","","","","77"
"light_de_lamp_06","Light","","0","0.00","l\Light_De_Lamp_06.NIF","","","","128"
"light_de_lamp_06_128","Light","","0","0.00","l\Light_De_Lamp_06.NIF","","","","128"
"light_de_lamp_06_177","Light","","0","0.00","l\Light_De_Lamp_06.NIF","","","","177"
"light_de_lamp_06_256","Light","","0","0.00","l\Light_De_Lamp_06.NIF","","","","256"
"light_de_lamp_06_64","Light","","0","0.00","l\Light_De_Lamp_06.NIF","","","","64"
"light_de_lamp_06_77","Light","","0","0.00","l\Light_De_Lamp_06.NIF","","","","77"
"Light_De_Lamp_07_Blue","Light","","0","0.00","l\Light_De_Lamp_07.NIF","","","","128"
"Light_De_Lamp_07_Blue_177","Light","","0","0.00","l\Light_De_Lamp_07.NIF","","","","177"
"Light_De_Lamp_07_Blue_256","Light","","0","0.00","l\Light_De_Lamp_07.NIF","","","","256"
"Light_De_Lamp_07_Blue_77","Light","","0","0.00","l\Light_De_Lamp_07.NIF","","","","77"
"Light_De_Lamp_08_Red","Light","","0","0.00","l\Light_De_Lamp_08.NIF","","","","128"
"Light_De_Lamp_09_Red","Light","","0","0.00","l\Light_De_Lamp_09.NIF","","","","128"
"Light_De_Lantern_01","Light","Paper Lantern","10","3.00","l\Light_De_Lantern_01.NIF","l\Light_De_Lantern_01.tga","","","256"
"Light_De_Lantern_01_128","Light","Paper Lantern","10","3.00","l\Light_De_Lantern_01.NIF","l\Light_De_Lantern_01.tga","","","128"
"Light_De_Lantern_01_177","Light","Paper Lantern","10","3.00","l\Light_De_Lantern_01.NIF","l\Light_De_Lantern_01.tga","","","177"
"Light_De_Lantern_01_77","Light","Paper Lantern","10","3.00","l\Light_De_Lantern_01.NIF","l\Light_De_Lantern_01.tga","","","77"
"light_de_lantern_01_off","Light","Paper Lantern","10","3.00","l\Light_De_Lantern_01.NIF","l\Light_De_Lantern_01.tga","","","128"
"Light_De_Lantern_01white","Light","Paper Lantern","10","3.00","l\Light_De_Lantern_01.NIF","l\Light_De_Lantern_01.tga","","","256"
"light_de_lantern_02","Light","Glass Lantern","12","3.00","l\Light_De_Lantern_02.NIF","l\Light_De_Lantern_02.tga","","","256"
"light_de_lantern_02-128","Light","Glass Lantern","12","3.00","l\Light_De_Lantern_02.NIF","l\Light_De_Lantern_02.tga","","","128"
"light_de_lantern_02-177","Light","Glass Lantern","23","3.00","l\Light_De_Lantern_02.NIF","l\Light_De_Lantern_02.tga","","","177"
"light_de_lantern_02_128","Light","Glass Lantern","12","3.00","l\Light_De_Lantern_02.NIF","l\Light_De_Lantern_02.tga","","","128"
"light_de_lantern_02_256_blue","Light","Glass Lantern","12","3.00","l\Light_De_Lantern_02.NIF","l\Light_De_Lantern_02.tga","","","128"
"light_de_lantern_02_256_blue_S","Light","","12","0.00","l\Light_De_Lantern_02.NIF","","","","128"
"light_de_lantern_02_256_Off","Light","Glass Lantern","12","3.00","l\Light_De_Lantern_02.NIF","l\Light_De_Lantern_02.tga","","","128"
"light_de_lantern_02_blue","Light","Glass Lantern","12","3.00","l\Light_De_Lantern_02.NIF","l\Light_De_Lantern_02.tga","","","128"
"light_de_lantern_03","Light","","0","0.00","l\Light_De_Lantern_03.NIF","","","","256"
"light_de_lantern_03_128","Light","","0","0.00","l\Light_De_Lantern_03.NIF","","","","128"
"light_de_lantern_03_200","Light","","0","0.00","l\Light_De_Lantern_03.NIF","","","","200"
"light_de_lantern_03_200_R","Light","","0","0.00","l\Light_De_Lantern_03.NIF","","SignRotate","","200"
"light_de_lantern_03_64","Light","","0","0.00","l\Light_De_Lantern_03.NIF","","","","64"
"light_de_lantern_03_700_sway","Light","","0","0.00","l\Light_De_Lantern_03.NIF","","SignRotate","","700"
"light_de_lantern_03_77","Light","","0","0.00","l\Light_De_Lantern_03.NIF","","","","77"
"light_de_lantern_03_s_256","Light","","0","0.00","l\Light_De_Lantern_03.NIF","","SignRotate","","256"
"light_de_lantern_03_sway","Light","","0","0.00","l\Light_De_Lantern_03.NIF","","SignRotate","","512"
"light_de_lantern_04","Light","","0","0.00","l\Light_De_Lantern_04.NIF","","","","256"
"light_de_lantern_04_128","Light","","0","0.00","l\Light_De_Lantern_04.NIF","","","","128"
"light_de_lantern_04_157","Light","","0","0.00","l\Light_De_Lantern_04.NIF","","","","157"
"light_de_lantern_04_177","Light","","0","0.00","l\Light_De_Lantern_04.NIF","","","","177"
"light_de_lantern_04_177_S","Light","","0","0.00","l\Light_De_Lantern_04.NIF","","SignRotate","","177"
"light_de_lantern_04_77","Light","","0","0.00","l\Light_De_Lantern_04.NIF","","","","77"
"light_de_lantern_04_sway","Light","","0","0.00","l\Light_De_Lantern_04.NIF","","SignRotate","","256"
"light_de_lantern_04_swayoff","Light","","0","0.00","l\Light_De_Lantern_04.NIF","","SignRotate","","256"
"light_de_lantern_05","Light","Paper Lantern","10","3.00","l\Light_De_Lantern_05.NIF","l\Light_De_Lantern_05.tga","","","256"
"light_de_lantern_05_128","Light","","10","0.00","l\Light_De_Lantern_05.NIF","","","","128"
"light_de_lantern_05_128_Carry","Light","Paper Lantern","10","3.00","l\Light_De_Lantern_05.NIF","l\Light_De_Lantern_05.tga","","","128"
"light_de_lantern_05_128_S","Light","","10","0.00","l\Light_De_Lantern_05.NIF","","","","128"
"light_de_lantern_05_200","Light","Paper Lantern","10","3.00","l\Light_De_Lantern_05.NIF","l\Light_De_Lantern_05.tga","","","200"
"light_de_lantern_05_200_S","Light","","10","0.00","l\Light_De_Lantern_05.NIF","","","","200"
"light_de_lantern_05_Carry","Light","Paper Lantern","10","3.00","l\Light_De_Lantern_05.NIF","l\Light_De_Lantern_05.tga","","","128"
"light_de_lantern_05_S","Light","","10","0.00","l\Light_De_Lantern_05.NIF","","","","256"
"light_de_lantern_05_ship","Light","","0","0.00","l\Light_De_Lantern_05.NIF","","SignRotate","","256"
"light_de_lantern_05_sway","Light","","0","0.00","l\Light_De_Lantern_05.NIF","","SignRotate","","256"
"light_de_lantern_06","Light","Glass Lantern","12","3.00","l\Light_De_Lantern_06.NIF","l\Light_De_Lantern_06.tga","","","128"
"light_de_lantern_06_128","Light","Glass Lantern","12","3.00","l\Light_De_Lantern_06.NIF","l\Light_De_Lantern_06.tga","","","128"
"light_de_lantern_06_177","Light","Glass Lantern","12","3.00","l\Light_De_Lantern_06.NIF","l\Light_De_Lantern_06.tga","","","177"
"light_de_lantern_06_256","Light","Glass Lantern","12","3.00","l\Light_De_Lantern_06.NIF","l\Light_De_Lantern_06.tga","","","256"
"light_de_lantern_06_64","Light","Glass Lantern","12","3.00","l\Light_De_Lantern_06.NIF","l\Light_De_Lantern_06.tga","","","64"
"Light_De_Lantern_06A","Light","Glass Lantern","12","3.00","l\Light_De_Lantern_06.NIF","l\Light_De_Lantern_06.tga","","","256"
"light_de_lantern_07","Light","Paper Lantern","10","3.00","l\Light_De_Lantern_07.NIF","l\Light_De_Lantern_07.tga","","","256"
"light_de_lantern_07_128","Light","Paper Lantern","10","3.00","l\Light_De_Lantern_07.NIF","l\Light_De_Lantern_07.tga","","","128"
"light_de_lantern_07_warm","Light","Paper Lantern","10","3.00","l\Light_De_Lantern_07.NIF","l\Light_De_Lantern_07.tga","","","256"
"light_de_lantern_08","Light","","0","0.00","l\Light_De_Lantern_08.NIF","","","","256"
"light_de_lantern_08_128","Light","","0","0.00","l\Light_De_Lantern_08.NIF","","","","128"
"light_de_lantern_08_128_01","Light","","0","0.00","l\Light_De_Lantern_08.NIF","","","","128"
"light_de_lantern_08_177_01","Light","","0","0.00","l\Light_De_Lantern_08.NIF","","","","177"
"light_de_lantern_08_77","Light","","0","0.00","l\Light_De_Lantern_08.NIF","","","","77"
"light_de_lantern_09","Light","","0","0.00","l\Light_De_Lantern_09.NIF","","","","256"
"light_de_lantern_09_128","Light","","0","0.00","l\Light_De_Lantern_09.NIF","","","","128"
"light_de_lantern_09_128_01","Light","","0","0.00","l\Light_De_Lantern_09.NIF","","","","128"
"light_de_lantern_09_177","Light","","0","0.00","l\Light_De_Lantern_09.NIF","","","","177"
"light_de_lantern_09_sway","Light","","0","0.00","l\Light_De_Lantern_09.NIF","","SignRotate","","128"
"light_de_lantern_10","Light","Paper Lantern","10","3.00","l\Light_De_Lantern_10.NIF","l\Light_De_Lantern_10.tga","","","256"
"light_de_lantern_10_01","Light","","10","0.00","l\Light_De_Lantern_10.NIF","","","","256"
"light_de_lantern_10_128","Light","Paper Lantern","10","3.00","l\Light_De_Lantern_10.NIF","l\Light_De_Lantern_10.tga","","","128"
"light_de_lantern_10_128_Static","Light","","10","0.00","l\Light_De_Lantern_10.NIF","","","","128"
"light_de_lantern_10_177_Static","Light","","10","0.00","l\Light_De_Lantern_10.NIF","","","","177"
"light_de_lantern_10_Static","Light","","10","0.00","l\Light_De_Lantern_10.NIF","","","","256"
"light_de_lantern_11","Light","Paper Lantern","10","3.00","l\Light_De_Lantern_11.NIF","l\Light_De_Lantern_11.tga","","","128"
"light_de_lantern_12","Light","","0","0.00","l\Light_De_Lantern_12.NIF","","","","256"
"light_de_lantern_12_128","Light","","0","0.00","l\Light_De_Lantern_12.NIF","","","","128"
"light_de_lantern_12_312","Light","","0","0.00","l\Light_De_Lantern_12.NIF","","","","312"
"light_de_lantern_13","Light","","0","0.00","l\Light_De_Lantern_13.NIF","","","","256"
"light_de_lantern_13_128","Light","","0","0.00","l\Light_De_Lantern_13.NIF","","","","128"
"light_de_lantern_13_128_R","Light","","0","0.00","l\Light_De_Lantern_13.NIF","","SignRotate","","128"
"light_de_lantern_13_300","Light","","0","0.00","l\Light_De_Lantern_13.NIF","","","","300"
"light_de_lantern_14","Light","Paper Lantern","10","3.00","l\Light_De_Lantern_14.NIF","l\Light_De_Lantern_14.tga","","","256"
"light_de_lantern_14_static","Light","","10","0.00","l\Light_De_Lantern_14.NIF","","","","256"
"light_de_paper_lantern_01","Light","","0","0.00","l\Light_paper_lantern_01.NIF","","","","256"
"light_de_paper_lantern_01_128","Light","","0","0.00","l\Light_paper_lantern_01.NIF","","","","128"
"light_de_paper_lantern_01_200","Light","","0","0.00","l\Light_paper_lantern_01.NIF","","","","200"
"light_de_paper_lantern_02","Light","","0","0.00","l\Light_paper_lantern_01.NIF","","","","512"
"light_de_paper_lantern_03","Light","","0","0.00","l\Light_paper_lantern_01.NIF","","","","256"
"light_de_paper_lantern_04","Light","","0","0.00","l\Light_paper_lantern_02.NIF","","","","256"
"light_de_paper_lantern_04_128","Light","","0","0.00","l\Light_paper_lantern_02.NIF","","","","128"
"light_de_paper_lantern_04_177","Light","","0","0.00","l\Light_paper_lantern_02.NIF","","","","177"
"light_de_paper_lantern_04_Off","Light","","0","0.00","l\Light_paper_lantern_02.NIF","","","","16"
"light_de_paper_lantern_128_01","Light","","0","0.00","l\Light_paper_lantern_01.NIF","","","","128"
"light_de_paper_lantern_177","Light","","0","0.00","l\Light_paper_lantern_01.NIF","","","","177"
"light_de_paper_lantern_64_01","Light","","0","0.00","l\Light_paper_lantern_01.NIF","","","","64"
"Light_de_paper_lantern_off","Light","","0","0.00","l\Light_paper_lantern_off.NIF","","","","16"
"light_de_streetlight_01","Light","","0","0.00","l\Light_De_streetlight_01.NIF","","","","512"
"light_de_streetlight_01_128","Light","","0","0.00","l\Light_De_streetlight_01.NIF","","","","128"
"light_de_streetlight_01_177","Light","","0","0.00","l\Light_De_streetlight_01.NIF","","","","177"
"light_de_streetlight_01_223","Light","","0","0.00","l\Light_De_streetlight_01.NIF","","SignRotate","","223"
"light_de_streetlight_01_223_S","Light","","0","0.00","l\Light_De_streetlight_01.NIF","","","","223"
"light_de_streetlight_01_hold_a","Light","","0","0.00","l\Light_De_streetlight_01.NIF","","Strong2_Complete","","512"
"light_de_streetlight_01_hold_b","Light","","0","0.00","l\Light_De_streetlight_01.NIF","","Strong3_Complete","","512"
"light_dwe_bulb00","Light","","0","0.00","l\light_dwe_bulb00.NIF","","","Power light 50","600"
"light_dwrv_neon00","Light","","0","0.00","l\light_dwrv_neon00.nif","","","Power light 50","280"
"light_dwrv_neon01","Light","","0","0.00","l\light_dwrv_neon00.nif","","","Power light 50","177"
"light_dwrv_neon02","Light","","0","0.00","l\light_dwrv_neon00.nif","","","Power light 50","128"
"light_dwrv_neonbroke00","Light","","0","0.00","l\light_dwrv_neonbroke00.NIF","","","Power light 50","256"
"light_dwrv_neonbroke01","Light","","0","0.00","l\light_dwrv_neonbroke00.NIF","","","Power light 50","256"
"light_dwrv_neonbroke02","Light","","0","0.00","l\light_dwrv_neonbroke00.NIF","","","Power light 50","128"
"light_dwrv_neonbroke03","Light","","0","0.00","l\light_dwrv_neonbroke00.NIF","","","Power light 50","128"
"light_dwrv_neonbroke_off","Light","","0","0.00","l\light_dwrv_neonbroke00.NIF","","","","16"
"Light_Fire","Light","","0","0.00","l\Light_Fire.NIF","","","Fire 50","256"
"Light_Fire_300","Light","","0","0.00","l\Light_Fire.NIF","","","Fire 50","300"
"Light_Fire_400","Light","","0","0.00","l\Light_Fire.NIF","","","Fire 50","400"
"Light_Fire_NoSmoke","Light","","0","0.00","l\Light_Fire_NoSmoke.NIF","","","Fire 50","256"
"Light_Fire_NoSmoke_128","Light","","0","0.00","l\Light_Fire_NoSmoke.NIF","","","Fire 50","128"
"Light_Fire_NoSmoke_177","Light","","0","0.00","l\Light_Fire_NoSmoke.NIF","","","Fire 50","177"
"Light_Fire_NoSmoke_256","Light","","0","0.00","l\Light_Fire_NoSmoke.NIF","","","Fire 50","256"
"Light_Fire_NoSmoke_400","Light","","0","0.00","l\Light_Fire_NoSmoke.NIF","","","Fire 50","400"
"light_fire_small","Light","","0","0.00","fire_small.NIF","","","Fire 40","256"
"light_flame_1024","Light","","0","0.00","","","","","1024"
"light_flame_1024_01","Light","","0","0.00","","","","","1024"
"light_flame_800","Light","","0","0.00","","","","","800"
"light_glowing_lichen_256_d","Light","","1","0.00","","","","","256"
"light_glowing_lichen_512_d","Light","","1","0.00","","","","","256"
"light_h_pcfort__01","Light","","0","0.00","l\Light_De_streetlight_01.nif","","Strong1","","256"
"light_h_pcfort__01-2","Light","","0","0.00","l\Light_De_streetlight_01.nif","","Strong2","","256"
"light_h_pcfort__01-3","Light","","0","0.00","l\Light_De_streetlight_01.nif","","Strong3","","256"
"Light_Lava","Light","","0","0.00","","","","","256"
"light_logpile","Light","","0","0.00","l\light_logpile10.nif","","","Fire 50","128"
"light_logpile10","Light","","0","0.00","l\light_logpile10.nif","","","Fire 50","256"
"light_logpile_128","Light","","0","0.00","l\light_logpile10.nif","","","Fire 50","128"
"light_logpile_177","Light","","0","0.00","l\light_logpile10.nif","","","Fire 50","177"
"Light_logpile_burnedout","Light","","0","0.00","l\Light_logpile_burnedout.NIF","","waterstate_torchenable","","16"
"Light_logpile_UNI","Light","","0","0.00","l\Light_logpile.NIF","","waterstate_torchdisable","Fire 40","128"
"light_marker_lampcolor_01","Light","","0","0.00","","","","","256"
"Light_MH_Rope_Lantern","Light","","0","0.00","l\Light_MH_Rope_Lantern.NIF","","SignRotate","","512"
"Light_MH_streetlamp_01","Light","","0","0.00","l\Ex_MH_streetlamp_01.NIF","","","Fire 40","1000"
"Light_MH_streetlamp_01_550","Light","","0","0.00","l\Ex_MH_streetlamp_01.NIF","","","Fire 40","550"
"Light_MH_streetlamp_01_750","Light","","0","0.00","l\Ex_MH_streetlamp_01.NIF","","","Fire 40","750"
"Light_OM_brazier","Light","","0","0.00","l\Light_OM_brazier.NIF","","","Fire","256"
"Light_OM_censure","Light","","0","0.00","l\Light_OM_censure.NIF","","","","512"
"light_pitfire00","Light","","0","0.00","l\light_pitfire00.NIF","","","Fire 50","512"
"light_pitfire01","Light","","0","0.00","l\light_pitfire00.NIF","","","Fire 50","256"
"light_sconce00","Light","","1","0.00","l\light_sconce00.NIF","","","Fire 40","320"
"light_sconce00_128","Light","","1","0.00","l\light_sconce00.NIF","","","Fire 40","128"
"light_sconce00_200","Light","","1","0.00","l\light_sconce00.NIF","","","Fire 40","200"
"light_sconce00_256","Light","","1","0.00","l\light_sconce00.NIF","","","Fire 40","256"
"light_sconce10","Light","","0","0.00","l\light_sconce10.NIF","","","Fire 40","320"
"light_sconce10_128","Light","","0","0.00","l\light_sconce10.NIF","","","Fire 40","128"
"light_sconce10_200","Light","","0","0.00","l\light_sconce10.NIF","","","Fire 40","200"
"light_sconce10_256","Light","","0","0.00","l\light_sconce10.NIF","","","Fire 40","256"
"Light_sotha_fire_unique1","Light","","0","0.00","l\Light_Fire.NIF","","","Fire 50","400"
"Light_sotha_fire_unique2","Light","","0","0.00","l\Light_Fire.NIF","","","Fire 50","400"
"Light_sotha_fire_unique3","Light","","0","0.00","l\Light_Fire.NIF","","","Fire 50","300"
"light_sotha_lantern","Light","","0","0.00","l\Light_De_Lantern_08.NIF","","","","320"
"light_sotha_sparks","Light","","0","0.00","l\light_sotha_sparks.NIF","","","SothaSpark","512"
"light_sotha_sparks_hi","Light","","0","0.00","l\light_sotha_sparks_hi.NIF","","","SothaSpark","512"
"light_spear_skull00","Light","","0","0.00","l\light_spear_skull00.NIF","","","","128"
"Light_tikilamp","Light","","0","0.00","l\Light_tikilamp.NIF","","","Fire 40","320"
"Light_tikilamp_128","Light","","0","0.00","l\Light_tikilamp.NIF","","","Fire 40","128"
"Light_tikilamp_177","Light","","0","0.00","l\Light_tikilamp.NIF","","","Fire 40","177"
"Light_tikilamp_256","Light","","0","0.00","l\Light_tikilamp.NIF","","","Fire 40","256"
"light_tikitorch00","Light","","1","0.00","l\light_tikitorch00.NIF","","","Fire 40","420"
"light_tikitorch002","Light","","1","0.00","l\light_tikitorch00.NIF","","","Fire 40","320"
"light_tikitorch003","Light","","1","0.00","l\light_tikitorch00.NIF","","","Fire 40","400"
"light_tikitorch00_256","Light","","1","0.00","l\light_tikitorch00.NIF","","","Fire 40","256"
"light_tikitorch00_320_ffd","Light","","1","0.00","l\light_tikitorch00.NIF","","","Fire 40","320"
"light_tikitorch00_UNI","Light","","1","0.00","l\light_tikitorch00.NIF","","waterstate_torchdisable","Fire 40","420"
"light_tikitorch01","Light","","1","0.00","l\light_tikitorch00.NIF","","","Fire 40","300"
"light_tikitorch128","Light","","1","0.00","l\light_tikitorch00.NIF","","","Fire 40","128"
"light_tikitorch256","Light","","1","0.00","l\light_tikitorch00.NIF","","","Fire 40","256"
"light_tikitorch_1024","Light","","1","0.00","l\light_tikitorch00.NIF","","","","1024"
"light_tikitorch_177","Light","","1","0.00","l\light_tikitorch00.NIF","","","Fire 40","177"
"light_tikitorch_1radius","Light","","1","0.00","l\light_tikitorch00.NIF","","","","256"
"light_tikitorch_512","Light","","1","0.00","l\light_tikitorch00.NIF","","","","512"
"light_torch_01","Light","","0","0.00","l\Light_torch_01.NIF","","","Fire 40","256"
"light_torch_01_128","Light","","0","0.00","l\Light_torch_01.NIF","","","Fire 40","128"
"light_torch_01_256","Light","","0","0.00","l\Light_torch_01.NIF","","","Fire 40","256"
"light_torch_01_320","Light","","0","0.00","l\Light_torch_01.NIF","","","Fire 40","320"
"light_velothi_brazier","Light","","0","0.00","l\Light_Velothi_Brazier.nif","","","Fire 50","256"
"light_velothi_brazier_128","Light","","0","0.00","l\Light_Velothi_Brazier.nif","","","Fire 50","128"
"light_velothi_brazier_177","Light","","0","0.00","l\Light_Velothi_Brazier.nif","","","Fire 50","177"
"light_velothi_brazier_77","Light","","0","0.00","l\Light_Velothi_Brazier.nif","","","Fire 50","77"
"light_velothi_brazier_off","Light","","0","0.00","l\Light_Velothi_Brazier.nif","","","","16"
"light_vivec","Light","","0","0.00","","","","","64"
"MH_Ignatius light","Light","","0","0.00","","","","","128"
"orange light","Light","","0","0.00","","","","","256"
"orange light_test","Light","","0","0.00","","","","","64"
"orange_128_01_d","Light","","0","0.00","","","","","128"
"orange_256_01_d","Light","","0","0.00","","","","","256"
"orange_256_ci_01","Light","","0","0.00","","","","","384"
"orange_256_ci_02","Light","","0","0.00","","","","","128"
"orange_300_01_d","Light","","0","0.00","","","","","300"
"orange_512_01_d","Light","","0","0.00","","","","","512"
"orange_768_01","Light","","0","0.00","","","","","768"
"orange_768_01_d","Light","","0","0.00","","","","","768"
"orange_fire_128_f","Light","","0","0.00","","","","","128"
"orange_fire_256_f","Light","","0","0.00","","","","","256"
"orange_red_1024","Light","","0","0.00","","","","","1024"
"puke water ref 128","Light","","0","0.00","","","","","128"
"puke water ref 256","Light","","0","0.00","","","","","256"
"puke water ref 512","Light","","0","0.00","","","","","512"
"puke water ref 762","Light","","0","0.00","","","","","762"
"purp_01_128_pulse","Light","","0","0.00","","","","","128"
"purple 10000","Light","","0","0.00","","","","","512"
"purple_1600","Light","","0","0.00","","","","","1600"
"purple_512","Light","","0","0.00","","","","","512"
"purple_600_f","Light","","0","0.00","","","","","600"
"puzzle canal glow","Light","","0","0.00","","","","","256"
"raf_blue","Light","","1","0.00","","","","","400"
"red 256","Light","","0","0.00","","","","","256"
"red light","Light","","1","0.00","","","","","1000"
"red light_flickering","Light","","1","0.00","","","","","600"
"red light_flickering_small","Light","","1","0.00","","","","","200"
"red_1000","Light","","0","0.00","","","","","1000"
"red_1000_01","Light","","1","0.00","","","","","1000"
"red_1000_01_d","Light","","1","0.00","","","","","1000"
"red_1024_01","Light","","0","0.00","","","","","1024"
"red_128","Light","","0","0.00","","","","","128"
"red_128_01_flickering","Light","","0","0.00","","","","","128"
"red_128_pulse","Light","","0","0.00","","","","","128"
"red_256","Light","","0","0.00","","","","","256"
"red_256_pulse","Light","","0","0.00","","","","","256"
"red_3000","Light","","1","0.00","","","","","3000"
"red_3000_02","Light","","1","0.00","","","","","3000"
"red_32","Light","","0","0.00","","","","","32"
"red_512_01","Light","","0","0.00","","","","","512"
"red_512_pulse","Light","","0","0.00","","","","","512"
"red_600_01","Light","","1","0.00","","","","","600"
"red_600_01_f","Light","","1","0.00","","","","","600"
"red_64","Light","","0","0.00","","","","","64"
"red_768","Light","","1","0.00","","","","","768"
"sewers","Light","","0","0.00","","","","","512"
"small blue light","Light","","0","0.00","","","","","256"
"Solstheim red SM2","Light","","0","0.00","","","","","150"
"sunlight_512_01","Light","","0","0.00","","","","","1024"
"sunlight_512_02","Light","","0","0.00","","","","","512"
"test dark","Light","","0","0.00","","","","","720"
"torch","Light","Torch","5","3.00","l\light_torch10.nif","l\light_torch10.tga","","Fire 40","256"
"torch_128","Light","Torch","5","2.00","l\light_torch10.nif","l\light_torch10.tga","","Fire 40","128"
"torch_128_Off","Light","Torch","5","3.00","l\light_torch10.nif","l\light_torch10.tga","","Fire 40","128"
"torch_157","Light","Torch","5","3.00","l\light_torch10.nif","l\light_torch10.tga","","Fire 40","157"
"torch_256","Light","Torch","5","3.00","l\light_torch10.nif","l\light_torch10.tga","","Fire 40","256"
"torch_64","Light","Torch","5","3.00","l\light_torch10.nif","l\light_torch10.tga","","Fire 40","64"
"torch_77","Light","Torch","5","2.00","l\light_torch10.nif","l\light_torch10.tga","","Fire 40","77"
"torch_infinite_time","Light","Torch","5","3.00","l\light_torch10.nif","l\light_torch10.tga","","Fire 40","256"
"torch_infinite_time_unique","Light","Torch","5","3.00","l\light_torch10.nif","l\light_torch10.tga","","Fire 40","400"
"white_1024_01","Light","","0","0.00","","","","","1024"
"white_128_01","Light","","0","0.00","","","","","256"
"white_512_01","Light","","0","0.00","","","","","512"
"yellow light","Light","","0","0.00","","","","","700"
"yellow_1000_flicker","Light","","0","0.00","","","","","1000"
"yellow_1024_01","Light","","0","0.00","","","","","1024"
"yellow_128_01","Light","","0","0.00","","","","","128"
"yellow_256_01","Light","","0","0.00","","","","","256"
"yellow_256_pulse","Light","","0","0.00","","","","","256"
"yellow_512_01","Light","","0","0.00","","","","","512"
"Z","Light","","0","0.00","","","","","600"
