"ID","ItemType","Name","MinRange","MaxRange","Volume"
"alitMOAN","Sound","Cr\alit\moan.wav","0","0","1.00"
"alitROAR","Sound","Cr\alit\roar.wav","0","0","1.00"
"alitSCRM","Sound","Cr\alit\scrm.wav","0","0","1.00"
"Alma_att0","Sound","Cr\alamlexia\alamATT01.wav","0","0","1.00"
"Alma_att1","Sound","Cr\alamlexia\alamATT02.wav","0","0","1.00"
"Alma_att2","Sound","Cr\alamlexia\alamATT03.wav","0","0","1.00"
"Alma_hit0","Sound","Cr\alamlexia\alamHIT01.wav","0","0","1.00"
"Alma_hit1","Sound","Cr\alamlexia\alamHIT02.wav","0","0","1.00"
"Alma_hit2","Sound","Cr\alamlexia\alamHIT03.wav","0","0","1.00"
"alteration area","Sound","Fx\magic\altrA.wav","30","90","1.00"
"alteration bolt","Sound","Fx\magic\altrT.wav","30","100","1.00"
"alteration cast","Sound","Fx\magic\altrC.wav","0","0","1.00"
"alteration hit","Sound","Fx\magic\altrH.wav","30","100","1.00"
"Ambient Factory Ruins","Sound","Fx\envrn\factCREAK.wav","5","150","1.00"
"ancestor ghost moan","Sound","Cr\ancghst\moan.wav","0","0","1.00"
"ancestor ghost roar","Sound","Cr\ancghst\roar.wav","0","0","1.00"
"ancestor ghost scream","Sound","Cr\ancghst\scrm.wav","0","0","1.00"
"animalLARGEleft","Sound","Fx\FOOT\anmlLRGleft.wav","0","0","1.00"
"animalLARGEright","Sound","Fx\FOOT\anmlLRGright.wav","0","0","1.00"
"animalSMALLleft","Sound","Fx\FOOT\anmlSMLleft.wav","0","0","1.00"
"animalSMALLright","Sound","Fx\FOOT\anmlSMLright.wav","0","0","1.00"
"ash ghoul moan","Sound","Cr\ashgl\moan.wav","0","0","1.00"
"ash ghoul roar","Sound","Cr\ashgl\roar.wav","0","0","1.00"
"ash ghoul scream","Sound","Cr\ashgl\scrm.wav","0","0","1.00"
"ash slave moan","Sound","Cr\ashslv\moan.wav","0","0","1.00"
"ash slave roar","Sound","Cr\ashslv\roar.wav","0","0","1.00"
"ash slave scream","Sound","Cr\ashslv\scrm.wav","0","0","1.00"
"ash vampire moan","Sound","Cr\ashvamp\moan.wav","0","0","1.00"
"ash vampire roar","Sound","Cr\ashvamp\roar.wav","0","0","1.00"
"ash vampire scream","Sound","Cr\ashvamp\scrm.wav","0","0","1.00"
"ash zombie moan","Sound","Cr\ashzm\moan.wav","0","0","1.00"
"ash zombie roar","Sound","Cr\ashzm\roar.wav","0","0","1.00"
"ash zombie scream","Sound","Cr\ashzm\scrm.wav","0","0","1.00"
"Ashstorm","Sound","Fx\envrn\wind_lt.wav","0","0","0.50"
"atroflame moan","Sound","Cr\atrofl\moan.wav","0","0","1.00"
"atroflame roar","Sound","Cr\atrofl\roar.wav","0","0","1.00"
"atroflame scream","Sound","Cr\atrofl\scrm.wav","0","0","1.00"
"atrofrost moan","Sound","Cr\atrofr\moan.wav","0","0","1.00"
"atrofrost roar","Sound","Cr\atrofr\roar.wav","0","0","1.00"
"atrofrost scream","Sound","Cr\atrofr\scrm.wav","0","0","1.00"
"atrostorm moan","Sound","Cr\atrost\moan.wav","0","0","1.00"
"atrostorm roar","Sound","Cr\atrost\roar.wav","0","0","1.00"
"atrostorm scream","Sound","Cr\atrost\scrm.wav","0","0","1.00"
"bear moan","Sound","Cr\bear\moan.wav","0","0","1.00"
"bear roar","Sound","Cr\bear\roar.wav","0","0","1.00"
"bear scream","Sound","Cr\bear\scrm.wav","0","0","1.00"
"bearsniff","Sound","Fx\bearsniff.wav","0","0","1.00"
"bell1","Sound","Fx\envrn\bell1.wav","10","50","1.00"
"bell2","Sound","Fx\envrn\bell2.wav","10","50","1.00"
"bell3","Sound","Fx\envrn\bell3.wav","10","50","1.00"
"bell4","Sound","Fx\envrn\bell4.wav","10","50","1.00"
"bell5","Sound","Fx\envrn\bell5.wav","10","50","1.00"
"bell6","Sound","Fx\envrn\bell6.wav","10","50","1.00"
"blackoutin","Sound","Fx\envrn\blackoutin.wav","0","0","1.00"
"Blight","Sound","Fx\envrn\wind_hvy.wav","0","0","0.50"
"BM big fire","Sound","Fx\bm_large_fire.wav","0","0","1.00"
"BM Blizzard","Sound","Fx\envrn\blight.wav","0","0","0.50"
"BM Nord attack","Sound","Fx\BM_nord_attack.wav","0","0","1.00"
"BM Nord attackF","Sound","Fx\BM_Nord_attack_F.wav","0","0","1.00"
"BM pipe large","Sound","Fx\bm_pipe01.wav","0","0","1.00"
"BM pipe medium","Sound","Fx\bm_pipe00.wav","0","0","1.00"
"BM pipe small","Sound","Fx\bm_pipe02.wav","0","0","1.00"
"BM Sun","Sound","Fx\icecollapse.wav","0","0","1.00"
"BM Wilderness","Sound","Fx\bm_amb00.wav","0","0","1.00"
"BM Wilderness2","Sound","Fx\bm_amb01.wav","0","0","1.00"
"BM Wilderness3","Sound","Fx\bm_amb02.wav","0","0","1.00"
"BM Wind","Sound","Fx\bm_wind00.wav","0","0","1.00"
"BM_Ice_Sheet","Sound","Fx\icecracking.wav","0","0","1.00"
"boar moan","Sound","Cr\boar\moan.wav","0","0","1.00"
"boar roar","Sound","Cr\boar\roar.wav","0","0","1.00"
"boar scream","Sound","Cr\boar\scrm.wav","0","0","1.00"
"boarsniff","Sound","Fx\boarsniff.wav","0","0","1.00"
"Boat Creak","Sound","Fx\envrn\dockCREAK.wav","0","0","0.70"
"boat docked","Sound","Fx\envrn\dockCREAK.wav","0","0","0.70"
"Boat Hull","Sound","Fx\envrn\boat_waves.wav","0","0","0.70"
"Body Fall Large","Sound","Fx\bodyfallHVY.wav","0","0","1.00"
"Body Fall Medium","Sound","Fx\bodyfallMED.wav","0","0","1.00"
"Body Fall Small","Sound","Fx\bodyfallSML.wav","0","0","1.00"
"bonelord moan","Sound","Cr\bnlrd\moan.wav","0","0","1.00"
"bonelord roar","Sound","Cr\bnlrd\roar.wav","0","0","1.00"
"bonelord scream","Sound","Cr\bnlrd\scrm.wav","0","0","1.00"
"bonewalkerMOAN","Sound","Cr\bnwlk\moan.wav","0","0","1.00"
"bonewalkerROAR","Sound","Cr\bnwlk\roar.wav","0","0","1.00"
"bonewalkerSCRM","Sound","Cr\bnwlk\scrm.wav","0","0","1.00"
"bonewalkerWAR moan","Sound","Cr\bnwlkw\moan.wav","0","0","1.00"
"bonewalkerWAR roar","Sound","Cr\bnwlkw\roar.wav","0","0","1.00"
"bonewalkerWAR scream","Sound","Cr\bnwlkw\scrm.wav","0","0","1.00"
"book close","Sound","Fx\item\bookclose.wav","0","0","0.80"
"book open","Sound","Fx\item\bookopen.wav","0","0","0.80"
"book page","Sound","Fx\item\bookpag1.wav","0","0","0.70"
"book page2","Sound","Fx\item\bookpag2.wav","0","0","0.70"
"bowPull","Sound","Fx\item\bowpull.wav","0","0","1.00"
"bowShoot","Sound","Fx\item\bowshoot.wav","0","0","1.00"
"Bubbles","Sound","Fx\envrn\lava_flow2.wav","10","100","1.00"
"Cave Drip","Sound","Fx\envrn\cave_drip.wav","5","100","0.80"
"Cave Wind","Sound","Fx\envrn\cave_wind.wav","5","50","0.80"
"Cave_Waterfall","Sound","Fx\envrn\watrfallSML.wav","5","30","0.60"
"cavein","Sound","Fx\REGN\rocks8.wav","5","150","1.00"
"cent proj moan","Sound","Cr\centsphr\moan.wav","0","0","1.00"
"cent proj roar","Sound","Cr\centsphr\roar.wav","0","0","1.00"
"cent proj scream","Sound","Cr\centsphr\scrm.wav","0","0","1.00"
"cent proj shoot","Sound","Cr\centPROJ\centPROJshoot.wav","0","0","1.00"
"cent sphere moan","Sound","Cr\centsphr\moan.wav","0","0","1.00"
"cent sphere roar","Sound","Cr\centsphr\roar.wav","0","0","1.00"
"cent sphere scream","Sound","Cr\centsphr\scrm.wav","0","0","1.00"
"cent spider moan","Sound","Cr\centspd\moan.wav","0","0","1.00"
"cent spider roar","Sound","Cr\centspd\roar.wav","0","0","1.00"
"cent spider scream","Sound","Cr\centspd\scrm.wav","0","0","1.00"
"cent steam fall","Sound","Cr\centstm\steamfall.wav","0","0","1.00"
"cent steam moan","Sound","Cr\centstm\moan.wav","0","0","1.00"
"cent steam roar","Sound","Cr\centstm\roar.wav","0","0","1.00"
"cent steam scream","Sound","Cr\centstm\scrm.wav","0","0","1.00"
"chest close","Sound","Fx\chest_cls.wav","0","0","1.00"
"chest open","Sound","Fx\chest_opn.wav","0","0","1.00"
"chimes wood","Sound","Fx\envrn\woodchimes.wav","10","60","1.00"
"clannfear moan","Sound","Cr\clannf\moan.wav","0","0","1.00"
"clannfear roar","Sound","Cr\clannf\roar.wav","0","0","1.00"
"clannfear scream","Sound","Cr\clannf\scrm.wav","0","0","1.00"
"cliff racer moan","Sound","Cr\cliffr\moan.wav","0","0","1.00"
"cliff racer roar","Sound","Cr\cliffr\roar.wav","0","0","1.00"
"cliff racer scream","Sound","Cr\cliffr\scrm.wav","0","0","1.00"
"conjuration area","Sound","Fx\magic\conjA.wav","30","90","1.00"
"conjuration bolt","Sound","Fx\magic\conjT.wav","30","100","1.00"
"conjuration cast","Sound","Fx\magic\conjC.wav","0","0","1.00"
"conjuration hit","Sound","Fx\magic\conjH.wav","30","100","1.00"
"corpDRAG","Sound","Cr\corp\corpDRAG.wav","0","0","1.00"
"corpus stalker moan","Sound","Cr\corpstlk\moan.wav","0","0","1.00"
"corpus stalker roar","Sound","Cr\corpstlk\roar.wav","0","0","1.00"
"corpus stalker scream","Sound","Cr\corpstlk\scrm.wav","0","0","1.00"
"corpuslameMOAN","Sound","Cr\corp\moan.wav","0","0","1.00"
"corpuslameROAR","Sound","Cr\corp\roar.wav","0","0","1.00"
"corpuslameSCRM","Sound","Cr\corp\scrm.wav","0","0","1.00"
"Creeky Wood","Sound","Fx\envrn\boat_crk2.wav","0","0","0.80"
"critical damage","Sound","Fx\criticalDMG.wav","0","0","1.00"
"crossbowPull","Sound","Fx\item\cbowpull.wav","0","0","1.00"
"crossbowShoot","Sound","Fx\item\cbowshoot.wav","0","0","1.00"
"crowd booing","Sound","Fx\boo.wav","0","0","1.00"
"CrowdBoo","Sound","Fx\boo.wav","0","0","1.00"
"Crystal Ringing","Sound","Fx\envrn\crystal1.wav","5","30","0.60"
"Daedric Chant","Sound","Fx\envrn\chant.wav","5","60","1.00"
"daedroth moan","Sound","Cr\daed\moan.wav","0","0","1.00"
"daedroth roar","Sound","Cr\daed\roar.wav","0","0","1.00"
"daedroth scream","Sound","Cr\daed\scrm.wav","0","0","1.00"
"Dagoth Ur Moan","Sound","Cr\dagoth\Hit_DU016.wav","0","0","1.00"
"Dagoth Ur Scream","Sound","Cr\dagoth\Hit_DU017.wav","0","0","1.00"
"Default Moan","Sound","Cr\alit\moan.wav","0","0","1.00"
"Default Roar","Sound","Cr\alit\roar.wav","0","0","1.00"
"Default Scream","Sound","Cr\alit\scrm.wav","0","0","1.00"
"DefaultLand","Sound","Fx\bodyfallMED.wav","0","0","1.00"
"DefaultLandWater","Sound","Fx\FOOT\splsh.wav","0","0","1.00"
"destruction area","Sound","Fx\magic\destA.wav","30","90","1.00"
"destruction bolt","Sound","Fx\magic\destT.wav","30","100","1.00"
"destruction cast","Sound","Fx\magic\destC.wav","0","0","1.00"
"destruction hit","Sound","Fx\magic\destH.wav","30","100","1.00"
"Disarm Trap","Sound","Fx\disarm.wav","0","0","1.00"
"Disarm Trap Fail","Sound","Fx\trans\lever.wav","0","0","1.00"
"Dock Creak","Sound","Fx\envrn\dockCREAK.wav","0","0","0.70"
"Door Creaky Close","Sound","Fx\trans\drcreak_cls.wav","0","0","1.00"
"Door Creaky Open","Sound","Fx\trans\drcreak_opn.wav","0","0","1.00"
"Door Heavy Close","Sound","Fx\trans\drhvy_cls.wav","0","0","1.00"
"Door Heavy Open","Sound","Fx\trans\drhvy_opn.wav","0","0","1.00"
"Door Latched One Close","Sound","Fx\trans\drlatch_cls.wav","0","0","1.00"
"Door Latched One Open","Sound","Fx\trans\drlatch_opn.wav","0","0","1.00"
"Door Latched Two Close","Sound","Fx\trans\drlatch_cls2.wav","0","0","1.00"
"Door Latched Two Open","Sound","Fx\trans\drlatch_opn2.wav","0","0","1.00"
"Door Metal Close","Sound","Fx\trans\drmtl_cls.wav","0","0","1.00"
"Door Metal Open","Sound","Fx\trans\drmtl_opn.wav","0","0","1.00"
"Door Stone Close","Sound","Fx\trans\drstn_cls.wav","0","0","1.00"
"Door Stone Open","Sound","Fx\trans\drstn_opn.wav","0","0","1.00"
"dremora moan","Sound","Cr\drem\moan.wav","0","0","1.00"
"dremora roar","Sound","Cr\drem\roar.wav","0","0","1.00"
"dremora scream","Sound","Cr\drem\scrm.wav","0","0","1.00"
"dreugh moan","Sound","Cr\druegh\moan.wav","0","0","1.00"
"dreugh roar","Sound","Cr\druegh\roar.wav","0","0","1.00"
"dreugh scream","Sound","Cr\druegh\scrm.wav","0","0","1.00"
"drgr moan","Sound","Cr\drgr\moan.wav","0","0","1.00"
"drgr roar","Sound","Cr\drgr\roar.wav","0","0","1.00"
"drgr scream","Sound","Cr\drgr\scrm.wav","0","0","1.00"
"Drink","Sound","Fx\item\drink.wav","0","0","1.00"
"drown","Sound","Fx\drown.wav","0","0","1.00"
"drowning damage","Sound","Fx\drown_DMG.wav","0","0","1.00"
"dwarven ghost moan","Sound","Cr\dwrvg\moan.wav","0","0","1.00"
"dwarven ghost roar","Sound","Cr\dwrvg\roar.wav","0","0","1.00"
"dwarven ghost scream","Sound","Cr\dwrvg\scrm.wav","0","0","1.00"
"Dwe_waterfall","Sound","Fx\envrn\watrfall.wav","255","255","1.00"
"Dwemer Door Close","Sound","Fx\trans\drfact_cls.wav","0","0","1.00"
"Dwemer Door Open","Sound","Fx\trans\drfact_opn.wav","0","0","1.00"
"Dwemer Fan","Sound","Fx\envrn\Dwemer_Fan.wav","5","200","1.00"
"enchant fail","Sound","Fx\magic\enchantFAIL.wav","0","0","1.00"
"enchant success","Sound","Fx\magic\enchant.wav","0","0","1.00"
"endboom1","Sound","Fx\boom1.wav","255","255","1.00"
"endboom2","Sound","Fx\boom3.wav","255","255","1.00"
"endboom3","Sound","Fx\boom2.wav","255","255","1.00"
"endboom4","Sound","Fx\boom4.wav","255","255","1.00"
"endrumble","Sound","Fx\envrn\endrumble.wav","255","255","1.00"
"FabBossAlive","Sound","Cr\fabBoss\FabBossAlive.wav","0","0","1.00"
"FabBossClank","Sound","Fx\FabBossClank.wav","0","0","1.00"
"fabBossDead","Sound","Cr\fabBoss\FabBossDead.wav","255","255","1.00"
"FabBossGyro","Sound","Fx\FabBossGryo.wav","0","0","1.00"
"FabBossHit","Sound","Cr\fabBoss\FabBossHit.wav","0","0","1.00"
"fabBossLeft","Sound","Cr\fabBoss\FabBossStepLeft.wav","255","255","1.00"
"fabBossRight","Sound","Cr\fabBoss\FabBossStepRight.wav","255","255","1.00"
"FabBossRoar","Sound","Cr\fabBoss\FabBossRoar.wav","255","255","1.00"
"FabBossWhir","Sound","Fx\FabBossWhir.wav","0","0","1.00"
"FabHulkLeft","Sound","Cr\fabHulk\fabHulkFoot01.wav","0","0","1.00"
"fabHulkMoan","Sound","Cr\fabHulk\fabHulkMoan.wav","0","0","1.00"
"FabHulkRight","Sound","Cr\fabHulk\fabHulkFoot02.wav","0","0","1.00"
"fabHulkRoar","Sound","Cr\fabHulk\fabHulkRoar.wav","0","0","1.00"
"fabHulkScream","Sound","Cr\fabHulk\fabHulkScream.wav","0","0","1.00"
"fabVermLeft","Sound","Cr\fabVerm\fabVermLeft.wav","0","0","1.00"
"fabVermMoan","Sound","Cr\fabVerm\fabVermMoan.wav","0","0","1.00"
"fabVermRight","Sound","Cr\fabVerm\fabVermRight.wav","0","0","1.00"
"fabVermRoar","Sound","Cr\fabVerm\fabVermRoar.wav","0","0","1.00"
"fabVermScream","Sound","Cr\fabVerm\fabVermScream.wav","0","0","1.00"
"Fire","Sound","Fx\envrn\fire.wav","2","15","0.80"
"Fire 40","Sound","Fx\envrn\fire.wav","2","15","0.40"
"Fire 50","Sound","Fx\envrn\fire.wav","2","15","0.50"
"Flag","Sound","Fx\envrn\flag2.wav","0","0","1.00"
"Flies","Sound","Fx\envrn\flies.wav","0","0","0.50"
"FootBareLeft","Sound","Fx\FOOT\walkl_br.wav","0","0","0.90"
"FootBareRight","Sound","Fx\FOOT\walkr_br.wav","0","0","0.90"
"FootHeavyLeft","Sound","Fx\FOOT\walkl_hv.wav","0","0","1.00"
"FootHeavyRight","Sound","Fx\FOOT\walkr_hv.wav","0","0","1.00"
"FootLightLeft","Sound","Fx\FOOT\walkl_lt.wav","0","0","1.00"
"FootLightRight","Sound","Fx\FOOT\walkr_lt.wav","0","0","1.00"
"FootMedLeft","Sound","Fx\FOOT\walkl_md.wav","0","0","1.00"
"FootMedRight","Sound","Fx\FOOT\walkr_md.wav","0","0","1.00"
"FootWaterLeft","Sound","Fx\FOOT\swimLEFT.wav","0","0","1.00"
"FootWaterRight","Sound","Fx\FOOT\swimRIGHT.wav","0","0","1.00"
"forcefield","Sound","Fx\envrn\forcefield.wav","60","240","1.00"
"frgiant moan","Sound","Cr\frgt\moan.wav","0","0","1.00"
"frgiant roar","Sound","Cr\frgt\roar.wav","0","0","1.00"
"frgiant scream","Sound","Cr\frgt\scrm.wav","0","0","1.00"
"frgtLeft","Sound","Cr\frgt\frgtLeft.wav","0","0","1.00"
"frgtRight","Sound","Cr\frgt\frgtRight.wav","0","0","1.00"
"frost area","Sound","Fx\magic\frstA.wav","30","90","1.00"
"frost_bolt","Sound","Fx\magic\frstT.wav","30","100","1.00"
"frost_cast","Sound","Fx\magic\frstC.wav","0","0","1.00"
"frost_hit","Sound","Fx\magic\frstH.wav","30","100","1.00"
"Gate Large Locked","Sound","Fx\trans\lrg_gatelatch_lokd.wav","0","0","1.00"
"ghostgate sound","Sound","Fx\envrn\forcefield.wav","60","240","1.00"
"goblin large moan","Sound","Cr\gblnLRG\gblnLM.wav","0","0","1.00"
"goblin large roar","Sound","Cr\gblnLRG\gblnLR.wav","0","0","1.00"
"goblin large scream","Sound","Cr\gblnLRG\gblnLS.wav","0","0","1.00"
"goblin moan","Sound","Cr\gbln\gblnM.wav","0","0","1.00"
"goblin roar","Sound","Cr\gbln\gblnR.wav","0","0","1.00"
"goblin scream","Sound","Cr\gbln\gblnS.wav","0","0","1.00"
"gold saint moan","Sound","Cr\gldsnt\moan.wav","0","0","1.00"
"gold saint roar","Sound","Cr\gldsnt\roar.wav","0","0","1.00"
"gold saint scream","Sound","Cr\gldsnt\scrm.wav","0","0","1.00"
"gren moan","Sound","Cr\gren\moan.wav","0","0","1.00"
"gren roar","Sound","Cr\gren\roar.wav","0","0","1.00"
"gren scream","Sound","Cr\gren\scrm.wav","0","0","1.00"
"greneat","Sound","Fx\eating.wav","0","0","1.00"
"guar moan","Sound","Cr\guar\moan.wav","0","0","1.00"
"guar roar","Sound","Cr\guar\roar.wav","0","0","1.00"
"guar scream","Sound","Cr\guar\scrm.wav","0","0","1.00"
"Hand To Hand Hit","Sound","Fx\punch 1.wav","0","0","1.00"
"Hand to Hand Hit 2","Sound","Fx\punch 2.wav","0","0","1.00"
"Haunted","Sound","Fx\envrn\haunted.wav","0","0","1.00"
"Health Damage","Sound","Fx\body hit.wav","0","0","1.00"
"Heart","Sound","Fx\heart.wav","150","255","0.90"
"heartdead","Sound","Fx\heartdead.wav","255","255","1.00"
"hearthit1","Sound","Fx\hearthit1.wav","20","255","1.00"
"hearthit2","Sound","Fx\hearthit2.wav","20","255","1.00"
"hearthit3","Sound","Fx\hearthit3.wav","20","255","1.00"
"hearthit4","Sound","Fx\hearthit4.wav","20","255","1.00"
"heartsunder","Sound","Fx\heart2.wav","150","255","1.00"
"Heavy Armor Hit","Sound","Fx\Heavy Armor Hit.wav","0","0","1.00"
"hirc moan","Sound","Cr\hirc\moan.wav","0","0","1.00"
"hirc roar","Sound","Cr\hirc\roar.wav","0","0","1.00"
"hirc scream","Sound","Cr\hirc\scrm.wav","0","0","1.00"
"howl1","Sound","Fx\REGN\howl.wav","0","0","0.70"
"howl2","Sound","Fx\REGN\howl2.wav","0","0","0.70"
"howl3","Sound","Fx\REGN\howl3.wav","0","0","0.70"
"howl4","Sound","Fx\REGN\howl4.wav","0","0","0.40"
"howl5","Sound","Fx\REGN\howl5.wav","0","0","0.70"
"howl6","Sound","Fx\REGN\howl6.wav","0","0","0.70"
"howl7","Sound","Fx\REGN\howl7.wav","0","0","0.25"
"howl8","Sound","Fx\REGN\howl8.wav","0","0","0.70"
"hrkLeft","Sound","Cr\hrkr\hrkLeft.wav","0","0","1.00"
"hrkr moan","Sound","Cr\hrkr\moan.wav","0","0","1.00"
"hrkr roar","Sound","Cr\hrkr\roar.wav","0","0","1.00"
"hrkr scream","Sound","Cr\hrkr\scrm.wav","0","0","1.00"
"hrkrbellow","Sound","Fx\hork.wav","0","0","1.00"
"hrkRight","Sound","Cr\hrkr\hrkRight.wav","0","0","1.00"
"ice troll moan","Sound","Cr\icet\moan.wav","0","0","1.00"
"ice troll roar","Sound","Cr\icet\roar.wav","0","0","1.00"
"ice troll scream","Sound","Cr\icet\scrm.wav","0","0","1.00"
"illusion area","Sound","Fx\magic\illuA.wav","30","90","1.00"
"illusion bolt","Sound","Fx\magic\illuT.wav","30","100","1.00"
"illusion cast","Sound","Fx\magic\illuC.wav","0","0","1.00"
"illusion hit","Sound","Fx\magic\illuH.wav","30","100","1.00"
"Item Ammo Down","Sound","Fx\item\arrow2.wav","0","0","1.00"
"Item Ammo Up","Sound","Fx\item\arrow.wav","0","0","1.00"
"Item Apparatus Down","Sound","Fx\item\item.wav","0","0","1.00"
"Item Apparatus Up","Sound","Fx\item\item.wav","0","0","1.00"
"Item Armor Heavy Down","Sound","Fx\item\armrHVY.wav","0","0","1.00"
"Item Armor Heavy Up","Sound","Fx\item\armrHVY.wav","0","0","1.00"
"Item Armor Light Down","Sound","Fx\item\armrlite.wav","0","0","1.00"
"Item Armor Light Up","Sound","Fx\item\armrlite.wav","0","0","1.00"
"Item Armor Medium Down","Sound","Fx\item\armrmed.wav","0","0","1.00"
"Item Armor Medium Up","Sound","Fx\item\armrmed.wav","0","0","1.00"
"Item Bodypart Down","Sound","Fx\item\item.wav","0","0","1.00"
"Item Bodypart Up","Sound","Fx\item\item.wav","0","0","1.00"
"Item Book Down","Sound","Fx\item\bookclose.wav","0","0","1.00"
"Item Book Up","Sound","Fx\item\bookopen.wav","0","0","1.00"
"Item Clothes Down","Sound","Fx\item\clothes.wav","0","0","1.00"
"Item Clothes Up","Sound","Fx\item\clothes.wav","0","0","1.00"
"Item Gold Down","Sound","Fx\item\money.wav","0","0","1.00"
"Item Gold Up","Sound","Fx\item\money.wav","0","0","1.00"
"Item Ingredient Down","Sound","Fx\item\item.wav","0","0","1.00"
"Item Ingredient Up","Sound","Fx\item\item.wav","0","0","1.00"
"Item Lockpick Down","Sound","Fx\item\shrtblad.wav","0","0","0.70"
"Item Lockpick Up","Sound","Fx\item\shrtblad.wav","0","0","0.70"
"Item Misc Down","Sound","Fx\item\item.wav","0","0","1.00"
"Item Misc Up","Sound","Fx\item\item.wav","0","0","1.00"
"Item Potion Down","Sound","Fx\item\potion.wav","0","0","1.00"
"Item Potion Up","Sound","Fx\item\potion.wav","0","0","1.00"
"Item Probe Down","Sound","Fx\item\shrtblad.wav","0","0","0.70"
"Item Probe Up","Sound","Fx\item\shrtblad.wav","0","0","0.70"
"Item Repair Down","Sound","Fx\item\shrtblad.wav","0","0","1.00"
"Item Repair Up","Sound","Fx\item\shrtblad.wav","0","0","1.00"
"Item Ring Down","Sound","Fx\item\ring.wav","0","0","1.00"
"Item Ring Up","Sound","Fx\item\ring.wav","0","0","1.00"
"Item Weapon Blunt Down","Sound","Fx\item\axeAWAY.wav","0","0","1.00"
"Item Weapon Blunt Up","Sound","Fx\item\axeOUT.wav","0","0","1.00"
"Item Weapon Bow Down","Sound","Fx\item\bowAWAY.wav","0","0","1.00"
"Item Weapon Bow Up","Sound","Fx\item\bowOUT.wav","0","0","1.00"
"Item Weapon Crossbow Down","Sound","Fx\item\cbowAWAY.wav","0","0","1.00"
"Item Weapon Crossbow Up","Sound","Fx\item\cbowOUT.wav","0","0","1.00"
"Item Weapon Longblade Down","Sound","Fx\item\longbladAWAY.wav","0","0","1.00"
"Item Weapon Longblade Up","Sound","Fx\item\longbladOUT.wav","0","0","1.00"
"Item Weapon Shortblade Down","Sound","Fx\item\shrtbladAWAY.wav","0","0","1.00"
"Item Weapon Shortblade Up","Sound","Fx\item\shrtbladOUT.wav","0","0","1.00"
"Item Weapon Spear Down","Sound","Fx\item\spearAWAY.wav","0","0","1.00"
"Item Weapon Spear Up","Sound","Fx\item\spearOUT.wav","0","0","1.00"
"kagouti moan","Sound","Cr\kgout\moan.wav","0","0","1.00"
"kagouti roar","Sound","Cr\kgout\roar.wav","0","0","1.00"
"kagouti scream","Sound","Cr\kgout\scrm.wav","0","0","1.00"
"kwama forager slither","Sound","Cr\kwamf\slither.wav","0","0","1.00"
"kwamaF left","Sound","Cr\kwamf\slither.wav","0","0","0.80"
"kwamaF right","Sound","Cr\kwamf\slither.wav","0","0","0.20"
"kwamF moan","Sound","Cr\kwamf\moan.wav","0","0","1.00"
"kwamF roar","Sound","Cr\kwamf\roar.wav","0","0","1.00"
"kwamF scream","Sound","Cr\kwamf\scrm.wav","0","0","1.00"
"kwamQ moan","Sound","Cr\kwanq\moan.wav","0","0","1.00"
"kwamQ roar","Sound","Cr\kwanq\roar.wav","0","0","1.00"
"kwamQ scream","Sound","Cr\kwanq\scrm.wav","0","0","1.00"
"kwamWK moan","Sound","Cr\kwamwk\moan.wav","0","0","1.00"
"kwamWK roar","Sound","Cr\kwamwk\roar.wav","0","0","1.00"
"kwamWK scream","Sound","Cr\kwamwk\scrm.wav","0","0","1.00"
"kwamWR moan","Sound","Cr\kwamwr\moan.wav","0","0","1.00"
"kwamWR roar","Sound","Cr\kwamwr\roar.wav","0","0","1.00"
"kwamWR scream","Sound","Cr\kwamwr\scrm.wav","0","0","1.00"
"Lava Layer","Sound","Fx\envrn\lava_flow.wav","20","100","1.00"
"LeftL","Sound","Fx\FOOT\walkl_lt.wav","0","0","1.00"
"LeftM","Sound","Fx\FOOT\walkl_md.wav","0","0","1.00"
"LeftS","Sound","Fx\FOOT\walkl_br.wav","0","0","1.00"
"lich lord moan","Sound","Cr\lchlrd\lchlrdM.wav","0","0","1.00"
"lich lord roar","Sound","Cr\lchlrd\lchlrdR.wav","0","0","1.00"
"lich lord scream","Sound","Cr\lchlrd\lchlrdS.wav","0","0","1.00"
"Light Armor Hit","Sound","Fx\Light Armor Hit.wav","0","0","1.00"
"LockedChest","Sound","Fx\trans\contnr_lokd.wav","0","0","1.00"
"LockedDoor","Sound","Fx\trans\drlatch_lokd.wav","0","0","1.00"
"Machinery","Sound","Fx\envrn\factory.wav","5","60","1.00"
"magic sound","Sound","Fx\magic\sound.wav","0","0","1.00"
"Medium Armor Hit","Sound","Fx\Medium Armor Hit.wav","0","0","1.00"
"Menu Click","Sound","Fx\menu click.wav","0","0","0.50"
"Menu Size","Sound","Fx\Maximize.wav","0","0","0.80"
"miss","Sound","Fx\miss.wav","0","0","0.80"
"MournDayAmb","Sound","Fx\envrn\MournExtAmb.wav","60","1","1.00"
"MournGates","Sound","Fx\envrn\MournGatesOpen.wav","0","0","1.00"
"MournGatesClose","Sound","Fx\envrn\MournGatesClose.wav","0","0","1.00"
"MournNightAmb","Sound","Fx\envrn\MournExtAmbN.wav","60","1","1.00"
"MournSpray","Sound","Fx\envrn\MournFountain.wav","10","60","1.00"
"MournTempleAmb","Sound","Fx\envrn\MournTempleAmb.wav","10","20","0.40"
"mud bubbles","Sound","Fx\envrn\mudbubbles.wav","10","50","1.00"
"mudcrab moan","Sound","Cr\mdcrb\moan.wav","0","0","1.00"
"mudcrab roar","Sound","Cr\mdcrb\roar.wav","0","0","1.00"
"mudcrab scream","Sound","Cr\mdcrb\scrm.wav","0","0","1.00"
"mysticism area","Sound","Fx\magic\mystA.wav","30","90","1.00"
"mysticism bolt","Sound","Fx\magic\mystT.wav","30","100","1.00"
"mysticism cast","Sound","Fx\magic\mystC.wav","0","0","1.00"
"mysticism hit","Sound","Fx\magic\mystH.wav","30","100","1.00"
"netchBET moan","Sound","Cr\ntchbt\moan.wav","0","0","1.00"
"netchBET roar","Sound","Cr\ntchbt\roar.wav","0","0","1.00"
"netchBET scream","Sound","Cr\ntchbt\scrm.wav","0","0","1.00"
"netchBUL moan","Sound","Cr\ntchbl\moan.wav","0","0","1.00"
"netchBUL roar","Sound","Cr\ntchbl\roar.wav","0","0","1.00"
"netchBUL scream","Sound","Cr\ntchbl\scrm.wav","0","0","1.00"
"nix hound moan","Sound","Cr\nix\moan.wav","0","0","1.00"
"nix hound roar","Sound","Cr\nix\roar.wav","0","0","1.00"
"nix hound scream","Sound","Cr\nix\scrm.wav","0","0","1.00"
"ogrim moan","Sound","Cr\ogrim\moan.wav","0","0","1.00"
"ogrim roar","Sound","Cr\ogrim\roar.wav","0","0","1.00"
"ogrim scream","Sound","Cr\ogrim\scrm.wav","0","0","1.00"
"oil bubbly","Sound","Fx\envrn\mudbubbles.wav","5","150","1.00"
"Open Lock","Sound","Fx\trans\chain_pul2.wav","0","0","1.00"
"Open Lock Fail","Sound","Fx\trans\lever.wav","0","0","1.00"
"Pack","Sound","Fx\Bodyfal1.wav","0","0","1.00"
"potion fail","Sound","Fx\item\potionFAIL.wav","0","0","1.00"
"potion success","Sound","Fx\item\potion.wav","0","0","1.00"
"power hummer","Sound","Fx\envrn\forcefield.wav","5","150","1.00"
"Power Light","Sound","Fx\envrn\power_light.wav","5","30","0.80"
"Power light 50","Sound","Fx\envrn\power_light.wav","5","30","0.50"
"Rain","Sound","Fx\envrn\rain.wav","0","0","0.80"
"rain heavy","Sound","Fx\envrn\rainHVY.wav","0","0","1.00"
"rat moan","Sound","Cr\rat\moan.wav","0","0","1.00"
"rat roar","Sound","Cr\rat\roar.wav","0","0","1.00"
"rat scream","Sound","Cr\rat\scrm.wav","0","0","1.00"
"Repair","Sound","Fx\item\repair.wav","0","0","1.00"
"repair fail","Sound","Fx\item\repairFAIL.wav","0","0","1.00"
"restoration area","Sound","Fx\magic\restA.wav","30","90","1.00"
"restoration bolt","Sound","Fx\magic\restT.wav","30","100","1.00"
"restoration cast","Sound","Fx\magic\restC.wav","0","0","1.00"
"restoration hit","Sound","Fx\magic\restH.wav","30","100","1.00"
"riek moan","Sound","Cr\riek\moan.wav","0","0","1.00"
"riek roar","Sound","Cr\riek\roar.wav","0","0","1.00"
"riek scream","Sound","Cr\riek\scrm.wav","0","0","1.00"
"RightL","Sound","Fx\FOOT\walkr_lt.wav","0","0","1.00"
"RightM","Sound","Fx\FOOT\walkr_md.wav","0","0","1.00"
"RightS","Sound","Fx\FOOT\walkr_br.wav","0","0","1.00"
"rmnt moan","Sound","Cr\rmnt\moan.wav","0","0","1.00"
"rmnt roar","Sound","Cr\rmnt\roar.wav","0","0","1.00"
"rmnt scream","Sound","Cr\rmnt\scrm.wav","0","0","1.00"
"rock and roll","Sound","Fx\REGN\rocks4.wav","5","255","1.00"
"rocks1","Sound","Fx\REGN\rocks1.wav","0","0","0.60"
"rocks2","Sound","Fx\REGN\rocks2.wav","0","0","0.60"
"rocks3","Sound","Fx\REGN\rocks3.wav","0","0","0.60"
"rocks4","Sound","Fx\REGN\rocks4.wav","0","0","0.60"
"rocks5","Sound","Fx\REGN\rocks5.wav","0","0","0.60"
"rocks6","Sound","Fx\REGN\rocks6.wav","0","0","0.60"
"rocks7","Sound","Fx\REGN\rocks7.wav","0","0","0.60"
"rocks8","Sound","Fx\REGN\rocks8.wav","0","0","0.60"
"ropebridge","Sound","Fx\envrn\bridgebreak.wav","255","255","1.00"
"rumble1","Sound","Fx\REGN\rumble.wav","0","0","1.00"
"rumble2","Sound","Fx\REGN\rumble2.wav","0","0","1.00"
"rumble3","Sound","Fx\REGN\rumble3.wav","0","0","1.00"
"rumble4","Sound","Fx\REGN\rumble4.wav","0","0","1.00"
"SatchelBlast","Sound","Fx\satchel_blast.wav","255","255","1.00"
"scamp moan","Sound","Cr\scamp\moan.wav","0","0","0.80"
"scamp roar","Sound","Cr\scamp\roar.wav","0","0","0.80"
"scamp scream","Sound","Cr\scamp\scrm.wav","0","0","0.80"
"scrib moan","Sound","Cr\scrib\moan.wav","0","0","1.00"
"scrib roar","Sound","Cr\scrib\roar.wav","0","0","1.00"
"scrib scream","Sound","Cr\scrib\scrm.wav","0","0","1.00"
"scribLEFT","Sound","Cr\scrib\scribLEFT.wav","0","0","1.00"
"scribRIGHT","Sound","Cr\scrib\scribRIGHT.wav","0","0","1.00"
"scroll","Sound","Fx\item\bookpag2.wav","0","0","1.00"
"shalk moan","Sound","Cr\shalk\moan.wav","0","0","1.00"
"shalk roar","Sound","Cr\shalk\roar.wav","0","0","1.00"
"shalk scream","Sound","Cr\shalk\scrm.wav","0","0","1.00"
"shock area","Sound","Fx\magic\shokA.wav","30","90","1.00"
"shock bolt","Sound","Fx\magic\shokT.wav","30","100","1.00"
"shock cast","Sound","Fx\magic\shokC.wav","0","0","1.00"
"shock hit","Sound","Fx\magic\shokH.wav","30","100","1.00"
"Silt_1","Sound","Cr\silt\silt01.wav","20","100","1.00"
"Silt_2","Sound","Cr\silt\silt02.wav","20","100","1.00"
"Silt_3","Sound","Cr\silt\silt03.wav","10","100","1.00"
"Sixth_Bell","Sound","Fx\envrn\bell1.wav","10","50","1.00"
"SkaalAttackNoise","Sound","Fx\SkaalWolfAttack.wav","0","0","1.00"
"skeleton moan","Sound","Cr\skel\moan.wav","0","0","1.00"
"skeleton roar","Sound","Cr\skel\roar.wav","0","0","1.00"
"skeleton scream","Sound","Cr\skel\scrm.wav","0","0","1.00"
"skillraise","Sound","Fx\inter\levelUP.wav","0","0","1.00"
"slaughterfish moan","Sound","Cr\slfish\moan.wav","0","0","1.00"
"slaughterfish roar","Sound","Cr\slfish\roar.wav","0","0","1.00"
"slaughterfish scream","Sound","Cr\slfish\scrm.wav","0","0","1.00"
"sludgeworm fall","Sound","Cr\sludge\sludgeFALL.wav","0","0","1.00"
"sludgeworm left","Sound","Cr\sludge\sludgeLEFT.wav","0","0","1.00"
"sludgeworm moan","Sound","Cr\sludge\slydgeM.wav","0","0","1.00"
"sludgeworm right","Sound","Cr\sludge\sludgeRIGHT.wav","0","0","1.00"
"sludgeworm roar","Sound","Cr\sludge\sludgeR.wav","0","0","1.00"
"sludgeworm scream","Sound","Cr\sludge\sludgeS.wav","0","0","1.00"
"SothaAmbient","Sound","Fx\envrn\SothaAmbient.wav","255","255","0.50"
"SothaBlade","Sound","Fx\envrn\SothaBlade.wav","255","255","1.00"
"SothaBladeRoll","Sound","Fx\envrn\lava_flow.wav","255","255","1.00"
"SothaDoorClose","Sound","Fx\envrn\SothaDoorClose.wav","255","255","1.00"
"SothaDoorOpen","Sound","Fx\envrn\SothaDoorOpen.wav","255","255","1.00"
"SothaFabMachine","Sound","Fx\envrn\SothaFabMachine.wav","255","255","1.00"
"SothaGear","Sound","Fx\envrn\SothaGear.wav","5","150","1.00"
"SothaGiantBlade","Sound","Fx\envrn\SothaGiantBlade.wav","255","255","1.00"
"SothaLab","Sound","Fx\envrn\SothaLabAmbient.wav","5","255","1.00"
"SothaLever","Sound","Fx\envrn\SothaLever.wav","5","150","1.00"
"SothaSpark","Sound","Fx\envrn\SothaSparks.wav","5","150","1.00"
"SothaSpikes","Sound","Fx\envrn\SothaSpikes.wav","5","150","1.00"
"Sound Test","Sound","Fx\Jetsons Doorbell.wav","0","0","1.00"
"Sound Test Loop","Sound","Fx\enghum.wav","0","0","1.00"
"sound_boat_creak","Sound","Fx\envrn\boat_crk4.wav","0","0","0.80"
"Spell Failure Alteration","Sound","Fx\magic\altrFAIL.wav","0","0","1.00"
"Spell Failure Conjuration","Sound","Fx\magic\conjFAIL.wav","0","0","1.00"
"Spell Failure Destruction","Sound","Fx\magic\destFAIL.wav","0","0","1.00"
"Spell Failure Illusion","Sound","Fx\magic\illuFAIL.wav","0","0","1.00"
"Spell Failure Mysticism","Sound","Fx\magic\mystFAIL.wav","0","0","1.00"
"Spell Failure Restoration","Sound","Fx\magic\restFAIL.wav","0","0","1.00"
"spellmake fail","Sound","Fx\magic\mystFAIL.wav","0","0","1.00"
"spellmake success","Sound","Fx\magic\mystH.wav","0","0","1.00"
"spiderATTACK1","Sound","Cr\centspd\spidATTACK1.wav","0","0","1.00"
"spiderATTACK2","Sound","Cr\centspd\spidATTACK2.wav","0","0","1.00"
"spiderLEFT","Sound","Cr\centspd\spidLEFT.wav","0","0","1.00"
"spiderRIGHT","Sound","Cr\centspd\spidRIGHT.wav","0","0","1.00"
"Spirit Ambient Voices","Sound","Fx\envrn\hauntedWHSPR.wav","0","0","1.00"
"spriggan moan","Sound","Cr\sggn\moan.wav","0","0","1.00"
"spriggan resurrect","Sound","Cr\sggn\sggn magic.wav","0","0","1.00"
"spriggan roar","Sound","Cr\sggn\roar.wav","0","0","1.00"
"spriggan scream","Sound","Cr\sggn\scrm.wav","0","0","1.00"
"sprigganmagic","Sound","Fx\sggnmagic.wav","0","0","1.00"
"Steam","Sound","Fx\envrn\steam.wav","5","40","0.70"
"steamATTACK1","Sound","Cr\centstm\steamATTACK.wav","0","0","1.00"
"steamATTACK2","Sound","Cr\centstm\steamATTACK2.wav","0","0","1.00"
"steamLEFT","Sound","Cr\centstm\steamLEFT.wav","0","0","1.00"
"steamRIGHT","Sound","Cr\centstm\steamRIGHT.wav","0","0","1.00"
"steamROLL","Sound","Cr\centsphr\steamROLL.wav","0","0","1.00"
"Stone Door Open 1","Sound","Fx\Stone01.wav","0","0","1.00"
"StoneSound","Sound","Fx\BMstone.wav","0","0","1.00"
"Swallow","Sound","Fx\item\swallow.wav","0","0","1.00"
"swamp 1","Sound","Fx\envrn\swamp01.wav","0","2","0.45"
"swamp 2","Sound","Fx\envrn\swamp02.wav","1","2","0.45"
"swamp 3","Sound","Fx\envrn\swamp03.wav","1","2","0.45"
"Swim Left","Sound","Fx\FOOT\swimLEFT.wav","0","0","1.00"
"Swim Right","Sound","Fx\FOOT\swimRIGHT.wav","0","0","1.00"
"SwishL","Sound","Fx\swoosh 3.wav","0","0","1.00"
"SwishM","Sound","Fx\swoosh 1.wav","0","0","1.00"
"SwishS","Sound","Fx\swoosh 2.wav","0","0","1.00"
"T_SndCrea_ArmunKagoutiMoan","Sound","TR\r\armunkgti_moan.wav","0","0","1.00"
"T_SndCrea_ArmunKagoutiRoar","Sound","TR\r\armunkgti_roar.wav","0","0","1.00"
"T_SndCrea_ArmunKagoutiScream","Sound","TR\r\armunkgti_scrm.wav","0","0","1.00"
"T_SndCrea_BatLeft","Sound","pc\cr\bat_left.wav","0","0","1.00"
"T_SndCrea_BatMoan","Sound","pc\cr\bat_moan.WAV","0","0","1.00"
"T_SndCrea_BatRight","Sound","pc\cr\bat_right.wav","0","0","1.00"
"T_SndCrea_BatRoar","Sound","pc\cr\bat_roar.wav","0","0","1.00"
"T_SndCrea_BatScream","Sound","pc\cr\bat_scream.wav","0","0","1.00"
"T_SndCrea_Bees1","Sound","Sky\beehive.WAV","0","0","1.00"
"T_SndCrea_CattleMoan","Sound","pc\cr\cow_moan.WAV","0","0","1.00"
"T_SndCrea_CattleScream","Sound","pc\cr\cow_scream.wav","0","0","1.00"
"T_SndCrea_ChickenMoan","Sound","Sky\Cr\chickenMOAN.wav","0","0","1.00"
"T_SndCrea_ChickenRoar","Sound","Sky\Cr\chickenROAR.wav","0","0","1.00"
"T_SndCrea_ChickenScream","Sound","Sky\Cr\chickenScream.wav","0","0","1.00"
"T_SndCrea_CvTrollMoan","Sound","TR\r\cavetroll_moan.wav","0","0","1.00"
"T_SndCrea_CvTrollRoar","Sound","TR\r\cavetroll_roar.wav","0","0","1.00"
"T_SndCrea_CvTrollScream","Sound","TR\r\cavetroll_scrm.wav","0","0","1.00"
"T_SndCrea_CvTrollWalkL","Sound","TR\r\cavetroll_left.wav","0","0","1.00"
"T_SndCrea_CvTrollWalkR","Sound","TR\r\cavetroll_right.wav","0","0","1.00"
"T_SndCrea_DaedricBatFlap","Sound","TR\r\daedric bat move.wav","0","0","1.00"
"T_SndCrea_DaedricBatMoan","Sound","TR\r\daebat moan.wav","0","0","1.00"
"T_SndCrea_DaedricBatRoar","Sound","TR\r\daebat roar.wav","0","0","1.00"
"T_SndCrea_DaedricBatScream","Sound","TR\r\daebat scream.wav","0","0","1.00"
"T_SndCrea_DonkeyMoan","Sound","PC\Cr\donkey_moan.wav","0","0","1.00"
"T_SndCrea_DridreaMatriMoan","Sound","TR\r\dridrea matri moan.wav","0","0","1.00"
"T_SndCrea_DridreaMatriRoar","Sound","TR\r\dridrea matri roar.wav","0","0","1.00"
"T_SndCrea_DridreaMatriScream","Sound","TR\r\dridrea matri scream.wav","0","0","1.00"
"T_SndCrea_DridreaMoan","Sound","TR\r\dridrea moan.wav","0","0","1.00"
"T_SndCrea_DridreaRoar","Sound","TR\r\dridrea roar.wav","0","0","1.00"
"T_SndCrea_DridreaScream","Sound","TR\r\dridrea scream.wav","0","0","1.00"
"T_SndCrea_DridreaSpawnMoan","Sound","TR\r\dridrea spawn moan.wav","0","0","1.00"
"T_SndCrea_DridreaSpawnRoar","Sound","TR\r\dridrea matri roar.wav","0","0","1.00"
"T_SndCrea_DridreaSpawnScream","Sound","TR\r\dridrea spawn scream.wav","0","0","1.00"
"T_SndCrea_DwemerExplodoMoan","Sound","TR\r\explodo_move.wav","0","0","1.00"
"T_SndCrea_ElkMoan","Sound","sky\cr\elk_moan.wav","0","0","1.00"
"T_SndCrea_ElkScream","Sound","sky\cr\elk_scream.wav","0","0","1.00"
"T_SndCrea_FishSwimLeft","Sound","TR\r\fish swim left.wav","0","0","1.00"
"T_SndCrea_FishSwimRight","Sound","TR\r\fish swim right.wav","0","0","1.00"
"T_SndCrea_GiantLeft","Sound","Sky\Cr\Sky_Giant_left.wav","0","0","1.00"
"T_SndCrea_GiantMoan","Sound","Sky\Cr\Sky_Giant_Moan.wav","0","0","1.00"
"T_SndCrea_GiantRight","Sound","Sky\Cr\Sky_Giant_Right.wav","0","0","1.00"
"T_SndCrea_GiantRoar","Sound","Sky\Cr\Sky_Giant_Roar.wav","0","0","1.00"
"T_SndCrea_GiantScream","Sound","Sky\Cr\Sky_Giant_Scream.wav","0","0","1.00"
"T_SndCrea_GoatMoan","Sound","Sky\Cr\goat_moan.wav","0","0","1.00"
"T_SndCrea_GuardianMoan","Sound","Cr\gren\moan.wav","0","0","1.00"
"T_SndCrea_GuardianRoar","Sound","Cr\gren\roar.wav","0","0","1.00"
"T_SndCrea_GuardianScream","Sound","Cr\gren\scrm.wav","0","0","1.00"
"T_SndCrea_HagravenMoan","Sound","Sky\Cr\hagraven_moan.wav","0","0","1.00"
"T_SndCrea_HagravenRoar","Sound","Sky\Cr\hagraven_roar.wav","0","0","1.00"
"T_SndCrea_HagravenScream","Sound","Sky\Cr\hagraven_scream.wav","0","0","1.00"
"T_SndCrea_HorseMoan","Sound","PC\Cr\horse_moan.wav","0","0","1.00"
"T_SndCrea_HorseRoar","Sound","PC\Cr\horse_roar.wav","0","0","1.00"
"T_SndCrea_HorseScream","Sound","PC\Cr\horse_scream.wav","0","0","1.00"
"T_SndCrea_JRSMoan","Sound","TR\r\JRS-moan.wav","0","0","1.00"
"T_SndCrea_JRSRoar","Sound","TR\r\JRS-roar.wav","0","0","1.00"
"T_SndCrea_MammothMoan","Sound","Sky\Cr\mammoth_moan.wav","0","0","1.00"
"T_SndCrea_MammothRoar","Sound","Sky\Cr\mammoth_roar.wav","0","0","1.00"
"T_SndCrea_MammothScream","Sound","Sky\Cr\mammoth_scream.wav","0","0","1.00"
"T_SndCrea_MolecrabMoan","Sound","TR\r\molecrab moan.wav","0","0","1.00"
"T_SndCrea_MouseMoan","Sound","TR\r\mouse moan.wav","0","0","1.00"
"T_SndCrea_MouseScream","Sound","TR\r\mouse scream.wav","0","0","1.00"
"T_SndCrea_MummyMoan","Sound","TR\r\mummy moan.wav","0","0","1.00"
"T_SndCrea_MummyRoar","Sound","TR\r\mummy roar.wav","0","0","1.00"
"T_SndCrea_MummyScream","Sound","TR\r\mummy scream.wav","0","0","1.00"
"T_SndCrea_OrnadaMoan","Sound","TR\r\ornada moan.wav","0","0","1.00"
"T_SndCrea_OrnadaRoar","Sound","TR\r\ornada roar.wav","0","0","1.00"
"T_SndCrea_OrnadaScream","Sound","TR\r\ornada scream.wav","0","0","1.00"
"T_SndCrea_ParastylusMoan","Sound","TR\r\parastylus moan.wav","0","0","1.00"
"T_SndCrea_ParastylusRoar","Sound","TR\r\parastylus roar.wav","0","0","1.00"
"T_SndCrea_ParastylusScream","Sound","TR\r\parastylus scream.wav","0","0","1.00"
"T_SndCrea_RakiMoan","Sound","Sky\Cr\RakiMoan.wav","0","0","1.00"
"T_SndCrea_Riverstrider1","Sound","TR\r\riverstrider1.wav","20","100","1.00"
"T_SndCrea_Riverstrider2","Sound","TR\r\riverstrider2.wav","20","100","1.00"
"T_SndCrea_Riverstrider3","Sound","TR\r\riverstrider3.wav","20","100","1.00"
"T_SndCrea_RoosterRoar","Sound","Sky\Cr\roosterRoar.wav","0","0","1.00"
"T_SndCrea_SabreCatMoan","Sound","sky\cr\SabreCat02.wav","0","0","1.00"
"T_SndCrea_SabreCatRoar","Sound","sky\cr\SabreCat01.wav","0","0","1.00"
"T_SndCrea_SeagullFlap","Sound","pc\cr\seagull_flap.wav","0","0","1.00"
"T_SndCrea_SeagullScream1","Sound","pc\cr\seagull_scream01.wav","0","0","0.25"
"T_SndCrea_SeagullScream2","Sound","pc\cr\seagull_scream02.wav","0","0","0.25"
"T_SndCrea_SkyRenderMoan","Sound","TR\r\dresbug moan.wav","0","0","1.00"
"T_SndCrea_SkyRenderMove","Sound","TR\r\dresbug moan.wav","0","0","1.00"
"T_SndCrea_SkyRenderRoar","Sound","TR\r\dresbug roar.wav","0","0","1.00"
"T_SndCrea_SkyRenderScream","Sound","TR\r\dresbug scream.wav","0","0","1.00"
"T_SndCrea_Spider_Moan","Sound","sky\cr\Spider_MOAN.wav","0","0","1.00"
"T_SndCrea_Spider_Roar","Sound","sky\cr\Spider_ROAR.wav","0","0","1.00"
"T_SndCrea_Spider_Scream","Sound","sky\cr\Spider_SCREAM.wav","0","0","1.00"
"T_SndCrea_SwampTrollMoan","Sound","TR\r\troll moan.wav","0","0","1.00"
"T_SndCrea_SwampTrollRoar","Sound","TR\r\troll roar.wav","0","0","1.00"
"T_SndCrea_SwampTrollScream","Sound","TR\r\troll scream.wav","0","0","1.00"
"T_SndCrea_VelkMoan","Sound","TR\r\velk moan.wav","0","0","1.00"
"T_SndCrea_VelkScream","Sound","TR\r\velk scream.wav","0","0","1.00"
"T_SndCrea_VermaiMoan","Sound","TR\r\vermai moan.wav","0","0","1.00"
"T_SndCrea_VermaiRoar","Sound","TR\r\vermai roar.wav","0","0","1.00"
"T_SndCrea_VermaiScream","Sound","TR\r\vermai scream.wav","0","0","1.00"
"T_SndCrea_WereboarMoan","Sound","Sky\Cr\wereboar_moan.wav","0","0","1.00"
"T_SndCrea_WereboarRoar","Sound","Sky\Cr\wereboar_roar.wav","0","0","1.00"
"T_SndCrea_WereboarScream","Sound","Sky\Cr\wereboar_scream.wav","0","0","1.00"
"T_SndCrea_WereboarTransform","Sound","Cr\boar\roar.wav","0","0","1.00"
"T_SndCrea_YethbugLand","Sound","TR\r\yethbug land.wav","0","0","1.00"
"T_SndCrea_YethBugLeft","Sound","TR\r\yethbug left.wav","0","0","1.00"
"T_SndCrea_YethbugMoan","Sound","TR\r\yethbug moan.wav","0","0","1.00"
"T_SndCrea_YethbugRight","Sound","TR\r\yethbug right.wav","0","0","1.00"
"T_SndCrea_YethbugRoar","Sound","TR\r\yethbug roar.wav","0","0","1.00"
"T_SndCrea_YethBugScream","Sound","TR\r\yethbug scream.wav","0","0","1.00"
"T_SndEnv_Barrow_01","Sound","Sky\fx\barrow_amb.wav","0","0","1.00"
"T_SndEnv_Birds_01_01","Sound","sky\birds_01_01.wav","30","123","1.00"
"T_SndEnv_Birds_01_02","Sound","sky\birds_01_02.wav","30","123","1.00"
"T_SndEnv_Birds_01_03","Sound","sky\birds_01_03.wav","30","123","1.00"
"T_SndEnv_Birds_01_04","Sound","sky\birds_01_04.wav","30","123","1.00"
"T_SndEnv_Birds_01_05","Sound","sky\birds_01_05.wav","30","123","1.00"
"T_SndEnv_Birds_01_06","Sound","sky\birds_01_06.wav","30","123","1.00"
"T_SndEnv_Birds_01_07","Sound","sky\birds_01_07.wav","30","123","1.00"
"T_SndEnv_Birds_01_08","Sound","sky\birds_01_08.wav","30","123","1.00"
"T_SndEnv_Birds_01_09","Sound","sky\birds_01_09.wav","30","123","1.00"
"T_SndEnv_Birds_01_10","Sound","sky\birds_01_10.wav","30","123","1.00"
"T_SndEnv_Birds_01_11","Sound","sky\birds_01_11.wav","30","123","1.00"
"T_SndEnv_DeshaanPlains_01","Sound","TR\fx\TR_DeshaanPlains_01.wav","0","0","1.00"
"T_SndEnv_DeshaanPlains_02","Sound","TR\fx\TR_DeshaanPlains_02.wav","0","0","1.00"
"T_SndEnv_DeshaanPlains_03","Sound","TR\fx\TR_DeshaanPlains_03.wav","0","0","1.00"
"T_SndEnv_DeshaanPlains_04","Sound","TR\fx\TR_DeshaanPlains_04.wav","0","0","1.00"
"T_SndEnv_DeshaanPlains_05","Sound","TR\fx\TR_DeshaanPlains_05.wav","0","0","1.00"
"T_SndEnv_DirenniHaunted","Sound","sky\direnni_haunted.wav","0","0","1.00"
"T_SndEnv_GreyMeadows01","Sound","TR\fx\TR_GreyMeadows_01.wav","0","0","0.85"
"T_SndEnv_GreyMeadows02","Sound","TR\fx\TR_GreyMeadows_02.wav","0","0","0.70"
"T_SndEnv_GreyMeadows03","Sound","TR\fx\TR_GreyMeadows_03.wav","0","0","0.85"
"T_SndEnv_GreyMeadows04","Sound","TR\fx\TR_GreyMeadows_04.wav","0","0","0.85"
"T_SndEnv_GreyMeadows05","Sound","TR\fx\TR_GreyMeadows_05.wav","0","0","0.85"
"T_SndEnv_GreyMeadows06","Sound","TR\fx\TR_GreyMeadows_06.wav","0","0","0.85"
"T_SndEnv_GreyMeadows07","Sound","TR\fx\TR_GreyMeadows_07.wav","0","0","0.85"
"T_SndEnv_ImperialWind1","Sound","TR\fx\TR_imperial_wnd01.wav","0","0","0.50"
"T_SndEnv_ImperialWind2","Sound","TR\fx\TR_imperial_wnd02.wav","0","0","0.50"
"T_SndEnv_ImperialWind3","Sound","TR\fx\TR_imperial_wnd03.wav","0","0","0.50"
"T_SndEnv_ImperialWind4","Sound","TR\fx\TR_imperial_wnd04.wav","0","0","0.50"
"T_SndEnv_InsectsDay","Sound","Fx\envrn\MournExtAmb.wav","30","123","0.75"
"T_SndEnv_InsectsNight","Sound","Fx\envrn\MournExtAmbN.wav","30","123","0.80"
"T_SndEnv_Khalaan_01","Sound","TR\fx\TR_dae_amb_01.wav","0","0","1.00"
"T_SndEnv_Khalaan_02","Sound","TR\fx\TR_dae_amb_02.wav","0","0","1.00"
"T_SndEnv_Khalaan_03","Sound","TR\fx\TR_dae_amb_03.wav","0","0","1.00"
"T_SndEnv_Khalaan_04","Sound","TR\fx\TR_dae_amb_04.wav","0","0","1.00"
"T_SndEnv_Khalaan_05","Sound","TR\fx\TR_dae_amb_05.wav","0","0","1.00"
"T_SndEnv_Khalaan_06","Sound","TR\fx\TR_dae_amb_06.wav","0","0","1.00"
"T_SndEnv_Khalaan_07","Sound","TR\fx\TR_dae_amb_07.wav","0","0","1.00"
"T_SndEnv_Khalaan_08","Sound","TR\fx\TR_dae_amb_08.wav","0","0","1.00"
"T_SndEnv_Khalaan_09","Sound","TR\fx\TR_dae_amb_09.wav","0","0","1.00"
"T_SndEnv_KhalaanLoop_01","Sound","TR\fx\TR_khalaan_loop.wav","0","0","1.00"
"T_SndEnv_OthrelethWoods_01","Sound","TR\fx\TR_OthrelethWoods_01.wav","0","0","1.00"
"T_SndEnv_OthrelethWoods_02","Sound","TR\fx\TR_OthrelethWoods_02.wav","0","0","1.00"
"T_SndEnv_OthrelethWoods_03","Sound","TR\fx\TR_OthrelethWoods_03.wav","0","0","1.00"
"T_SndEnv_OthrelethWoods_04","Sound","TR\fx\TR_OthrelethWoods_04.wav","0","0","1.00"
"T_SndEnv_OthrelethWoods_05","Sound","TR\fx\TR_OthrelethWoods_05.wav","0","0","1.00"
"T_SndEnv_OthrelethWoods_06","Sound","TR\fx\TR_OthrelethWoods_06.wav","0","0","1.00"
"T_SndEnv_OthrelethWoods_07","Sound","TR\fx\TR_OthrelethWoods_07.wav","0","0","1.00"
"T_SndEnv_SoluthisScree_01","Sound","TR\fx\TR_soluthis_scree_01.wav","0","0","1.00"
"T_SndEnv_SoluthisScree_02","Sound","TR\fx\TR_soluthis_scree_02.wav","0","0","1.00"
"T_SndEnv_SoluthisWind_01","Sound","TR\fx\TR_soluthis_wind_01.wav","0","0","1.00"
"T_SndEnv_SoluthisWind_02","Sound","TR\fx\TR_soluthis_wind_02.wav","0","0","1.00"
"T_SndEnv_Wolves_01","Sound","sky\fx\wolves_01.wav","0","0","0.50"
"T_SndEnv_Wolves_02","Sound","sky\fx\wolves_02.wav","0","0","0.50"
"T_SndEnv_Wolves_03","Sound","sky\fx\wolves_03.wav","0","0","0.50"
"T_SndEnv_Wolves_04","Sound","sky\fx\wolves_04.wav","0","0","0.50"
"T_SndEnv_Wolves_05","Sound","sky\fx\wolves_05.wav","0","0","0.50"
"T_SndObj_BiggatesClose","Sound","TR\fx\TR_BigGateClose.wav","0","0","1.00"
"T_SndObj_BiggatesOpen","Sound","TR\fx\TR_BigGateOpen.wav","0","0","1.00"
"T_SndObj_ChainMechanism","Sound","TR\fx\TR_furn_heavychains.wav","5","55","0.50"
"T_SndObj_Chains","Sound","TR\fx\TR_furn_chains.wav","5","50","0.80"
"T_SndObj_ChloridePool","Sound","TR\fx\TR_pool_acid.wav","5","55","0.75"
"T_SndObj_CommonDrum","Sound","TR\fx\TR_misc_drum.wav","0","0","1.00"
"T_SndObj_CommonKoto","Sound","TR\fx\TR_misc_koto.wav","0","0","1.00"
"T_SndObj_CommonLute","Sound","TR\fx\TR_misc_lute.wav","0","0","1.00"
"T_SndObj_DeshaanPool","Sound","TR\fx\TR_deshaan_pool.wav","5","55","0.75"
"T_SndObj_DirenniCrystal","Sound","sky\direnni_loop.wav","0","0","1.00"
"T_SndObj_DWelkynd_dummy","Sound","pc\blank.wav","0","0","1.00"
"T_SndObj_DWelkynd_ringing","Sound","Fx\envrn\crystal1.wav","0","0","0.30"
"T_SndObj_Fire10","Sound","Fx\envrn\fire.wav","2","15","0.10"
"T_SndObj_ForgeBellows","Sound","TR\fx\TR_furn_forge.wav","5","55","0.70"
"T_SndObj_HauntedChoir","Sound","TR\fx\TR_haunted_choir.wav","5","50","1.00"
"T_SndObj_HauntedHymn","Sound","TR\fx\TR_haunted_hymn.wav","5","50","0.80"
"T_SndObj_HauntedSkyburial","Sound","TR\fx\TR_dres_skyburial.wav","5","55","0.85"
"T_SndObj_ImperialBellDistant","Sound","TR\fx\TR_imperialbell_dist.wav","0","0","0.50"
"T_SndObj_IndorilBell1","Sound","TR\fx\tr_ind_Bell01.wav","10","50","1.00"
"T_SndObj_IndorilBell2","Sound","TR\fx\tr_ind_Bell02.wav","10","50","1.00"
"T_SndObj_IndorilBell3","Sound","TR\fx\tr_ind_Bell03.wav","10","50","1.00"
"T_SndObj_IndorilBell4","Sound","TR\fx\tr_ind_Bell04.wav","10","50","1.00"
"T_SndObj_IndorilBell5","Sound","TR\fx\tr_ind_Bell05.wav","10","50","1.00"
"T_SndObj_IndorilBell6","Sound","TR\fx\tr_ind_Bell06.wav","10","50","1.00"
"T_SndObj_IndorilBell7","Sound","TR\fx\tr_ind_Bell07.wav","10","50","1.00"
"T_SndObj_IndorilDrum1","Sound","TR\fx\tr_ind_drum01.wav","10","50","1.00"
"T_SndObj_IndorilDrum2","Sound","TR\fx\tr_ind_drum02.wav","10","50","1.00"
"T_SndObj_IndorilDrum3","Sound","TR\fx\tr_ind_drum03.wav","10","50","1.00"
"T_SndObj_IndorilDrum4","Sound","TR\fx\tr_ind_drum04.wav","10","50","1.00"
"T_SndObj_IndorilDulcimer1","Sound","TR\fx\TR_dulcimer_01.wav","10","50","1.00"
"T_SndObj_IndorilDulcimer2","Sound","TR\fx\TR_dulcimer_02.wav","10","50","1.00"
"T_SndObj_IndorilDulcimer3","Sound","TR\fx\TR_dulcimer_03.wav","10","50","1.00"
"T_SndObj_IndorilDulcimer4","Sound","TR\fx\TR_dulcimer_04.wav","10","50","1.00"
"T_SndObj_IndorilDulcimer5","Sound","TR\fx\TR_dulcimer_05.wav","10","50","1.00"
"T_SndObj_IndorilDulcimer6","Sound","TR\fx\TR_dulcimer_06.wav","10","50","1.00"
"T_SndObj_IndorilDulcimerTR1","Sound","TR\fx\TR_dulcimer_TR01.wav","10","50","1.00"
"T_SndObj_IndorilDulcimerTR2","Sound","TR\fx\TR_dulcimer_TR02.wav","10","50","1.00"
"T_SndObj_IndorilDulcimerTRFull","Sound","TR\fx\TR_dulcimer_TRFull.wav","10","50","1.00"
"T_SndObj_IndorilGong1","Sound","TR\fx\tr_ind_gong01.wav","20","80","1.00"
"T_SndObj_IndorilGong2","Sound","TR\fx\tr_ind_gong02.wav","20","80","1.00"
"T_SndObj_LargeFire","Sound","TR\fx\TR_fire_large.wav","2","15","0.50"
"T_SndObj_LargeWaterfall","Sound","TR\fx\TR_water_cataract.wav","0","55","0.90"
"T_SndObj_RopeSqueak","Sound","TR\fx\TR_rope_squeak.wav","5","15","0.50"
"T_SndObj_ShrineBal","Sound","TR\fx\TR_shrine_bal.wav","0","0","1.00"
"T_SndObj_ShrineDagon","Sound","TR\fx\TR_shrine_dagon.wav","0","0","1.00"
"T_SndObj_ShrineMalac","Sound","TR\fx\TR_shrine_malac.wav","0","0","1.00"
"T_SndObj_ShrineSheog","Sound","TR\fx\TR_shrine_sheog.wav","0","0","1.00"
"T_SndObj_ShrineTroubles","Sound","TR\fx\TR_shrine_troubles.wav","5","55","0.70"
"T_SndObj_stonebutton_01","Sound","Fx\trans\drstn_cls.wav","0","0","1.00"
"T_SndObj_stonebutton_02","Sound","Fx\trans\drstn_opn.wav","0","0","1.00"
"T_SndObj_VelothGourd","Sound","TR\fx\TR_velothgourd.wav","1","250","1.00"
"T_SndObj_WaterBoil","Sound","TR\fx\TR_watr_boiling.wav","0","0","1.00"
"T_SndObj_WaterTrickle","Sound","TR\fx\TR_water_trickle.wav","5","55","0.70"
"T_SndObj_WeirGate","Sound","TR\fx\TR weirgate loop.wav","0","0","1.00"
"T_SndObj_WindChthonic","Sound","TR\fx\TR_wind_chthonic.wav","5","55","0.75"
"T_SndObj_WindEerie","Sound","TR\fx\TR_wind_eerie.wav","5","55","0.80"
"T_SndObj_WindHowl","Sound","TR\fx\TR_wind_howl.wav","5","55","0.75"
"T_SndObj_WindParticles","Sound","TR\fx\TR_wind_particles.wav","5","50","0.75"
"Thunder0","Sound","Fx\envrn\thndr_cls3.wav","0","0","1.00"
"Thunder1","Sound","Fx\_Thunder0.wav","0","0","1.00"
"Thunder2","Sound","Fx\_Thunder1.wav","0","0","1.00"
"Thunder3","Sound","Fx\envrn\thndr_far2.wav","0","0","1.00"
"ThunderClap","Sound","Fx\_Thunder1.wav","0","0","1.00"
"Torch Out","Sound","Fx\envrn\trch_out.wav","2","4","1.00"
"Underwater","Sound","Fx\envrn\undrwatr.wav","0","0","0.70"
"volcano rumble","Sound","Fx\envrn\volcano.wav","30","150","1.00"
"Water Layer","Sound","Fx\envrn\watr_wave.wav","1","15","0.40"
"waterfall small","Sound","Fx\envrn\watrfallSML.wav","5","30","0.60"
"Weapon Swish","Sound","Fx\swoosh 1.wav","0","0","1.00"
"were moan","Sound","Cr\were\moan.wav","0","0","1.00"
"were roar","Sound","Cr\were\roar.wav","0","0","1.00"
"were scream","Sound","Cr\were\scrm.wav","0","0","1.00"
"weregrowl","Sound","Fx\weregrowl.wav","0","0","1.00"
"werehowl","Sound","Fx\werehowl.wav","0","0","1.00"
"weresniff","Sound","Fx\weresniff.wav","0","0","1.00"
"wind calm1","Sound","Fx\REGN\wndCALM.wav","0","0","0.50"
"wind calm2","Sound","Fx\REGN\wndCALM2.wav","0","0","0.50"
"wind calm3","Sound","Fx\REGN\wndCALM3.wav","0","0","0.50"
"wind calm4","Sound","Fx\REGN\wndCALM4.wav","0","0","0.50"
"wind calm5","Sound","Fx\REGN\wndCALM5.wav","0","0","0.50"
"wind des1","Sound","Fx\REGN\wndDES.wav","0","0","0.50"
"wind des2","Sound","Fx\REGN\wndDES2.wav","0","0","0.50"
"wind des3","Sound","Fx\REGN\wndDES3.wav","0","0","0.50"
"wind des4","Sound","Fx\REGN\wndDES4.wav","0","0","0.50"
"Wind Light","Sound","Fx\envrn\wind_lt.wav","0","0","0.60"
"wind low1","Sound","Fx\REGN\wndLOW.wav","0","0","0.50"
"wind low2","Sound","Fx\REGN\wndLOW2.wav","0","0","0.50"
"wind low3","Sound","Fx\REGN\wndLOW3.wav","0","0","0.50"
"wind trees1","Sound","Fx\REGN\wndTREE.wav","0","0","0.50"
"wind trees2","Sound","Fx\REGN\wndTREE2.wav","0","0","0.50"
"wind trees3","Sound","Fx\REGN\wndTREE3.wav","0","0","0.50"
"wind trees4","Sound","Fx\REGN\wndTREE4.wav","0","0","0.50"
"wind trees5","Sound","Fx\REGN\wndTREE5.wav","0","0","0.50"
"wind trees6","Sound","Fx\REGN\wndTREE6.wav","0","0","0.50"
"wind trees7","Sound","Fx\REGN\wndTREES7.wav","0","0","0.50"
"WindBag","Sound","Fx\BMWind.wav","0","0","1.00"
"winged twil moan","Sound","Cr\wngtwl\moan.wav","0","0","1.00"
"winged twil roar","Sound","Cr\wngtwl\roar.wav","0","0","1.00"
"winged twil scream","Sound","Cr\wngtwl\scrm.wav","0","0","1.00"
"wolf moan","Sound","Cr\wolf\moan.wav","0","0","1.00"
"wolf roar","Sound","Cr\wolf\roar.wav","0","0","1.00"
"wolf scream","Sound","Cr\wolf\scrm.wav","0","0","1.00"
"WolfActivator1","Sound","Cr\were\wolf pissed 10.wav","0","0","1.00"
"WolfContainer1","Sound","Cr\were\wolf pissed 03.wav","0","0","1.00"
"WolfContainer2","Sound","Cr\were\wolf pissed 12.wav","0","0","1.00"
"WolfCreature1","Sound","Cr\were\wolf pissed 02.wav","0","0","1.00"
"WolfCreature2","Sound","Cr\were\wolf pissed 10.wav","0","0","1.00"
"WolfCreature3","Sound","Cr\were\wolf pissed 07.wav","0","0","1.00"
"WolfEquip1","Sound","Cr\were\wolf growl 14.wav","0","0","1.00"
"WolfEquip2","Sound","Cr\were\wolf growl 01.wav","0","0","1.00"
"WolfEquip3","Sound","Cr\were\wolf growl 09.wav","0","0","1.00"
"WolfEquip4","Sound","Cr\were\wolf growl 12.wav","0","0","1.00"
"WolfEquip5","Sound","Cr\were\wolf growl 03.wav","0","0","1.00"
"WolfHit1","Sound","Cr\were\wolf hit 01.wav","0","0","1.00"
"WolfHit2","Sound","Cr\were\wolf hit 02.wav","0","0","1.00"
"WolfHit3","Sound","Cr\were\wolf hit 03.wav","0","0","1.00"
"wolfhowl","Sound","Fx\wolfhowl.wav","0","0","1.00"
"WolfItem1","Sound","Cr\were\wolf pissed 02.wav","0","0","1.00"
"WolfItem2","Sound","Cr\were\wolf pissed 03.wav","0","0","1.00"
"WolfItem3","Sound","Cr\were\wolf pissed 07.wav","0","0","1.00"
"WolfNPC1","Sound","Cr\were\wolf howl 01.wav","0","0","1.00"
"WolfNPC2","Sound","Cr\were\wolf howl 01.wav","0","0","1.00"
"WolfNPC3","Sound","Cr\were\wolf howl 01.wav","0","0","1.00"
"WolfRun","Sound","Cr\were\wolf pant.wav","0","0","1.00"
"wolfskel moan","Sound","Cr\wosk\moan.wav","0","0","1.00"
"wolfskel roar","Sound","Cr\wosk\roar.wav","0","0","1.00"
"wolfskel scream","Sound","Cr\wosk\scrm.wav","0","0","1.00"
"wolfskhowl","Sound","Fx\wolfskhowl.wav","0","0","1.00"
"WolfSwing","Sound","Cr\were\wolf attack 03.wav","0","0","1.00"
"WolfSwing1","Sound","Cr\were\wolf attack 01.wav","0","0","1.00"
"WolfSwing2","Sound","Cr\were\wolf attack 02.wav","0","0","1.00"
"WolfSwing3","Sound","Cr\were\wolf attack 03.wav","0","0","1.00"
"Wooden Door Close 1","Sound","Fx\trans\drcreak_opn.wav","0","0","1.00"
"Wooden Door Open 1","Sound","Fx\trans\drcreak_cls.wav","0","0","1.00"
