"ID","ItemType","Name","Autocalc","PCStart","Type","Cost"
"absorb agility","Spell","Absorb Agility","Yes","No","Spell","38"
"absorb agility [ranged]","Spell","Absorb Agility [Ranged]","Yes","No","Spell","56"
"absorb endurance","Spell","Absorb Endurance","Yes","No","Spell","38"
"absorb endurance [ranged]","Spell","Absorb Endurance [Ranged]","Yes","No","Spell","56"
"absorb fatigue","Spell","Absorb Fatigue","Yes","No","Spell","75"
"absorb fatigue [ranged]","Spell","Absorb Fatigue [Ranged]","Yes","No","Spell","113"
"absorb health","Spell","Absorb Health","Yes","No","Spell","11"
"absorb health [ranged]","Spell","Absorb Health [Ranged]","Yes","No","Spell","8"
"absorb intelligence","Spell","Absorb Intelligence","Yes","No","Spell","38"
"absorb intelligence [ranged]","Spell","Absorb Intelligence [Ranged]","Yes","No","Spell","126"
"absorb luck","Spell","Absorb Luck","Yes","No","Spell","38"
"absorb luck [ranged]","Spell","Absorb Luck [Ranged]","Yes","No","Spell","56"
"absorb personality","Spell","Absorb Personality","Yes","No","Spell","38"
"absorb personality [ranged]","Spell","Absorb Personality [Ranged]","Yes","No","Spell","56"
"absorb speed","Spell","Absorb Speed","Yes","No","Spell","38"
"absorb speed [ranged]","Spell","Absorb Speed [Ranged]","Yes","No","Spell","56"
"absorb spell points","Spell","Absorb Spell Points","Yes","No","Spell","150"
"absorb spell points [ranged]","Spell","Absorb Spell Points [Ranged]","Yes","No","Spell","225"
"absorb strength","Spell","Absorb Strength","Yes","No","Spell","38"
"absorb strength [ranged]","Spell","Absorb Strength [Ranged]","Yes","No","Spell","56"
"absorb willpower","Spell","Absorb Willpower","Yes","No","Spell","38"
"absorb willpower [ranged]","Spell","Absorb Willpower [Ranged]","Yes","No","Spell","56"
"adrenaline rush","Spell","Adrenaline Rush","No","No","Power","0"
"akaviri danger-sense","Spell","Akaviri Danger-sense","No","No","Ability","0"
"alad's caliginy","Spell","Alad's Caliginy","Yes","No","Spell","30"
"alit bite","Spell","Alit Bite","Yes","No","Spell","3"
"almalexia's blessing","Spell","Almalexia's Blessing","Yes","No","Spell","60"
"almalexia's grace","Spell","Almalexia's Grace","Yes","No","Spell","5"
"almalexia's light","Spell","Almalexia's Light","No","No","Power","0"
"almalexia's shield","Spell","Almalexia's Shield","No","No","Ability","0"
"almalexia's wrath","Spell","Almalexia's Wrath","No","No","Spell","150"
"almsivi intervention","Spell","Almsivi Intervention","Yes","No","Spell","8"
"Almsivi Restoration","Spell","Almsivi Restoration","No","No","Spell","40"
"Almsivi Restore Fighter","Spell","Almsivi Restore Fighter","Yes","No","Spell","40"
"Almsivi Restore Mage","Spell","Almsivi Restore Mage","Yes","No","Spell","40"
"Almsivi Restore Other","Spell","Almsivi Restore Other","Yes","No","Spell","15"
"Almsivi Restore Stealth","Spell","Almsivi Restore Stealth","Yes","No","Spell","40"
"ancestor guardian","Spell","Ancestor Guardian","No","No","Power","0"
"aralor's intervention","Spell","Aralor's Intervention","No","No","Spell","1"
"argonian breathing","Spell","Water Breathing","No","No","Spell","5"
"armor eater","Spell","Armor Eater","Yes","No","Spell","6"
"Aryon_rest","Spell","Aryon's Rest","No","No","Spell","38"
"ash curse: fatigue","Spell","Ash Curse: Fatigue","Yes","No","Spell","128"
"ash curse: health","Spell","Ash Curse: Health","Yes","No","Spell","131"
"ash curse: spell points","Spell","Ash Curse: Spell Points","Yes","No","Spell","131"
"ash feast","Spell","Ash Feast","Yes","No","Spell","18"
"ash woe blight","Spell","Ash Woe Blight","No","No","Blight","0"
"ash-chancre","Spell","Ash-chancre","No","No","Blight","0"
"assured balanced armor","Spell","Assured Balanced Armor","Yes","No","Spell","30"
"assured deep biting","Spell","Assured Deep Biting","Yes","No","Spell","30"
"assured denial","Spell","Assured Denial","Yes","No","Spell","30"
"assured enterprise","Spell","Assured Enterprise","Yes","No","Spell","30"
"assured fleetness","Spell","Assured Fleetness","Yes","No","Spell","30"
"assured fluid evasion","Spell","Assured Fluid Evasion","Yes","No","Spell","30"
"assured glib speech","Spell","Assured Glib Speech","Yes","No","Spell","30"
"assured golden wisdom","Spell","Assured Golden Wisdom","Yes","No","Spell","30"
"assured green wisdom","Spell","Assured Green Wisdom","Yes","No","Spell","30"
"assured hewing","Spell","Assured Hewing","Yes","No","Spell","30"
"assured horny fist","Spell","Assured Horny Fist","Yes","No","Spell","30"
"assured impaling thrust","Spell","Assured Impaling Thrust","Yes","No","Spell","30"
"assured leaping","Spell","Assured Leaping","Yes","No","Spell","30"
"assured martial craft","Spell","Assured Martial Craft","Yes","No","Spell","30"
"assured nimble armor","Spell","Assured Nimble Armor","Yes","No","Spell","30"
"assured red wisdom","Spell","Assured Red Wisdom","Yes","No","Spell","30"
"assured safekeeping","Spell","Assured Safekeeping","Yes","No","Spell","30"
"assured silver wisdom","Spell","Assured Silver Wisdom","Yes","No","Spell","30"
"assured smiting","Spell","Assured Smiting","Yes","No","Spell","30"
"assured stalking","Spell","Assured Stalking","Yes","No","Spell","30"
"assured stolid armor","Spell","Assured Stolid Armor","Yes","No","Spell","30"
"assured sublime wisdom","Spell","Assured Sublime Wisdom","Yes","No","Spell","30"
"assured sureflight","Spell","Assured Sureflight","Yes","No","Spell","30"
"assured swiftblade","Spell","Assured Swiftblade","Yes","No","Spell","30"
"assured transcendant wisdom","Spell","Assured Transcendant Wisdom","Yes","No","Spell","30"
"assured transfiguring wisdom","Spell","Assured Transfiguring Wisdom","Yes","No","Spell","30"
"assured unseen wisdom","Spell","Assured Unseen Wisdom","Yes","No","Spell","30"
"ataxia","Spell","Ataxia","No","No","Disease","0"
"baleful glower","Spell","Baleful Glower","No","No","Spell","1"
"balyna's antidote","Spell","Balyna's Antidote","Yes","No","Spell","5"
"balyna's efficacious balm","Spell","Balyna's Efficacious Balm","Yes","No","Spell","3"
"balyna's perfect balm","Spell","Balyna's Perfect Balm","Yes","No","Spell","4"
"balyna's soothing balm","Spell","Balyna's Soothing Balm","Yes","No","Spell","2"
"beast tongue","Spell","Beast Tongue","No","No","Power","0"
"beggar's nose spell","Spell","Beggar's Nose","No","No","Spell","5"
"black hand","Spell","Black Hand","Yes","No","Spell","7"
"black-heart blight","Spell","Black-Heart Blight","No","No","Blight","0"
"blessed touch","Spell","Blessed Touch","No","No","Spell","5"
"blessed word","Spell","Blessed Word","No","No","Spell","10"
"blight disease immunity","Spell","Blight Disease Immunity","No","No","Ability","0"
"blightguard","Spell","Blightguard","Yes","No","Spell","13"
"blind","Spell","Blind","Yes","No","Spell","10"
"blindself","Spell","Blind","Yes","No","Spell","5"
"blood curse: fatigue","Spell","Blood Curse: Fatigue","Yes","No","Spell","23"
"blood despair","Spell","Blood Despair","Yes","No","Spell","47"
"blood gift","Spell","Blood Gift","Yes","No","Spell","38"
"blood of the north","Spell","Blood of the North","No","No","Spell","15"
"blood sacrifice","Spell","Blood Sacrifice","Yes","No","Spell","10"
"blood_rage_unique","Spell","Blood Rage","No","No","Spell","20"
"BM_bearregen_unique","Spell","Regeneration","No","No","Ability","0"
"bm_draugr_curse","Spell","Eddard's Wrath","No","No","Spell","200"
"bm_fireregen","Spell","Icy Blood","No","No","Ability","0"
"bm_frstgnt","Spell","Karstaag Resists1","No","No","Ability","0"
"bm_hunterwind","Spell","Hunter's Wind","No","No","Power","1"
"bm_huntresist","Spell","Hircine Resists1","No","No","Ability","0"
"BM_paralyze_hirc","Spell","Hunter's Venom","No","No","Spell","46"
"BM_resistpara_UNIQUE","Spell","Resist Paralysis","No","No","Ability","0"
"bm_spdresist","Spell","Hircine Resists1","No","No","Ability","0"
"bm_strresist","Spell","Hircine Resists1","No","No","Ability","0"
"BM_summonbear","Spell","Call Bear","Yes","No","Spell","68"
"bm_summonbonewolf","Spell","Summon Bonewolf","No","No","Spell","45"
"BM_summonwolf","Spell","Call Wolf","Yes","No","Spell","68"
"bone guard","Spell","Bone Guard","Yes","No","Spell","7"
"bound battle-axe","Spell","Bound Battle-Axe","Yes","No","Spell","6"
"bound boots","Spell","Bound Boots","Yes","No","Spell","6"
"bound cuirass","Spell","Bound Cuirass","Yes","No","Spell","6"
"bound dagger","Spell","Bound Dagger","Yes","Yes","Spell","6"
"bound gauntlets","Spell","Bound Gauntlets","Yes","No","Spell","6"
"bound helm","Spell","Bound Helm","Yes","No","Spell","6"
"bound longbow","Spell","Bound Longbow","Yes","No","Spell","6"
"bound longsword","Spell","Bound Longsword","Yes","No","Spell","6"
"bound mace","Spell","Bound Mace","Yes","No","Spell","6"
"bound shield","Spell","Bound Shield","Yes","No","Spell","6"
"bound spear","Spell","Bound Spear","Yes","No","Spell","6"
"brevusa's averted eyes","Spell","Brevusa's Averted Eyes","Yes","No","Spell","10"
"brittlewind","Spell","Brittlewind","Yes","No","Spell","224"
"brown rot","Spell","Brown Rot","No","No","Disease","0"
"buoyancy","Spell","Buoyancy","Yes","No","Spell","2"
"burden","Spell","Burden","Yes","No","Spell","15"
"burden of sin","Spell","Burden of Sin","Yes","No","Spell","50"
"burden touch","Spell","Burden Touch","Yes","No","Spell","10"
"burning hand","Spell","Burning Hand","No","No","Power","0"
"burning touch","Spell","Burning Touch","Yes","No","Spell","3"
"calm creature","Spell","Calm Creature","Yes","No","Spell","23"
"calm humanoid","Spell","Calm Humanoid","Yes","No","Spell","23"
"calming touch","Spell","Calming Touch","Yes","No","Spell","15"
"chameleon","Spell","Chameleon","Yes","Yes","Spell","15"
"chameleon_100_unique","Spell","Invisibility Curse","No","No","Ability","0"
"chameleon_60","Spell","Chameleon","No","No","Ability","0"
"chanthrax blight","Spell","Chanthrax Blight","No","No","Blight","0"
"charioteer ability","Spell","Charioteer","No","No","Ability","0"
"charisma","Spell","Charisma","Yes","No","Spell","30"
"charm mortal","Spell","Charm Mortal","Yes","No","Spell","225"
"charming touch","Spell","Charming Touch","Yes","No","Spell","225"
"chills","Spell","Chills","No","No","Disease","0"
"clench","Spell","Clench","Yes","No","Spell","4"
"clumsiness","Spell","Clumsiness","Yes","No","Spell","28"
"clumsy touch","Spell","Clumsy Touch","Yes","No","Spell","19"
"collywobbles","Spell","Collywobbles","No","No","Disease","0"
"colony_rug","Spell","Trespasser's Bane","No","No","Spell","0"
"colovia's grace","Spell","Colovia's Grace","No","No","Spell","1"
"command beast","Spell","Command Beast","Yes","No","Spell","225"
"command creature","Spell","Command Creature","Yes","No","Spell","169"
"command humanoid","Spell","Command Humanoid","Yes","No","Spell","169"
"commanding touch","Spell","Commanding Touch","Yes","No","Spell","38"
"common disease immunity","Spell","Common Disease Immunity","No","No","Ability","0"
"concealment","Spell","Concealment","Yes","No","Spell","90"
"corprus","Spell","Corprus","No","No","Blight","0"
"corprus immunity","Spell","Corprus Immunity","No","No","Ability","0"
"crimson despair","Spell","Crimson Despair","Yes","No","Spell","113"
"crimson_plague","Spell","Crimson Plague","No","No","Disease","0"
"cruel earwig","Spell","Cruel Earwig","Yes","No","Spell","9"
"cruel firebloom","Spell","Cruel Firebloom","Yes","No","Spell","7"
"cruel noise","Spell","Cruel Noise","Yes","No","Spell","12"
"cruel weary","Spell","Cruel Weary","Yes","No","Spell","45"
"crushing burden","Spell","Crushing Burden","Yes","No","Spell","45"
"crushing burden of sin","Spell","Crushing Burden of Sin","Yes","No","Spell","158"
"crushing burden touch","Spell","Crushing Burden Touch","Yes","No","Spell","30"
"crying eye","Spell","Crying Eye","Yes","No","Spell","2"
"Cure Blight Disease","Spell","Cure Blight Disease","Yes","No","Spell","100"
"Cure Blight_Self","Spell","Cure Blight Disease","Yes","No","Spell","100"
"cure common disease","Spell","Cure Common Disease","Yes","No","Spell","15"
"cure common disease other","Spell","Cure Common Disease on Other","Yes","No","Spell","15"
"cure common disease victim","Spell","Cure Common Disease Victim","Yes","No","Spell","23"
"cure corprus disease","Spell","Cure Corprus Disease","No","No","Spell","75"
"cure corpus disease","Spell","Cure Corpus Disease","No","No","Spell","75"
"cure poison","Spell","Cure Poison","Yes","No","Spell","5"
"cure poison touch","Spell","Cure Poison on Touch","Yes","No","Spell","5"
"cure_blight_target","Spell","Aryon's Blight Cure","No","No","Spell","30"
"curse agility","Spell","Curse Agility","Yes","No","Spell","5"
"curse endurance","Spell","Curse Endurance","Yes","No","Spell","7"
"curse fatigue","Spell","Curse Fatigue","Yes","No","Spell","3"
"curse health","Spell","Curse Health","Yes","No","Spell","3"
"curse intelligence","Spell","Curse Intelligence","Yes","No","Spell","5"
"curse luck","Spell","Curse Luck","Yes","No","Spell","5"
"curse personality","Spell","Curse Personality","Yes","No","Spell","5"
"curse speed","Spell","Curse Speed","Yes","No","Spell","5"
"curse spell points","Spell","Curse Spell Points","Yes","No","Spell","6"
"curse strength","Spell","Curse Strength","Yes","No","Spell","5"
"curse willpower","Spell","Curse Willpower","Yes","No","Spell","5"
"daedric agility","Spell","Daedric Agility","Yes","No","Spell","90"
"daedric bite","Spell","Daedric Bite","Yes","No","Spell","30"
"daedric endurance","Spell","Daedric Endurance","Yes","No","Spell","90"
"daedric fatigue","Spell","Daedric Fatigue","Yes","No","Spell","113"
"daedric health","Spell","Daedric Health","Yes","No","Spell","75"
"daedric intelligence","Spell","Daedric Intelligence","Yes","No","Spell","90"
"daedric luck","Spell","Daedric Luck","Yes","No","Spell","90"
"daedric personality","Spell","Daedric Personality","Yes","No","Spell","90"
"daedric speed","Spell","Daedric Speed","Yes","No","Spell","90"
"daedric strength","Spell","Daedric Strength","Yes","No","Spell","90"
"daedric willpower","Spell","Daedric Willpower","Yes","No","Spell","90"
"dagoth's bosom","Spell","Dagoth's Bosom","No","No","Spell","90"
"dagoth_ur_shield_01","Spell","Dagoth Ur Fire","No","No","Ability","0"
"dagoth_ur_shield_02","Spell","Dagoth Ur Frost","No","No","Ability","0"
"dagoth_ur_shield_03","Spell","Dagoth Ur Shock","No","No","Ability","0"
"dagoth_ur_shield_04","Spell","Dagoth Ur Magicka","No","No","Ability","0"
"dampworm","Spell","Dampworm","No","No","Disease","0"
"deadly poison","Spell","Deadly Poison","Yes","No","Spell","47"
"deadly poison [ranged]","Spell","Deadly Poison [Ranged]","Yes","No","Spell","71"
"demoralize beast","Spell","Demoralize Beast","Yes","No","Spell","4"
"demoralize creature","Spell","Demoralize Creature","Yes","No","Spell","4"
"demoralize humanoid","Spell","Demoralize Humanoid","Yes","No","Spell","4"
"demoralizing touch","Spell","Demoralizing Touch","Yes","No","Spell","3"
"detect enchantment","Spell","Detect Enchantment","Yes","No","Spell","5"
"detect_creature","Spell","Detect Creature","Yes","Yes","Spell","19"
"detect_key","Spell","Detect Key","Yes","No","Spell","13"
"dire earwig","Spell","Dire Earwig","Yes","No","Spell","13"
"dire noise","Spell","Dire Noise","Yes","No","Spell","35"
"dire shockball","Spell","Dire Shockball","Yes","No","Spell","24"
"dire weakness to fire","Spell","Dire Weakness to Fire","Yes","No","Spell","47"
"dire weakness to frost","Spell","Dire Weakness to Frost","Yes","No","Spell","47"
"dire weakness to magicka","Spell","Dire Weakness to Magicka","Yes","No","Spell","47"
"dire weakness to poison","Spell","Dire Weakness to Poison","Yes","No","Spell","47"
"dire weakness to shock","Spell","Dire Weakness to Shock","Yes","No","Spell","47"
"dire weary","Spell","Dire Weary","Yes","No","Spell","56"
"disintegrate armor","Spell","Disintegrate Armor","Yes","No","Spell","7"
"disintegrate weapon","Spell","Disintegrate Weapon","Yes","No","Spell","7"
"dispel","Spell","Dispel","Yes","No","Spell","25"
"distracting touch","Spell","Distracting Touch","Yes","No","Spell","38"
"distraction","Spell","Distraction","Yes","No","Spell","28"
"divine aid","Spell","Divine Aid","Yes","No","Spell","60"
"divine intervention","Spell","Divine Intervention","Yes","No","Spell","8"
"doze","Spell","Doze","Yes","No","Spell","2"
"dragon skin","Spell","Dragon Skin","No","No","Power","0"
"drain acrobatics","Spell","Drain Acrobatics","Yes","No","Spell","56"
"drain alchemy","Spell","Drain Alchemy","Yes","No","Spell","56"
"drain alteration","Spell","Drain Alteration","Yes","No","Spell","56"
"drain armorer","Spell","Drain Armorer","Yes","No","Spell","56"
"drain athletics","Spell","Drain Athletics","Yes","No","Spell","56"
"drain axe","Spell","Drain Axe","Yes","No","Spell","56"
"drain block","Spell","Drain Block","Yes","No","Spell","56"
"drain blood","Spell","Drain Blood","Yes","No","Spell","60"
"drain blunt weapon","Spell","Drain Blunt Weapon","Yes","No","Spell","56"
"drain conjuration","Spell","Drain Conjuration","Yes","No","Spell","56"
"drain destruction","Spell","Drain Destruction","Yes","No","Spell","56"
"drain enchant","Spell","Drain Enchant","Yes","No","Spell","56"
"drain hand-to-hand","Spell","Drain Hand-to-Hand","Yes","No","Spell","56"
"drain health_fatigue","Spell","Life Force","Yes","No","Spell","315"
"drain heavy armor","Spell","Drain Heavy Armor","Yes","No","Spell","56"
"drain illusion","Spell","Drain Illusion","Yes","No","Spell","56"
"drain light armor","Spell","Drain Light Armor","Yes","No","Spell","56"
"drain long blade","Spell","Drain Long Blade","Yes","No","Spell","56"
"drain marksman","Spell","Drain Marksman","Yes","No","Spell","56"
"drain medium armor","Spell","Drain Medium Armor","Yes","No","Spell","56"
"drain mercantile","Spell","Drain Mercantile","Yes","No","Spell","56"
"drain mysticism","Spell","Drain Mysticism","Yes","No","Spell","56"
"drain restoration","Spell","Drain Restoration","Yes","No","Spell","56"
"drain security","Spell","Drain Security","Yes","No","Spell","56"
"drain short blade","Spell","Drain Short Blade","Yes","No","Spell","56"
"drain sneak","Spell","Drain Sneak","Yes","No","Spell","56"
"drain spear","Spell","Drain Spear","Yes","No","Spell","56"
"drain speechcraft","Spell","Drain Speechcraft","Yes","No","Spell","56"
"drain unarmored","Spell","Drain Unarmored","Yes","No","Spell","56"
"Dratha_Spite","Spell","Dratha's Spite","No","No","Spell","63"
"dread curse: agility","Spell","Dread Curse: Agility","Yes","No","Spell","5"
"dread curse: endurance","Spell","Dread Curse: Endurance","Yes","No","Spell","3"
"dread curse: fatigue","Spell","Dread Curse: Fatigue","Yes","No","Spell","2"
"dread curse: health","Spell","Dread Curse: Health","Yes","No","Spell","3"
"dread curse: intelligence","Spell","Dread Curse: Intelligence","Yes","No","Spell","3"
"dread curse: luck","Spell","Dread Curse: Luck","Yes","No","Spell","3"
"dread curse: personality","Spell","Dread Curse: Personality","Yes","No","Spell","3"
"dread curse: speed","Spell","Dread Curse: Speed","Yes","No","Spell","3"
"dread curse: spell points","Spell","Dread Curse: Spell Points","Yes","No","Spell","3"
"dread curse: strength","Spell","Dread Curse: Strength","Yes","No","Spell","3"
"dread curse: willpower","Spell","Dread Curse: Willpower","Yes","No","Spell","3"
"droops","Spell","Droops","No","No","Disease","0"
"dynamic balanced armor","Spell","Sanguine Balanced Armor","Yes","No","Spell","15"
"dynamic deep biting","Spell","Sanguine Deep Biting","Yes","No","Spell","15"
"dynamic denial","Spell","Sanguine Denial","Yes","No","Spell","15"
"dynamic enterprise","Spell","Sanguine Enterprise","Yes","No","Spell","15"
"dynamic fleetness","Spell","Sanguine Fleetness","Yes","No","Spell","15"
"dynamic fluid evasion","Spell","Sanguine Fluid Evasion","Yes","No","Spell","15"
"dynamic glib speech","Spell","Sanguine Glib Speech","Yes","No","Spell","15"
"dynamic golden wisdom","Spell","Sanguine Golden Wisdom","Yes","No","Spell","15"
"dynamic green wisdom","Spell","Sanguine Green Wisdom","Yes","No","Spell","1"
"dynamic hewing","Spell","Sanguine Hewing","Yes","No","Spell","15"
"dynamic horny fist","Spell","Sanguine Horny Fist","Yes","No","Spell","15"
"dynamic impaling thrust","Spell","Sanguine Impaling Thrust","Yes","No","Spell","15"
"dynamic martial craft","Spell","Sanguine Martial Craft","Yes","No","Spell","15"
"dynamic nimble armor","Spell","Sanguine Nimble Armor","Yes","No","Spell","15"
"dynamic red wisdom","Spell","Sanguine Red Wisdom","Yes","No","Spell","15"
"dynamic safekeeping","Spell","Sanguine Safekeeping","Yes","No","Spell","15"
"dynamic silver wisdom","Spell","Sanguine Silver Wisdom","Yes","No","Spell","15"
"dynamic smiting","Spell","Sanguine Smiting","Yes","No","Spell","15"
"dynamic stalking","Spell","Sanguine Stalking","Yes","No","Spell","15"
"dynamic stolid armor","Spell","Sanguine Stolid Armor","Yes","No","Spell","15"
"dynamic sublime wisdom","Spell","Sanguine Sublime Wisdom","Yes","No","Spell","15"
"dynamic sureflight","Spell","Sanguine Sureflight","Yes","No","Spell","15"
"dynamic swiftblade","Spell","Sanguine Swiftblade","Yes","No","Spell","15"
"dynamic transcendant wisdom","Spell","Sanguine Transcendant Wisdom","Yes","No","Spell","15"
"dynamic transfiguring wisdom","Spell","Sanguine Transfiguring Wisdom","Yes","No","Spell","15"
"dynamic unseen wisdom","Spell","Sanguine Unseen Wisdom","Yes","No","Spell","15"
"earwig","Spell","Earwig","Yes","No","Spell","6"
"elfborn ability","Spell","Elfborn","No","No","Ability","0"
"emasculate","Spell","Emasculate","Yes","No","Spell","4"
"emperor's blessing","Spell","Emperor's Blessing","No","No","Spell","1"
"energy leech","Spell","Energy Leech","Yes","No","Spell","75"
"enervate","Spell","Enervate","Yes","No","Spell","28"
"enervating touch","Spell","Enervating Touch","Yes","No","Spell","19"
"enrichment","Spell","Enrichment","Yes","No","Spell","9"
"erelvam's wild sty","Spell","Erelvam's Wild Sty","Yes","No","Spell","10"
"evil eye","Spell","Evil Eye","Yes","No","Spell","2"
"exhausting touch","Spell","Exhausting Touch","Yes","Yes","Spell","75"
"exhaustion","Spell","Exhaustion","Yes","No","Spell","169"
"eye of fear","Spell","Eye of Fear","No","No","Power","0"
"eye of night","Spell","Eye of Night","No","No","Spell","0"
"eye of talos","Spell","Eye of Talos","No","No","Spell","1"
"far silence","Spell","Far Silence","Yes","No","Spell","30"
"father ahaz","Spell","Father Ahaz","No","No","Spell","0"
"father's hand","Spell","Father's Hand","Yes","No","Spell","5"
"fay ability","Spell","Fay","No","No","Ability","0"
"feather","Spell","Feather","Yes","No","Spell","10"
"feet of notorgo","Spell","Feet of Notorgo","Yes","Yes","Spell","45"
"felms' glory","Spell","Felms' Glory","No","No","Spell","1"
"fenrick's doorjam","Spell","Fenrick's Doorjam","Yes","No","Spell","1"
"fierce fire shield","Spell","Fierce Fire Shield","Yes","No","Spell","12"
"fierce frost shield","Spell","Fierce Frost Shield","Yes","No","Spell","12"
"fierce shock shield","Spell","Fierce Shock Shield","Yes","No","Spell","12"
"fifth barrier","Spell","Fifth Barrier","Yes","No","Spell","150"
"fire barrier","Spell","Fire Barrier","Yes","No","Spell","8"
"fire bite","Spell","Fire Bite","Yes","Yes","Spell","6"
"fire shield","Spell","Fire Shield","Yes","No","Spell","45"
"fire storm","Spell","Fire Storm","Yes","No","Spell","23"
"fire_fathasa_unique","Spell","Fire Barrier","Yes","No","Spell","8"
"fireball","Spell","Fireball","Yes","No","Spell","5"
"fireball_bar_uni","Spell","Barenziah's Fire","No","No","Spell","0"
"Fireball_large","Spell","Greater Fireball","Yes","No","Spell","10"
"firebloom","Spell","Firebloom","Yes","No","Spell","26"
"firefist","Spell","Firefist","Yes","No","Spell","11"
"first barrier","Spell","First Barrier","Yes","No","Spell","30"
"five fingers of pain","Spell","Five Fingers of Pain","Yes","No","Spell","5"
"flame","Spell","Flame","Yes","No","Spell","2"
"flamebolt","Spell","Flamebolt","Yes","No","Spell","24"
"flameguard","Spell","Flameguard","Yes","No","Spell","90"
"flay spirit","Spell","Flay Spirit","Yes","No","Spell","150"
"flay spirit [ranged]","Spell","Flay Spirit [Ranged]","Yes","No","Spell","225"
"fleabite","Spell","Fleabite","Yes","No","Spell","1"
"force bolt","Spell","Force Bolt","Yes","No","Spell","125"
"fortify acrobatics skill","Spell","Fortify Acrobatics Skill","Yes","No","Spell","30"
"fortify alchemy skill","Spell","Fortify Alchemy Skill","Yes","No","Spell","30"
"fortify alteration skill","Spell","Fortify Alteration Skill","Yes","No","Spell","30"
"fortify armorer skill","Spell","Fortify Armorer Skill","Yes","No","Spell","30"
"fortify athletics skill","Spell","Fortify Athletics Skill","Yes","No","Spell","30"
"fortify axe skill","Spell","Fortify Axe Skill","Yes","No","Spell","30"
"fortify block skill","Spell","Fortify Block Skill","Yes","No","Spell","30"
"fortify blunt weapons skill","Spell","Fortify Blunt Weapons Skill","Yes","No","Spell","30"
"fortify conjuration skill","Spell","Fortify Conjuration Skill","Yes","No","Spell","30"
"fortify destruction skill","Spell","Fortify Destruction Skill","Yes","No","Spell","30"
"fortify enchant skill","Spell","Fortify Enchant Skill","Yes","No","Spell","30"
"fortify hand to hand skill","Spell","Fortify Hand to Hand Skill","Yes","No","Spell","30"
"fortify heavy armor skill","Spell","Fortify Heavy Armor Skill","Yes","No","Spell","30"
"fortify illusion skill","Spell","Fortify Illusion Skill","Yes","No","Spell","30"
"fortify light armor skill","Spell","Fortify Light Armor Skill","Yes","No","Spell","30"
"fortify long blade skill","Spell","Fortify Long Blade Skill","Yes","No","Spell","30"
"fortify marksman skill","Spell","Fortify Marksman Skill","Yes","No","Spell","30"
"fortify medium armor skill","Spell","Fortify Medium Armor Skill","Yes","No","Spell","30"
"fortify mercantile skill","Spell","Fortify Mercantile Skill","Yes","No","Spell","30"
"fortify mysticism skill","Spell","Fortify Mysticism Skill","Yes","No","Spell","30"
"fortify restoration skill","Spell","Fortify Restoration Skill","Yes","No","Spell","30"
"fortify security skill","Spell","Fortify Security Skill","Yes","No","Spell","30"
"fortify short blade skill","Spell","Fortify Short Blade Skill","Yes","No","Spell","30"
"fortify sneak skill","Spell","Fortify Sneak Skill","Yes","No","Spell","30"
"fortify spear skill","Spell","Fortify Spear Skill","Yes","No","Spell","30"
"fortify speechcraft skill","Spell","Fortify Speechcraft Skill","Yes","No","Spell","30"
"fortify unarmored skill","Spell","Fortify Unarmored Skill","Yes","No","Spell","30"
"fortitude","Spell","Fortitude","Yes","No","Spell","30"
"fourth barrier","Spell","Fourth Barrier","Yes","No","Spell","120"
"free action","Spell","Free Action","Yes","No","Spell","5"
"freezing touch","Spell","Freezing Touch","Yes","No","Spell","6"
"frenzy beast","Spell","Frenzy Beast","Yes","No","Spell","3"
"frenzy creature","Spell","Frenzy Creature","Yes","No","Spell","4"
"frenzy humanoid","Spell","Frenzy Humanoid","Yes","No","Spell","4"
"frenzying touch","Spell","Frenzying Touch","Yes","No","Spell","3"
"frost barrier","Spell","Frost Barrier","Yes","No","Spell","5"
"frost bolt","Spell","Frost Bolt","Yes","No","Spell","24"
"frost shield","Spell","Frost Shield","Yes","No","Spell","45"
"frost storm","Spell","Frost Storm","Yes","No","Spell","23"
"frost_shield","Spell","Frost Shield","Yes","No","Spell","27"
"frostball","Spell","Frostball","Yes","No","Spell","5"
"Frostball_large","Spell","Greater Frostball","Yes","No","Spell","10"
"frostbite","Spell","Frostbite","Yes","No","Spell","6"
"frostbloom","Spell","Frostbloom","Yes","No","Spell","26"
"frostfist","Spell","Frostfist","Yes","No","Spell","11"
"frostguard","Spell","Frostguard","Yes","No","Spell","90"
"fuddle","Spell","Fuddle","Yes","No","Spell","4"
"gaenor_abilities","Spell","Gaenor's Abilities","No","No","Ability","0"
"gaenor_spell","Spell","Gaenor's Escape","No","No","Spell","0"
"gash spirit","Spell","Gash Spirit","Yes","No","Spell","75"
"gash spirit [ranged]","Spell","Gash Spirit [Ranged]","Yes","No","Spell","113"
"ghost ability","Spell","Ghost Ability","No","No","Ability","0"
"Ghost Curse","Spell","Ghost Curse","Yes","No","Spell","40"
"ghost guard","Spell","Ghost Guard","Yes","No","Spell","11"
"ghost_snake","Spell","Ghost Snake","No","No","Spell","9"
"glenmoril_ring","Spell","Glenmoril Witch Teleport","No","No","Spell","0"
"god's fire","Spell","God's Fire","Yes","No","Spell","135"
"god's frost","Spell","God's Frost","Yes","No","Spell","135"
"god's spark","Spell","God's Spark","Yes","No","Spell","147"
"golanar's eye-maze","Spell","Golanar's Eye-Maze","Yes","No","Spell","13"
"Gothren_gout","Spell","Gothren's Gout","No","No","Spell","23"
"grace of almsivi","Spell","Grace of Almsivi","No","No","Power","0"
"grave curse: agility","Spell","Grave Curse: Agilitiy","Yes","No","Spell","14"
"grave curse: endurance","Spell","Grave Curse: Endurance","Yes","No","Spell","14"
"grave curse: fatigue","Spell","Grave Curse: Fatigue","Yes","No","Spell","9"
"grave curse: health","Spell","Grave Curse: Health","Yes","No","Spell","15"
"grave curse: intelligence","Spell","Grave Curse: Intelligence","Yes","No","Spell","14"
"grave curse: luck","Spell","Grave Curse: Luck","Yes","No","Spell","14"
"grave curse: personality","Spell","Grave Curse: Personality","Yes","No","Spell","14"
"grave curse: speed","Spell","Grave Curse: Speed","Yes","No","Spell","14"
"grave curse: spell points","Spell","Grave Curse: Magicka","Yes","No","Spell","18"
"grave curse: strength","Spell","Grave Curse: Strength","Yes","No","Spell","14"
"grave curse: willpower","Spell","Grave Curse: Willpower","Yes","No","Spell","14"
"great burden of sin","Spell","Great Burden of Sin","Yes","No","Spell","30"
"great feather","Spell","Great Feather","Yes","No","Spell","50"
"great heal companion","Spell","Great Heal Companion","Yes","No","Spell","6"
"great levitate","Spell","Great Levitate","Yes","No","Spell","45"
"great open","Spell","Great Open","Yes","No","Spell","15"
"great resist common disease","Spell","Great Resist Common Disease","Yes","No","Spell","30"
"great resist corprus disease","Spell","Great Resist Corprus Disease","No","No","Spell","75"
"great resist corpus disease","Spell","Great Resist Corpus Disease","No","No","Spell","75"
"great resist fire","Spell","Great Resist Fire","Yes","No","Spell","30"
"great resist frost","Spell","Great Resist Frost","Yes","No","Spell","30"
"great resist magicka","Spell","Great Resist Magicka","Yes","No","Spell","30"
"great resist shock","Spell","Great Resist Shock","Yes","No","Spell","30"
"greater resist poison","Spell","Greater Resist Poison","Yes","No","Spell","30"
"greenspore","Spell","Greenspore","No","No","Disease","0"
"gripes","Spell","Gripes","Yes","No","Spell","4"
"hand of araynys","Spell","Hand of Araynys","No","No","Spell","70"
"hand of azura","Spell","Hand of Dagoth","Yes","No","Spell","30"
"hand of dagoth","Spell","Hand of Dagoth","No","No","Spell","39"
"hand of decay","Spell","Hand of Decay","No","No","Spell","20"
"hand of endus","Spell","Hand of Endus","No","No","Spell","468"
"hand of gilvoth","Spell","Hand of Gilvoth","No","No","Spell","70"
"hand of odros","Spell","Hand of Odros","No","No","Spell","342"
"hand of sleep","Spell","Hand of Sleep","No","No","Spell","75"
"hand of the hart-king","Spell","Hand of the Hart-King","No","No","Spell","1"
"hand of tureynul","Spell","Hand of Tureynul","No","No","Spell","60"
"hand of uthol","Spell","Hand of Uthol","No","No","Spell","102"
"hand of vemyn","Spell","Hand of Vemyn","No","No","Spell","154"
"hand of vivec","Spell","Hand of Vivec","No","No","Spell","188"
"heal companion","Spell","Heal Companion","Yes","No","Spell","3"
"HealingTouch_SP_uniq","Spell","Vivec's Touch","No","No","Spell","10"
"heartbite","Spell","Heartbite","Yes","No","Spell","12"
"hearth heal","Spell","Hearth Heal","Yes","Yes","Spell","13"
"heavy burden","Spell","Heavy Burden","Yes","No","Spell","30"
"heavy burden touch","Spell","Heavy Burden Touch","Yes","No","Spell","20"
"heavy_eyes_unique","Spell","Harthoon's Heavy Eyes","No","No","Spell","50"
"helljoint","Spell","Helljoint","No","No","Disease","0"
"Her_Hand","Spell","Her Hand","No","No","Ability","0"
"Her_Hand_2","Spell","Her Hand","No","No","Ability","0"
"her_ironskin","Spell","Her Ironskin","No","No","Ability","0"
"Her_Mirror","Spell","Her Mirror","No","No","Ability","0"
"Her_Mirror_2","Spell","Her Mirror","No","No","Ability","0"
"her_protection","Spell","Her Guard Against Terror","No","No","Ability","0"
"Her_reflected_glory","Spell","Her Reflected Glory","No","No","Ability","0"
"her_tamed_lightning","Spell","Her Tamed Lightning","No","No","Ability","0"
"hex","Spell","Hex","Yes","No","Spell","4"
"hide","Spell","Hide","Yes","No","Spell","30"
"holy touch","Spell","Holy Touch","Yes","No","Spell","6"
"holy word","Spell","Holy Word","Yes","No","Spell","5"
"hornhand","Spell","Hornhand","Yes","No","Spell","5"
"hroldar_death","Spell","Hroldar's Death Blast","No","No","Spell","0"
"hrothmund blessing","Spell","Hrothmund's Blessing","No","No","Spell","1"
"icarian_flight","Spell","Icarian Flight","No","No","Spell","0"
"immune to disease","Spell","Immune to Disease","No","No","Ability","0"
"immune to fire","Spell","Immune to Fire","No","No","Ability","0"
"immune to frost","Spell","Immune to Frost","No","No","Ability","0"
"immune to normal weapons","Spell","Immune to Normal Weapons","No","No","Ability","0"
"immune to paralysis","Spell","Immune to Paralysis","No","No","Ability","0"
"immune to poison","Spell","Immune to Poison","No","No","Ability","0"
"immune to shock","Spell","Immune to Shock","No","No","Ability","0"
"imperial acrobatics skill","Spell","Imperial Acrobatics Skill","No","No","Spell","1"
"imperial alchemy skill","Spell","Imperial Alchemy Skill","No","No","Spell","1"
"imperial alteration skill","Spell","Imperial Alteration Skill","No","No","Spell","1"
"imperial armorer skill","Spell","Imperial Armorer Skill","No","No","Spell","1"
"imperial athletics skill","Spell","Imperial Athletics Skill","No","No","Spell","1"
"imperial axe skill","Spell","Imperial Axe Skill","No","No","Spell","1"
"imperial block skill","Spell","Imperial Block Skill","No","No","Spell","1"
"imperial blunt weapon skill","Spell","Imperial Blunt Weapon Skill","No","No","Spell","1"
"imperial conjuration skill","Spell","Imperial Conjuration Skill","No","No","Spell","1"
"imperial destruction skill","Spell","Imperial Destruction Skill","No","No","Spell","1"
"imperial enchant skill","Spell","Imperial Enchant Skill","No","No","Spell","1"
"imperial hand to hand skill","Spell","Imperial Hand to Hand Skill","No","No","Spell","1"
"imperial heavy armor skill","Spell","Imperial Heavy Armor Skill","No","No","Spell","1"
"imperial illusion skill","Spell","Imperial Illusion Skill","No","No","Spell","1"
"imperial light armor skill","Spell","Imperial Light Armor Skill","No","No","Spell","1"
"imperial long blade skill","Spell","Imperial Long Blade Skill","No","No","Spell","1"
"imperial marksman skill","Spell","Imperial Marksman Skill","No","No","Spell","1"
"imperial medium armor skill","Spell","Imperial Medium Armor Skill","No","No","Spell","1"
"imperial mercantile skill","Spell","Imperial Mercantile Skill","No","No","Spell","1"
"imperial mysticism skill","Spell","Imperial Mysticism Skill","No","No","Spell","1"
"imperial restoration skill","Spell","Imperial Restoration Skill","No","No","Spell","1"
"imperial security skill","Spell","Imperial Security Skill","No","No","Spell","1"
"imperial short blade skill","Spell","Imperial Short Blade Skill","No","No","Spell","1"
"imperial sneak skill","Spell","Imperial Sneak Skill","No","No","Spell","1"
"imperial spear skill","Spell","Imperial Spear Skill","No","No","Spell","1"
"imperial speechcraft skill","Spell","Imperial Speechcraft Skill","No","No","Spell","1"
"imperial unarmored skill","Spell","Imperial Unarmored Skill","No","No","Spell","1"
"invisibility","Spell","Invisibility","Yes","No","Spell","30"
"iron will","Spell","Iron Will","Yes","No","Spell","30"
"ironhand","Spell","Ironhand","Yes","No","Spell","6"
"jack of trades","Spell","Jack of Trades","Yes","No","Spell","30"
"jump","Spell","Jump","Yes","No","Spell","8"
"knuckle luck","Spell","Knuckle Luck","Yes","No","Spell","12"
"kwama_poison","Spell","Kwama Poison","No","No","Spell","12"
"lady's favor","Spell","Lady's Favor","No","No","Ability","0"
"lady's grace","Spell","Lady's Grace","No","No","Ability","0"
"lady's grace shrine","Spell","Lady's Grace","No","No","Spell","0"
"levitate","Spell","Levitate","Yes","No","Spell","45"
"light","Spell","Light","Yes","No","Spell","9"
"lightning bolt","Spell","Lightning Bolt","Yes","No","Spell","34"
"lightning shield","Spell","Lightning Shield","Yes","No","Spell","45"
"lightning storm","Spell","Lightning Storm","Yes","No","Spell","34"
"llivam's reversal","Spell","Llivam's Reversal","Yes","No","Spell","125"
"lock","Spell","Lock","Yes","No","Spell","1"
"lover's kiss","Spell","Lover's Kiss","No","No","Power","0"
"luck_of_the_emperor","Spell","Luck of the Emperor","No","No","Power","0"
"lustidrike_cocktail","Spell","Lustidrike Cocktail","Yes","No","Spell","23"
"magicka leech","Spell","Magicka Leech","Yes","No","Spell","126"
"magicka mult bonus_10","Spell","Magicka Bonus","No","No","Ability","0"
"magicka mult bonus_15","Spell","Magicka Bonus","No","No","Ability","0"
"magicka mult bonus_5","Spell","Magicka Bonus","No","No","Ability","0"
"magickguard","Spell","Magickguard","Yes","No","Spell","30"
"mara's gift","Spell","Mara's Gift","No","No","Power","0"
"mark","Spell","Mark","Yes","No","Spell","18"
"masteful red wisdom","Spell","Masterful Red Wisdom","Yes","No","Spell","45"
"masteful stolid armor","Spell","Masterful Stolid Armor","Yes","No","Spell","45"
"masterful balanced armor","Spell","Masterful Balanced Armor","Yes","No","Spell","45"
"masterful deep biting","Spell","Masterful Deep Biting","Yes","No","Spell","45"
"masterful denial","Spell","Masterful Denial","Yes","No","Spell","45"
"masterful enterprise","Spell","Masterful Enterprise","Yes","No","Spell","45"
"masterful fleetness","Spell","Masterful Fleetness","Yes","No","Spell","45"
"masterful fluid evasion","Spell","Masterful Fluid Evasion","Yes","No","Spell","45"
"masterful glib speech","Spell","Masterful Glib Speech","Yes","No","Spell","45"
"masterful golden wisdom","Spell","Masterful Golden Wisdom","Yes","No","Spell","45"
"masterful green wisdom","Spell","Masterful Green Wisdom","Yes","No","Spell","45"
"masterful hewing","Spell","Masterful Hewing","Yes","No","Spell","45"
"masterful horny fist","Spell","Masterful Horny Fist","Yes","No","Spell","45"
"masterful impaling thrust","Spell","Masterful Impaling Thrust","Yes","No","Spell","45"
"masterful leaping","Spell","Masterful Leaping","Yes","No","Spell","45"
"masterful martial craft","Spell","Masterful Martial Craft","Yes","No","Spell","45"
"masterful nimble armor","Spell","Masterful Nimble Armor","Yes","No","Spell","45"
"masterful red wisdom","Spell","Masterful Red Wisdom","Yes","No","Spell","45"
"masterful safekeeping","Spell","Masterful Safekeeping","Yes","No","Spell","45"
"masterful silver wisdom","Spell","Masterful Silver Wisdom","Yes","No","Spell","45"
"masterful smiting","Spell","Masterful Smiting","Yes","No","Spell","45"
"masterful stalking","Spell","Masterful Stalking","Yes","No","Spell","45"
"masterful stolid armor","Spell","Masterful Stolid Armor","Yes","No","Spell","45"
"masterful sublime wisdom","Spell","Masterful Sublime Wisdom","Yes","No","Spell","45"
"masterful sureflight","Spell","Masterful Sureflight","Yes","No","Spell","45"
"masterful swiftblade","Spell","Masterful Swiftblade","Yes","No","Spell","45"
"masterful transcendant wisdom","Spell","Masterful Transcendant Wisdom","Yes","No","Spell","45"
"masterful transfiguring wisdom","Spell","Masterful Transfiguring Wisdom","Yes","No","Spell","45"
"masterful unseen wisdom","Spell","Masterful Unseen Wisdom","Yes","No","Spell","45"
"medusa's gaze","Spell","Medusa's Gaze","Yes","No","Spell","45"
"meris' warding","Spell","Meris' Warding","No","No","Spell","1"
"meris's warding","Spell","Meris's Warding","No","No","Spell","1"
"mirpal_waterwalk","Spell","Waterweird","No","No","Ability","0"
"misfortunate touch","Spell","Misfortunate Touch","Yes","No","Spell","19"
"misfortune","Spell","Misfortune","Yes","No","Spell","28"
"mooncalf ability","Spell","Mooncalf","No","No","Ability","0"
"mooneye ability","Spell","Mooneye","No","No","Ability","0"
"moonshadow","Spell","Moonshadow","No","No","Power","0"
"mother's kiss","Spell","Mother's Kiss","Yes","No","Spell","4"
"nchuleftingth_trap_sp","Spell","Dire Viper","No","No","Spell","0"
"nibenay's wit","Spell","Nibenay's Wit","No","No","Spell","1"
"night-eye","Spell","Night-Eye","Yes","No","Spell","6"
"nimbleness","Spell","Nimbleness","Yes","No","Spell","30"
"noise","Spell","Noise","Yes","No","Spell","4"
"Ogrul's_Lucky_Again","Spell","Ogrul's Lucky Again","Yes","No","Spell","1"
"Ogrul's_Quick_Again","Spell","Ogrul's Quick Again","Yes","No","Spell","1"
"Ogrul's_Staunch_Again","Spell","Ogrul's Staunch Again","Yes","No","Spell","1"
"Ogrul's_Strong_Again","Spell","Ogrul's Strong-Again","No","No","Spell","1"
"olms' benediction","Spell","Olms' Benediction","No","No","Spell","1"
"ondusi's open door","Spell","Ondusi's Open Door","Yes","No","Spell","15"
"open","Spell","Open","Yes","No","Spell","6"
"orc's strength","Spell","Orc Strength","Yes","No","Spell","38"
"orc_beserk","Spell","Berserk","No","No","Power","0"
"ordeal of st. olms","Spell","Ordeal of St. Olms","Yes","No","Spell","75"
"panacea","Spell","Panacea","Yes","No","Spell","120"
"paralysis","Spell","Paralysis","Yes","No","Spell","10"
"poet's whim","Spell","Poet's Whim","Yes","No","Spell","39"
"poison","Spell","Poison","Yes","No","Spell","9"
"poison_powerful","Spell","Toxic Cloud","Yes","No","Spell","61"
"poisonbloom","Spell","Poisonbloom","Yes","No","Spell","39"
"poisonguard","Spell","Poisonguard","Yes","No","Spell","90"
"poisonous touch","Spell","Poisonous Touch","Yes","No","Spell","12"
"potent poison","Spell","Potent Poison","Yes","No","Spell","68"
"potent poison [ranged]","Spell","Potent Poison [Ranged]","Yes","No","Spell","101"
"powerwell","Spell","Powerwell","Yes","No","Spell","38"
"proj_trap_spell","Spell","Projectile Trap Spell","No","No","Spell","5"
"prox_mine_fire","Spell","Proximity Mine Fire","No","No","Spell","33"
"prox_mine_frost","Spell","Proximity Mine Frost","No","No","Spell","33"
"prox_mine_life","Spell","Proximity Mine Life","No","No","Spell","1"
"prox_mine_poison","Spell","Proximity Mine Poison","No","No","Spell","59"
"prox_mine_shock","Spell","Proximity Mine Shock","No","No","Spell","46"
"purge magic","Spell","Purge Magic","Yes","No","Spell","2"
"Quicksilver","Spell","Quicksilver","Yes","No","Spell","30"
"rally beast","Spell","Rally Beast","Yes","No","Spell","2"
"rally creature","Spell","Rally Creature","Yes","No","Spell","2"
"rally humanoid","Spell","Rally Humanoid","Yes","No","Spell","2"
"rallying touch","Spell","Rallying Touch","Yes","No","Spell","2"
"rapid regenerate","Spell","Rapid Regenerate","Yes","No","Spell","38"
"rattles","Spell","Rattles","No","No","Disease","0"
"recall","Spell","Recall","Yes","No","Spell","18"
"red despair","Spell","Red Despair","Yes","No","Spell","5"
"reflect","Spell","Reflect","Yes","No","Spell","38"
"reflect_20","Spell","Reflect","No","No","Ability","0"
"reflect_60","Spell","Reflect","No","No","Ability","0"
"regen_imperfect","Spell","Rebuild","No","No","Ability","0"
"regenerate","Spell","Regenerate","Yes","No","Spell","15"
"regenerate [ability]","Spell","Regenerate","No","No","Ability","0"
"relvel_damage","Spell","Gedna's Damage","No","No","Spell","10"
"relvel_regenerate","Spell","Gedna's Refill","No","No","Ability","0"
"relvel_shield","Spell","Gedna's Barrier","No","No","Ability","0"
"reman's girdle","Spell","Reman's Girdle","No","No","Spell","1"
"resist cold","Spell","Resist Cold","Yes","No","Spell","5"
"resist common disease","Spell","Resist Common Disease","Yes","No","Spell","5"
"resist corprus disease","Spell","Resist Corprus Disease","No","No","Spell","25"
"resist corpus disease","Spell","Resist Corpus Disease","No","No","Spell","25"
"resist disease_75","Spell","Resist Disease","No","No","Ability","0"
"resist fire","Spell","Resist Fire","Yes","No","Spell","5"
"resist fire_100","Spell","Resist Fire","No","No","Ability","0"
"resist fire_50","Spell","Resist Fire","No","No","Ability","0"
"resist fire_75","Spell","Resist Fire","No","No","Ability","0"
"resist frost","Spell","Resist Frost","Yes","No","Spell","5"
"resist frost_50","Spell","Resist Frost","No","No","Ability","0"
"resist frost_75","Spell","Resist Frost","No","No","Ability","0"
"resist magicka","Spell","Resist Magicka","Yes","No","Spell","5"
"resist magicka_25","Spell","Resist Magicka","No","No","Ability","0"
"resist magicka_50","Spell","Resist Magicka","No","No","Ability","0"
"resist normal weapons_50","Spell","Resist Normal Weapons","No","No","Ability","0"
"resist paralysis","Spell","Resist Paralysis","No","No","Spell","300"
"resist paralysis_100","Spell","Resist Paralysis","No","No","Ability","0"
"resist paralysis_50","Spell","Resist Paralysis","No","No","Ability","0"
"resist poison","Spell","Resist Poison","Yes","No","Spell","10"
"resist poison_75","Spell","Resist Poison","No","No","Ability","0"
"resist shock","Spell","Resist Shock","Yes","No","Spell","10"
"resist shock_50","Spell","Resist Shock","No","No","Ability","0"
"resist shock_75","Spell","Resist Shock","No","No","Ability","0"
"rest of st. merris","Spell","Rest of St. Merris","Yes","No","Spell","6"
"restore agility","Spell","Restore Agility","Yes","No","Spell","19"
"restore attributes","Spell","Restore Attributes","No","No","Spell","40"
"restore endurance","Spell","Restore Endurance","Yes","No","Spell","19"
"Restore Fighter","Spell","Restore Fighter","Yes","No","Spell","40"
"restore intelligence","Spell","Restore Intelligence","Yes","No","Spell","19"
"restore luck","Spell","Restore Luck","Yes","No","Spell","19"
"Restore Mage","Spell","Restore Mage","Yes","No","Spell","40"
"Restore Other","Spell","Restore Other","Yes","No","Spell","15"
"restore personality","Spell","Restore Personality","Yes","No","Spell","19"
"restore speed","Spell","Restore Speed","Yes","No","Spell","19"
"Restore Stealth","Spell","Restore Stealth","Yes","No","Spell","40"
"restore strength","Spell","Restore Strength","Yes","No","Spell","19"
"restore willpower","Spell","Restore Willpower","Yes","No","Spell","19"
"righteousness","Spell","Righteousness","Yes","No","Spell","4"
"rilm's cure","Spell","Rilm's Cure","Yes","No","Spell","15"
"rilm's gift","Spell","Rilm's Gift","No","No","Spell","30"
"rilm's grace","Spell","Rilm's Grace","Yes","No","Spell","720"
"rockjoint","Spell","Rockjoint","No","No","Disease","0"
"roris' bloom","Spell","Roris' Bloom","No","No","Spell","1"
"roris's bloom","Spell","Roris's Bloom","No","No","Spell","1"
"rotbone","Spell","Rotbone","No","No","Disease","0"
"Royal_Blood","Spell","Royal Blood","No","No","Ability","0"
"Royal_Resistance","Spell","Royal Resistance","No","No","Ability","0"
"rust chancre","Spell","Rust Chancre","No","No","Disease","0"
"saguine leaping","Spell","Saguine Leaping","Yes","No","Spell","15"
"saintly touch","Spell","Saintly Touch","Yes","No","Spell","15"
"saintly word","Spell","Saintly Word","Yes","No","Spell","23"
"sanctuary","Spell","Sanctuary","Yes","Yes","Spell","15"
"sanil's murdrum","Spell","Sanil's Murdrum","Yes","No","Spell","45"
"scourge blade","Spell","Scourge Blade","Yes","No","Spell","56"
"scrib_paralysis","Spell","Paralysis","Yes","No","Spell","12"
"second barrier","Spell","Second Barrier","Yes","No","Spell","60"
"self dispel","Spell","Self Dispel","Yes","No","Spell","1"
"serpiginous dementia","Spell","Serpiginous dementia","No","No","Disease","0"
"seryn's blessing","Spell","Seryn's Blessing","Yes","No","Spell","20"
"seryn's gift","Spell","Seryn's Gift","Yes","No","Spell","5"
"seryn's shield","Spell","Seryn's Shield","No","No","Spell","5760"
"shadow form","Spell","Shadow Form","Yes","No","Spell","16"
"shadow weave","Spell","Shadow Weave","Yes","No","Spell","20"
"shadowmask","Spell","Shadowmask","Yes","No","Spell","83"
"shalidor's mirror","Spell","Shalidor's Mirror","Yes","No","Spell","100"
"shalk_firebite","Spell","Shalk's Fire Bite","No","No","Spell","5"
"shard","Spell","Shard","Yes","No","Spell","5"
"sheogorath's blessing","Spell","Sheogorath's Blessing","Yes","No","Spell","43200"
"shield","Spell","Shield","Yes","Yes","Spell","15"
"shield of st. delyn","Spell","Shield of St. Delyn","No","No","Spell","1"
"shield of the armiger","Spell","Shield of the Armiger","Yes","No","Spell","75"
"shock","Spell","Shock","Yes","No","Spell","3"
"shock barrier","Spell","Shock Barrier","Yes","No","Spell","8"
"shock shield","Spell","Shock Shield","Yes","No","Spell","9"
"shockball","Spell","Shockball","Yes","No","Spell","14"
"shockball_large","Spell","Greater Shockball","Yes","No","Spell","14"
"shockbite","Spell","Shockbite","Yes","No","Spell","28"
"shockbloom","Spell","Shockbloom","Yes","No","Spell","37"
"shockguard","Spell","Shockguard","Yes","No","Spell","90"
"shockimperfect","Spell","Fabricant Shock","No","No","Spell","100"
"shocking touch","Spell","Shocking Touch","Yes","No","Spell","6"
"shrine acrobatics skill","Spell","Shrine Acrobatics Skill","No","No","Spell","1"
"shrine alchemy skill","Spell","Shrine Alchemy Skill","No","No","Spell","1"
"shrine alteration skill","Spell","Shrine Alteration Skill","No","No","Spell","1"
"shrine armorer skill","Spell","Shrine Armorer Skill","No","No","Spell","1"
"shrine athletics skill","Spell","Shrine Athletics Skill","No","No","Spell","1"
"shrine axe skill","Spell","Shrine Axe Skill","No","No","Spell","1"
"shrine block skill","Spell","Shrine Block Skill","No","No","Spell","1"
"shrine blunt weapon skill","Spell","Shrine Blunt Weapon Skill","No","No","Spell","1"
"shrine conjuration skill","Spell","Shrine Conjuration Skill","No","No","Spell","1"
"shrine destruction skill","Spell","Shrine Destruction Skill","No","No","Spell","1"
"shrine enchant skill","Spell","Shrine Enchant Skill","No","No","Spell","1"
"shrine hand to hand skill","Spell","Shrine Hand to Hand Skill","No","No","Spell","1"
"shrine heavy armor skill","Spell","Shrine Heavy Armor Skill","No","No","Spell","1"
"shrine illusion skill","Spell","Shrine Illusion Skill","No","No","Spell","1"
"shrine light armor skill","Spell","Shrine Light Armor Skill","No","No","Spell","1"
"shrine long blade skill","Spell","Shrine Long Blade Skill","No","No","Spell","1"
"shrine marksman skill","Spell","Shrine Marksman Skill","No","No","Spell","1"
"shrine medium armor skill","Spell","Shrine Medium Armor Skill","No","No","Spell","1"
"shrine mercantile skill","Spell","Shrine Mercantile Skill","No","No","Spell","1"
"shrine mysticism skill","Spell","Shrine Mysticism Skill","No","No","Spell","1"
"shrine restoration skill","Spell","Shrine Restoration Skill","No","No","Spell","1"
"shrine security skill","Spell","Shrine Security Skill","No","No","Spell","1"
"shrine short blade skill","Spell","Shrine Short Blade Skill","No","No","Spell","1"
"shrine sneak skill","Spell","Shrine Sneak Skill","No","No","Spell","1"
"shrine spear skill","Spell","Shrine Spear Skill","No","No","Spell","1"
"shrine speechcraft skill","Spell","Shrine Speechcraft Skill","No","No","Spell","1"
"shrine unarmored skill","Spell","Shrine Unarmored Skill","No","No","Spell","1"
"shrine_alddaedroth_sp","Spell","Blessings of the Fourth Corner","No","No","Spell","23868"
"shrine_aldsotha_sp","Spell","Blessings of the Second Corner","No","No","Spell","1"
"shrine_balur2_sp","Spell","Blessings of the Third Corner","No","No","Spell","30"
"shrine_balur_sp","Spell","Command of the Third Corner","No","No","Spell","30"
"shrine_dagonfel_sp","Spell","Blessings of the First Corner","No","No","Spell","1"
"shrine_ghostgate_sp","Spell","Ghostgate Shrine Blessing","No","No","Spell","14400"
"shrine_gnisis_sp","Spell","Gnisis Shrine Blessing","No","No","Spell","1"
"shrine_koalcave_sp","Spell","Koal Cave Blessing","No","No","Spell","0"
"shrine_kummu_sp","Spell","Fields of Kummu Blessing","No","No","Spell","0"
"shrine_maargan_npc_sp","Spell","Maar Gan Blessings","No","No","Spell","123"
"shrine_maargan_sp","Spell","Maar Gan Shrine","No","No","Spell","1440"
"shrine_mountkand_sp","Spell","Mount Kand Shrine","No","No","Spell","2880"
"shrine_palace_sp","Spell","Palace Blessings","No","No","Spell","0"
"shrine_puzzle_sp","Spell","Puzzle Canal Blessings","No","No","Spell","7632"
"shrine_sanctus_sp","Spell","Sanctus Shrine","No","No","Spell","2880"
"shrine_stopmoon_sp","Spell","Stop the Moon Blessings","No","No","Spell","0"
"silence","Spell","Silence","Yes","No","Spell","15"
"sixth barrier","Spell","Sixth Barrier","Yes","No","Spell","180"
"skillmephala_sp","Spell","Mephala's Skill","No","No","Spell","30"
"skylamp's shadow","Spell","Skylamp's Shadow","Yes","No","Spell","19"
"slave belt","Spell","Slave Belt","Yes","No","Spell","1"
"sleep","Spell","Sleep","Yes","No","Spell","45"
"slowfall","Spell","Slowfall","Yes","No","Spell","45"
"smite the ungodly","Spell","Smite the Ungodly","Yes","No","Spell","13"
"snowshield","Spell","Snow Shield","No","No","Ability","0"
"soothe the savage beast","Spell","Soothe the Savage Beast","Yes","No","Spell","15"
"sotha's grace","Spell","Sotha's Grace","Yes","No","Spell","3"
"sotha's mirror","Spell","Sotha's Mirror","Yes","No","Spell","25"
"soul of sotha sil","Spell","Soul of Sotha Sil","No","No","Spell","1"
"soul trap","Spell","Soul Trap","No","No","Spell","6"
"soulpinch","Spell","Soulpinch","Yes","No","Spell","4"
"sp_ccd","Spell","Cure Common Disease","No","No","Spell","30"
"sp_glyphofweakness","Spell","Glyph of Weakness","No","No","Spell","30"
"SP_HVaultTrap","Spell","Electrical Discharge","No","No","Spell","108"
"sp_nchurdamzsummon","Spell","Summon Hrelvesuu","No","No","Spell","3900"
"sp_rangedheal","Spell","Healing Word","No","No","Spell","19"
"sp_touchprotect","Spell","Warding Touch","No","No","Spell","1"
"spark","Spell","Spark","Yes","No","Spell","7"
"spell absorption","Spell","Spell Absorption","Yes","No","Spell","25"
"spell drain","Spell","Spell Drain","Yes","No","Spell","180"
"sphere of negation","Spell","Sphere of Negation","Yes","No","Spell","8"
"spider touch","Spell","Spider Touch","No","No","Spell","12"
"spirit knife","Spell","Spirit Knife","Yes","No","Spell","4"
"spirit of nerevar","Spell","Spirit of Nerevar","No","No","Spell","1"
"spite","Spell","Spite","Yes","No","Spell","28"
"spite touch","Spell","Spite Touch","Yes","No","Spell","19"
"stamina","Spell","Stamina","Yes","No","Spell","30"
"star of the west","Spell","Star of the West","No","No","Power","0"
"star-curse","Spell","Star-Curse","No","No","Spell","5"
"sting","Spell","Sting","Yes","No","Spell","6"
"stone_erlendr","Spell","Erlendr's Speed","No","No","Spell","1"
"stone_hunroor","Spell","Hunroor's Agility","No","No","Spell","1"
"stone_nikulas","Spell","Nikulas's Personality","No","No","Spell","1"
"stone_ulfgar","Spell","Ulfgar's Strength","No","No","Spell","1"
"stormhand","Spell","Stormhand","Yes","No","Spell","6"
"strain","Spell","Strain","Yes","No","Spell","28"
"straining touch","Spell","Straining Touch","Yes","No","Spell","19"
"strength leech","Spell","Strength Leech","Yes","No","Spell","30"
"strong feather","Spell","Strong Feather","Yes","No","Spell","25"
"strong fire shield","Spell","Strong Fire Shield","Yes","No","Spell","54"
"strong frost shield","Spell","Strong Frost Shield","Yes","No","Spell","54"
"strong heal companion","Spell","Strong Heal Companion","Yes","No","Spell","4"
"strong levitate","Spell","Strong Levitate","Yes","No","Spell","30"
"strong open","Spell","Strong Open","Yes","No","Spell","15"
"strong reflect","Spell","Strong Reflect","Yes","No","Spell","63"
"strong resist corprus disease","Spell","Strong Resist Corprus Disease","No","No","Spell","50"
"strong resist corpus disease","Spell","Strong Resist Corpus Disease","No","No","Spell","50"
"strong resist fire","Spell","Strong Resist Fire","Yes","No","Spell","20"
"strong resist frost","Spell","Strong Resist Frost","Yes","No","Spell","20"
"strong resist magicka","Spell","Strong Resist Magicka","Yes","No","Spell","20"
"strong resist poison","Spell","Strong Resist Poison","Yes","No","Spell","20"
"strong resist shock","Spell","Strong Resist Shock","Yes","No","Spell","20"
"strong shock shield","Spell","Strong Shock Shield","Yes","No","Spell","54"
"strong spelldrinker","Spell","Strong Spelldrinker","Yes","No","Spell","63"
"stumble","Spell","Stumble","Yes","No","Spell","4"
"suicide_test","Spell","suicide","No","No","Spell","24"
"summon ancestral ghost","Spell","Summon Ancestral Ghost","Yes","Yes","Spell","21"
"summon bonelord","Spell","Summon Bonelord","Yes","No","Spell","75"
"summon clanfear","Spell","Summon Clannfear","Yes","No","Spell","66"
"summon daedroth","Spell","Summon Daedroth","Yes","No","Spell","96"
"summon dremora","Spell","Summon Dremora","Yes","No","Spell","84"
"summon flame atronach","Spell","Summon Flame Atronach","Yes","No","Spell","69"
"summon frost atronach","Spell","Summon Frost Atronach","Yes","No","Spell","81"
"summon golden saint","Spell","Summon Golden Saint","Yes","No","Spell","165"
"summon greater bonewalker","Spell","Summon Greater Bonewalker","Yes","No","Spell","45"
"summon hunger","Spell","Summon Hunger","Yes","No","Spell","87"
"summon least bonewalker","Spell","Summon Least Bonewalker","Yes","No","Spell","39"
"summon scamp","Spell","Summon Scamp","Yes","No","Spell","36"
"summon skeletal minion","Spell","Summon Skeletal Minion","Yes","No","Spell","39"
"summon storm atronach","Spell","Summon Storm Atronach","Yes","No","Spell","114"
"summon winged twilight","Spell","Summon Winged Twilight","Yes","No","Spell","156"
"summon_centurion_unique","Spell","Dwemer Animunculi","No","No","Spell","75"
"surpassing balanced armor","Spell","Surpassing Balanced Armor","Yes","No","Spell","36"
"surpassing deep biting","Spell","Surpassing Deep Biting","Yes","No","Spell","36"
"surpassing denial","Spell","Surpassing Denial","Yes","No","Spell","36"
"surpassing enterprise","Spell","Surpassing Enterprise","Yes","No","Spell","36"
"surpassing fleetness","Spell","Surpassing Fleetness","Yes","No","Spell","36"
"surpassing fluid evasion","Spell","Surpassing Fluid Evasion","Yes","No","Spell","36"
"surpassing glib speech","Spell","Surpassing Glib Speech","Yes","No","Spell","36"
"surpassing golden wisdom","Spell","Surpassing Golden Wisdom","Yes","No","Spell","36"
"surpassing green wisdom","Spell","Surpassing Green Wisdom","Yes","No","Spell","36"
"surpassing hewing","Spell","Surpassing Hewing","Yes","No","Spell","36"
"surpassing horny fist","Spell","Surpassing Horny Fist","Yes","No","Spell","36"
"surpassing impaling thrust","Spell","Surpassing Impaling Thrust","Yes","No","Spell","36"
"surpassing leaping","Spell","Surpassing Leaping","Yes","No","Spell","36"
"surpassing martial craft","Spell","Surpassing Martial Craft","Yes","No","Spell","36"
"surpassing nimble armor","Spell","Surpassing Nimble Armor","Yes","No","Spell","36"
"surpassing red wisdom","Spell","Surpassing Red Wisdom","Yes","No","Spell","36"
"surpassing safekeeping","Spell","Surpassing Safekeeping","Yes","No","Spell","36"
"surpassing silver wisdom","Spell","Surpassing Silver Wisdom","Yes","No","Spell","36"
"surpassing smiting","Spell","Surpassing Smiting","Yes","No","Spell","36"
"surpassing stalking","Spell","Surpassing Stalking","Yes","No","Spell","36"
"surpassing stolid armor","Spell","Surpassing Stolid Armor","Yes","No","Spell","36"
"surpassing sublime wisdom","Spell","Surpassing Sublime Wisdom","Yes","No","Spell","36"
"surpassing sunlight","Spell","Surpassing Sunlight","No","No","Spell","36"
"surpassing sureflight","Spell","Surpassing Sunlight","Yes","No","Spell","36"
"surpassing swiftblade","Spell","Surpassing Swiftblade","Yes","No","Spell","36"
"surpassing transcendant wisdom","Spell","Surpassing Transcendant Wisdom","Yes","No","Spell","36"
"surpassing transfiguring wisdom","Spell","Surpassing Transfiguring Wisdom","Yes","No","Spell","36"
"surpassing unseen wisdom","Spell","Surpassing Unseen Wisdom","Yes","No","Spell","36"
"swamp fever","Spell","Swamp Fever","No","No","Disease","0"
"Swimmer's_Blessing","Spell","Swimmer's Blessing","Yes","No","Spell","15"
"Tap Energy","Spell","Tap Energy","Yes","Yes","Spell","180"
"telekinesis","Spell","Telekinesis","Yes","No","Spell","6"
"temptation","Spell","Temptation","Yes","No","Spell","28"
"tempting touch","Spell","Tempting Touch","Yes","No","Spell","19"
"test_spell","Spell","Test Spell ","Yes","No","Spell","12"
"tevral's hawkshaw","Spell","Tevral's Hawkshaw","Yes","No","Spell","5"
"the dove's promise","Spell","The Dove's Promise","No","No","Spell","1"
"the eight gifts","Spell","The Eight Gifts","No","No","Spell","1"
"the eight wonders","Spell","The Eight Wonders","No","No","Spell","1"
"the moth-wing mirror","Spell","The Moth-Wing Mirror","No","No","Spell","1"
"the red diamond","Spell","The Red Diamond","No","No","Spell","1"
"the rock of llothis","Spell","The Rock of Llothis","No","No","Spell","1"
"third barrier","Spell","Third Barrier","Yes","No","Spell","90"
"thunder fist","Spell","Thunder Fist","No","No","Power","0"
"tinur's hoptoad","Spell","Tinur's Hoptoad","Yes","No","Spell","30"
"torpor","Spell","Torpor","Yes","No","Spell","28"
"torpor touch","Spell","Torpor Touch","Yes","No","Spell","19"
"touch dispel","Spell","Touch Dispel","Yes","No","Spell","1"
"touchdrain acrobatics","Spell","TouchDrain Acrobatics","Yes","No","Spell","19"
"touchdrain agility","Spell","TouchDrain Agility","Yes","No","Spell","19"
"touchdrain alchemy","Spell","TouchDrain Alchemy","Yes","No","Spell","19"
"touchdrain alteration","Spell","TouchDrain Alteration","Yes","No","Spell","19"
"touchdrain armorer","Spell","TouchDrain Armorer","Yes","No","Spell","19"
"touchdrain athletics","Spell","TouchDrain Athletics","Yes","No","Spell","19"
"touchdrain axe","Spell","TouchDrain Axe","Yes","No","Spell","19"
"touchdrain block","Spell","TouchDrain Block","Yes","No","Spell","19"
"touchdrain blunt weapon","Spell","TouchDrain Blunt Weapon","Yes","No","Spell","19"
"touchdrain conjuration","Spell","TouchDrain Conjuration","Yes","No","Spell","19"
"touchdrain destruction","Spell","TouchDrain Destruction","Yes","No","Spell","19"
"touchdrain enchant","Spell","TouchDrain Enchant","Yes","No","Spell","19"
"touchdrain hand to hand","Spell","TouchDrain Hand to Hand","Yes","No","Spell","19"
"touchdrain heavy armor","Spell","TouchDrain Heavy Armor","Yes","No","Spell","19"
"touchdrain illusion","Spell","TouchDrain Illusion","Yes","No","Spell","19"
"touchdrain light armor","Spell","TouchDrain Light Armor","Yes","No","Spell","19"
"touchdrain long blade","Spell","TouchDrain Long Blade","Yes","No","Spell","19"
"touchdrain marksman","Spell","TouchDrain Marksman","Yes","No","Spell","19"
"touchdrain medium armor","Spell","TouchDrain Medium Armor","Yes","No","Spell","19"
"touchdrain mercantile","Spell","TouchDrain Mercantile","Yes","No","Spell","19"
"touchdrain mysticism","Spell","TouchDrain Mysticism","Yes","No","Spell","19"
"touchdrain restoration","Spell","TouchDrain Restoration","Yes","No","Spell","19"
"touchdrain security","Spell","TouchDrain Security","Yes","No","Spell","19"
"touchdrain short blade","Spell","TouchDrain Short Blade","Yes","No","Spell","19"
"touchdrain sneak","Spell","TouchDrain Sneak","Yes","No","Spell","19"
"touchdrain spear","Spell","TouchDrain Spear","Yes","No","Spell","19"
"touchdrain speechcraft","Spell","TouchDrain Speechcraft","Yes","No","Spell","19"
"touchdrain unarmored","Spell","TouchDrain Unarmored","Yes","No","Spell","19"
"tower key","Spell","Tower Key","No","No","Power","0"
"tranasa's spelltrap","Spell","Tranasa's Spelltrap","Yes","No","Spell","125"
"trap_fire00","Spell","Fire Trap","No","No","Spell","3"
"trap_fire_killer","Spell","Master Fire Trap","No","No","Spell","3"
"trap_frost00","Spell","Frost Trap","No","No","Spell","3"
"trap_frost_killer","Spell","Master Frost Trap","No","No","Spell","3"
"trap_health00","Spell","Lifeforce Trap","No","No","Spell","8"
"trap_paralyze00","Spell","Paralysis Trap","No","No","Spell","13"
"trap_poison00","Spell","Poison Trap","No","No","Spell","16"
"trap_poison_killer","Spell","Master Poison Trap","No","No","Spell","16"
"trap_shock00","Spell","Shock Trap","No","No","Spell","5"
"trap_shock_killer","Spell","Master Shock Trap","No","No","Spell","5"
"trap_silence00","Spell","Silence Trap","No","No","Spell","37"
"Troll Strength","Spell","Troll Strength","Yes","No","Spell","30"
"troll's blood","Spell","Troll's Blood","Yes","No","Spell","5"
"trollkin ability","Spell","Trollkin","No","No","Ability","0"
"turn of the wheel","Spell","Turn of the Wheel","Yes","No","Spell","19"
"turn undead","Spell","Turn Undead","Yes","No","Spell","5"
"ulfgar_ghost_ring","Spell","Ulfgar's Death Blast","No","No","Spell","0"
"Ulfgar_Ghost_sp","Spell","Ulfgar Ghost","No","No","Ability","0"
"ulms juicedaw's feather","Spell","Ulms's Juicedaw's Feather","Yes","No","Spell","25"
"vampire attributes","Spell","Vampirism","No","No","Ability","0"
"vampire aundae specials","Spell","Vampirism","No","No","Ability","0"
"vampire berne specials","Spell","Vampirism","No","No","Ability","0"
"vampire blood aundae","Spell","Porphyric Hemophilia","No","No","Disease","0"
"vampire blood berne","Spell","Porphyric Hemophilia","No","No","Disease","0"
"vampire blood quarra","Spell","Porphyric Hemophilia","No","No","Disease","0"
"vampire immunities","Spell","Vampirism","No","No","Ability","0"
"vampire levitate","Spell","Vampire Fly","No","No","Spell","25"
"vampire quarra specials","Spell","Vampirism","No","No","Ability","0"
"vampire skills","Spell","Vampirism","No","No","Ability","0"
"vampire sun damage","Spell","Vampirism","No","No","Ability","0"
"vampire touch","Spell","Vampire Touch","No","No","Spell","8"
"vampire's kiss","Spell","Vampire's Kiss","No","No","Spell","4"
"variable resist common disease","Spell","Variable Resist Common Disease","Yes","No","Spell","16"
"variable resist corprus disease","Spell","Variable Resist Corprus Disease","No","No","Spell","39"
"variable resist corpus disease","Spell","Variable Resist Corpus Disease","No","No","Spell","39"
"variable resist fire","Spell","Variable Resist Fire","Yes","No","Spell","16"
"variable resist frost","Spell","Variable Resist Frost","Yes","No","Spell","16"
"variable resist magicka","Spell","Variable Resist Magicka","Yes","No","Spell","16"
"variable resist poison","Spell","Variable Resist Poison","Yes","No","Spell","16"
"variable resist shock","Spell","Variable Resist Shock","Yes","No","Spell","16"
"veloth's benison","Spell","Veloth's Benison","Yes","No","Spell","3"
"veloth's gift","Spell","Veloth's Gift","Yes","No","Spell","3"
"veloth's grace","Spell","Veloth's Grace","Yes","No","Spell","5"
"veloth's indwelling","Spell","Veloth's Indwelling","No","No","Spell","1440"
"vigor","Spell","Vigor","Yes","No","Spell","9"
"viper","Spell","Viper","Yes","No","Spell","2"
"viperbite","Spell","Viperbite","Yes","No","Spell","7"
"viperbolt","Spell","Viperbolt","Yes","No","Spell","44"
"vitality","Spell","Vitality","Yes","No","Spell","19"
"vivec's feast","Spell","Vivec's Feast","Yes","No","Spell","25"
"vivec's fury","Spell","Vivec's Fury","No","No","Spell","1"
"vivec's humility","Spell","Vivec's Humility","Yes","No","Spell","720"
"vivec's kiss","Spell","Vivec's Kiss","Yes","No","Spell","15"
"vivec's mercy","Spell","Vivec's Mercy","Yes","No","Spell","50"
"vivec's mystery","Spell","Vivec's Mystery","No","No","Spell","1"
"vivec's tears","Spell","Vivec's Tears","No","No","Spell","100"
"vivec's_wrath","Spell","Vivec's Wrath","Yes","No","Spell","28"
"Vivec_Abilities","Spell","Divine Abilities","No","No","Ability","0"
"voice of the emperor","Spell","Voice of the Emperor","No","No","Power","0"
"warywrd ability","Spell","Warwyrd","No","No","Ability","0"
"water breathing","Spell","Water Breathing","Yes","No","Spell","5"
"water walking","Spell","Water Walking","Yes","Yes","Spell","9"
"water walking (unique)","Spell","Water Walking","No","No","Ability","0"
"water_walk_UNIQUE","Spell","M'aiq's Water Walking","No","No","Ability","0"
"weak spelldrinker","Spell","Weak Spelldrinker","Yes","No","Spell","38"
"weakening touch","Spell","Weakening Touch","Yes","No","Spell","19"
"weakness","Spell","Weakness","Yes","No","Spell","28"
"weakness fire_50","Spell","Weakness to Fire","No","No","Ability","0"
"weakness frost_25","Spell","Weakness to Frost","No","No","Ability","0"
"weakness frost_60","Spell","Weakness to Frost","No","No","Ability","0"
"weakness magicka_50","Spell","Weakness to Magicka","No","No","Ability","0"
"weakness poison_50","Spell","Weakness to Poison","No","No","Ability","0"
"weakness shock_25","Spell","Weakness to Shock","No","No","Ability","0"
"weakness to blight disease","Spell","Weakness to Blight Disease","Yes","No","Spell","21"
"weakness to common disease","Spell","Weakness to Common Disease","Yes","No","Spell","16"
"weakness to corprus disease","Spell","Weakness to Corprus Disease","Yes","No","Spell","21"
"weakness to corpus disease","Spell","Weakness to Corpus Disease","Yes","No","Spell","21"
"weakness to fire","Spell","Weakness to Fire","Yes","No","Spell","8"
"weakness to frost","Spell","Weakness to Frost","Yes","No","Spell","8"
"weakness to magicka","Spell","Weakness to Magicka","Yes","No","Spell","8"
"weakness to poison","Spell","Weakness to Poison","Yes","No","Spell","8"
"weakness to shock","Spell","Weakness to Shock","Yes","No","Spell","8"
"weapon eater","Spell","Weapon Eater","Yes","No","Spell","5"
"weariness","Spell","Weariness","Yes","No","Spell","1"
"weary","Spell","Weary","Yes","No","Spell","34"
"wearying touch","Spell","Wearying Touch","Yes","No","Spell","38"
"weeping wound","Spell","Weeping Wound","Yes","No","Spell","5"
"werewolf blood","Spell","Sanies Lupinus","No","No","Disease","0"
"werewolf hunger","Spell","Weak From Bloodlust","No","No","Disease","0"
"werewolf regeneration","Spell","Spirit of the Wolf","No","No","Ability","0"
"werewolf resists","Spell","Werewolf Resistances","No","No","Ability","0"
"werewolf vision","Spell","Eye of the Wolf","No","No","Ability","0"
"werewolf_ritual_ring","Spell","Werewolf Transformation","No","No","Spell","0"
"wild clumsiness","Spell","Wild Clumsiness","Yes","No","Spell","56"
"wild distraction","Spell","Wild Distraction","Yes","No","Spell","56"
"wild earwig","Spell","Wild Earwig","Yes","No","Spell","17"
"wild exhaustion","Spell","Wild Exhaustion","Yes","No","Spell","90"
"wild flay spirit","Spell","Wild Flay Spirit","Yes","No","Spell","9"
"wild fortify acrobatics skill","Spell","Wild Fortify Acrobatics Skill","Yes","No","Spell","79"
"wild fortify alchemy skill","Spell","Wild Fortify Alchemy Skill","Yes","No","Spell","79"
"wild fortify alteration skill","Spell","Wild Fortify Alteration Skill","Yes","No","Spell","79"
"wild fortify armorer skill","Spell","Wild Fortify Armorer Skill","Yes","No","Spell","79"
"wild fortify athletics skill","Spell","Wild Fortify Athletics Skill","Yes","No","Spell","79"
"wild fortify axe skill","Spell","Wild Fortify Axe Skill","Yes","No","Spell","79"
"wild fortify block skill","Spell","Wild Fortify Block Skill","Yes","No","Spell","79"
"wild fortify blunt weapon skill","Spell","Wild Fortify Blunt Weapon Skill","Yes","No","Spell","79"
"wild fortify conjuration skill","Spell","Wild Fortify Conjuration Skill","Yes","No","Spell","79"
"wild fortify destruction skill","Spell","Wild Fortify Destruction Skill","Yes","No","Spell","79"
"wild fortify enchant skill","Spell","Wild Fortify Enchant Skill","Yes","No","Spell","79"
"wild fortify hand to hand skill","Spell","Wild Fortify Hand to Hand Skill","Yes","No","Spell","79"
"wild fortify heavy armor skill","Spell","Wild Fortify Heavy Armor Skill","Yes","No","Spell","79"
"wild fortify light armor skill","Spell","Wild Fortify Light Armor Skill","Yes","No","Spell","79"
"wild fortify long blade skill","Spell","Wild Fortify Long Blade Skill","Yes","No","Spell","79"
"wild fortify marksman skill","Spell","Wild Fortify Marksman Skill","Yes","No","Spell","79"
"wild fortify medium armor skill","Spell","Wild Fortify Medium Armor Skill","Yes","No","Spell","79"
"wild fortify mercantile skill","Spell","Wild Fortify Mercantile Skill","Yes","No","Spell","79"
"wild fortify mysticism skill","Spell","Wild Fortify Mysticism Skill","Yes","No","Spell","79"
"wild fortify restoration skill","Spell","Wild Fortify Restoration Skill","Yes","No","Spell","79"
"wild fortify security skill","Spell","Wild Fortify Security Skill","Yes","No","Spell","79"
"wild fortify short blade skill","Spell","Wild Fortify Short Blade Skill","Yes","No","Spell","79"
"wild fortify sneak skill","Spell","Wild Fortify Sneak Skill","Yes","No","Spell","79"
"wild fortify spear skill","Spell","Wild Fortify Spear Skill","Yes","No","Spell","79"
"wild fortify speechcraft skill","Spell","Wild Fortify Speechcraft Skill","Yes","No","Spell","79"
"wild fortify unarmored skill","Spell","Wild Fortify Unarmored Skill","Yes","No","Spell","79"
"wild levitate","Spell","Wild Levitate","Yes","No","Spell","115"
"wild misfortune","Spell","Wild Misfortune","Yes","No","Spell","84"
"wild open","Spell","Wild Open","Yes","No","Spell","15"
"wild reflect","Spell","Wild Reflect","Yes","No","Spell","103"
"wild shockbloom","Spell","Wild Shockbloom","Yes","No","Spell","14"
"wild spelldrinker","Spell","Wild Spelldrinker","Yes","No","Spell","51"
"wild spite","Spell","Wild Spite","Yes","No","Spell","84"
"wild strain","Spell","Wild Strain","Yes","No","Spell","2"
"wild temptation","Spell","Wild Temptation","Yes","No","Spell","2"
"wild torpor","Spell","Wild Torpor","Yes","No","Spell","28"
"wild weakness","Spell","Wild Weakness","Yes","No","Spell","2"
"wild weeping wound","Spell","Wild Weeping Wound","Yes","No","Spell","3"
"wisdom","Spell","Wisdom","Yes","No","Spell","30"
"witbane","Spell","Witbane","No","No","Disease","0"
"witchwither","Spell","Witchwither","No","No","Disease","0"
"wither","Spell","Wither","No","No","Disease","0"
"wizard rend","Spell","Wizard Rend","Yes","No","Spell","39"
"wizard's brand","Spell","Wizard's Brand","No","No","Power","0"
"wizard's fire","Spell","Wizard's Fire","Yes","No","Spell","8"
"woad","Spell","Woad","No","No","Power","0"
"woe","Spell","Woe","Yes","No","Spell","4"
"wombburn","Spell","Wombburn","No","No","Ability","0"
"wound","Spell","Wound","Yes","No","Spell","2"
"wounding touch","Spell","Wounding Touch","Yes","No","Spell","3"
"wrath of araynys","Spell","Wrath of Araynys","No","No","Spell","63"
"wrath of dagoth","Spell","Wrath of Dagoth","No","No","Spell","73"
"wrath of endus","Spell","Wrath of Endus","No","No","Spell","468"
"wrath of gilvoth","Spell","Wrath of Gilvoth","No","No","Spell","63"
"wrath of odros","Spell","Wrath of Odros","No","No","Spell","332"
"wrath of tureynul","Spell","Wrath of Tureynul","No","No","Spell","45"
"wrath of uthol","Spell","Wrath of Uthol","No","No","Spell","50"
"wrath of vemyn","Spell","Wrath of Vemyn","No","No","Spell","153"
"wrath of vivec","Spell","Wrath of Vivec","No","No","Spell","94"
"wulfharth's cups","Spell","Wulfharth's Cups","No","No","Spell","1"
"wulfharths cups","Spell","Wulfharths Cups","No","No","Spell","1"
"yellow tick","Spell","Yellow Tick","No","No","Disease","0"
"ysmir's cough","Spell","Ysmir's Cough","No","No","Spell","1"
"Zenithar_blessing","Spell","Zenithar's Blessing","No","No","Spell","25"
"Zenithar_gospel","Spell","Zenithar's Gospel","Yes","No","Spell","45"
