"ID","ItemType","Name","Value","Weight","Type","ChopMin","ChopMax","SlashMin","SlashMax","ThrustMin","ThrustMax","IgnoreResist","Health","Speed","Reach"
"6th bell hammer","Weapon","Sixth House Bell Hammer","5000","75.00","Blunt, 2-Close","1","50","1","45","1","3","No","4000","1.00","1.50"
"adamantium_axe","Weapon","Admantium Axe","5000","35.00","Axe, 2-Hand","1","60","1","40","1","6","No","3000","1.00","1.00"
"adamantium_claymore","Weapon","Adamantium Claymore","10000","50.00","Long Blade, 2-Hand","10","40","10","40","10","30","No","4000","1.00","1.00"
"adamantium_mace","Weapon","Adamantium Mace","1000","23.00","Blunt","5","20","5","20","1","5","No","2800","1.00","1.00"
"adamantium_shortsword","Weapon","Adamantium Shortsword","1000","20.00","Short Blade","7","15","7","15","7","20","No","900","2.00","1.00"
"adamantium_shortsword_db","Weapon","Adamantium Jinkblade of Wounds","1500","20.00","Short Blade","7","15","7","15","7","20","No","900","2.00","1.00"
"adamantium_spear","Weapon","Adamantium Spear","5000","25.00","Spear","1","10","1","10","10","30","No","900","1.00","1.00"
"Airan_Ahhe's_Spirit_Spear_uniq","Weapon","Airan-Ahhe's Spirit Spear","13","7.00","Spear","1","2","1","2","5","13","No","500","1.00","1.80"
"ane_teria_mace_unique","Weapon","Ane Teria's Mace","360","15.00","Blunt","3","17","3","17","1","2","Yes","3000","1.30","1.00"
"arrow of wasting flame","Weapon","Arrow of Wasting Flame","19","0.50","Arrow","1","4","0","0","0","0","Yes","10","1.00","1.00"
"arrow of wasting shard","Weapon","Arrow of Wasting Shard","21","0.50","Arrow","1","4","0","0","0","0","Yes","10","1.00","1.00"
"arrow of wasting spark","Weapon","Arrow of Wasting Spark","21","0.50","Arrow","1","4","0","0","0","0","Yes","10","1.00","1.00"
"arrow of wasting viper","Weapon","Arrow of Wasting Viper","19","0.50","Arrow","1","4","0","0","0","0","Yes","10","1.00","1.00"
"axe_queen_of_bats_unique","Weapon","Wings of the Queen of Bats","12000","30.00","Axe, 2-Hand","1","44","1","33","1","4","Yes","3000","1.25","1.00"
"azura_star_unique","Weapon","Azura's Star","1","4.00","Thrown","1","5","1","5","1","5","Yes","1200","1.00","1.00"
"banhammer_unique","Weapon","BanHammer","50","32.00","Blunt, 2-Close","1","28","1","24","1","2","No","2000","1.00","1.50"
"battle axe of wounds","Weapon","Battle Axe of Wounds","1130","30.00","Axe, 2-Hand","1","35","1","33","1","15","Yes","3000","1.00","1.00"
"Bipolar Blade","Weapon","BiPolar Blade","40000","42.00","Long Blade, 2-Hand","5","61","1","50","1","35","Yes","4300","1.25","1.00"
"Bipolar Blade_x","Weapon","BiPolar Blade","20000","42.00","Long Blade, 2-Hand","5","61","1","50","1","35","No","4300","1.25","1.00"
"black dart","Weapon","Black Dart","6","0.20","Thrown","2","5","0","1","0","1","No","150","1.00","1.00"
"bladepiece_01","Weapon","Odd Dwemer Weapon","600","35.00","Long Blade","12","12","15","15","15","15","No","100","1.25","1.00"
"bleeder dart","Weapon","Bleeder Dart","6","0.20","Thrown","2","5","0","1","0","1","No","150","1.00","1.00"
"BM frostgore","Weapon","Frostgore","100","10.00","Short Blade","1","10","1","15","13","24","No","300","1.00","1.00"
"BM huntsman axe","Weapon","Huntsman Axe","100","24.00","Axe","1","20","1","15","1","3","No","800","1.25","1.00"
"BM huntsman crossbow","Weapon","Huntsman Crossbow","500","10.00","Crossbow","25","25","0","1","0","1","No","650","1.00","1.00"
"BM huntsman longsword","Weapon","Huntsman Longsword","500","18.00","Long Blade","1","15","1","18","1","15","No","800","1.35","1.00"
"BM Huntsman Spear","Weapon","Huntsman Spear","500","15.00","Spear","1","7","1","7","1","22","No","900","1.00","1.80"
"BM huntsman war axe","Weapon","Huntsman War Axe","125","32.00","Axe","1","30","1","20","1","5","No","800","1.25","1.00"
"BM Huntsmanbolt","Weapon","Huntsman Bolt","5","0.10","Bolt","3","3","0","1","0","1","No","10","1.00","1.00"
"BM ice dagger","Weapon","Stalhrim Dagger","15000","5.00","Short Blade","10","16","10","16","10","16","Yes","800","2.50","1.00"
"BM ice longsword","Weapon","Stalhrim Longsword","65000","70.00","Long Blade","4","40","4","55","5","50","Yes","2500","1.50","1.00"
"BM ice longsword_FG_Unique","Weapon","Stalhrim Longsword of Flame","65000","70.00","Long Blade","4","50","5","55","4","55","Yes","2500","1.50","1.00"
"BM ice mace","Weapon","Stalhrim Mace","40000","65.00","Blunt","5","45","5","45","2","6","Yes","9000","1.30","1.10"
"BM ice war axe","Weapon","Stalhrim War Axe","50000","35.00","Axe","1","40","1","30","1","5","Yes","2000","1.25","1.00"
"BM nord leg","Weapon","Severed Nord Leg","6","5.00","Blunt","1","15","1","10","1","2","No","30","1.30","1.00"
"BM Nordic Pick","Weapon","Ancient Nordic Pick Axe","8000","20.00","Axe","1","20","1","15","1","5","Yes","300","1.00","1.00"
"BM nordic silver axe","Weapon","Nordic Silver Axe","1000","32.00","Axe","1","35","1","22","1","5","Yes","2000","1.25","1.00"
"BM nordic silver axe_ber","Weapon","Berserker Silver Axe","1000","32.00","Axe","1","35","1","22","1","5","Yes","2000","1.25","1.00"
"BM nordic silver axe_spurius","Weapon","Nordic Axe of Paralysis","2000","32.00","Axe","8","42","8","28","3","8","Yes","2000","1.25","1.00"
"BM nordic silver battleaxe","Weapon","Nordic Silver Battleaxe","1000","30.00","Axe, 2-Hand","5","50","6","35","1","5","Yes","2000","1.00","1.00"
"BM nordic silver battleaxe_ber","Weapon","Berserker Silver Battleaxe","1000","30.00","Axe, 2-Hand","5","50","6","35","1","5","Yes","2000","1.00","1.00"
"BM nordic silver claymore","Weapon","Nordic Silver Claymore","1000","25.00","Long Blade, 2-Hand","6","35","6","30","6","24","Yes","2000","1.25","1.00"
"BM nordic silver claymore_ber","Weapon","Berserker Silver Claymore","1000","25.00","Long Blade, 2-Hand","6","35","6","30","6","24","Yes","2000","1.25","1.00"
"BM nordic silver dagger","Weapon","Nordic Silver Dagger","1000","10.00","Short Blade","5","10","5","10","7","15","Yes","550","2.50","1.00"
"BM nordic silver longsword","Weapon","Nordic Silver Longsword","1000","20.00","Long Blade","9","28","9","20","9","20","Yes","800","1.35","1.00"
"BM nordic silver longsword_ber","Weapon","Berserker Silver Longsword","1000","20.00","Long Blade","4","18","4","15","4","15","Yes","800","1.35","1.00"
"BM nordic silver longsword_cft","Weapon","Clanbringer","1000","20.00","Long Blade","2","20","6","17","6","17","Yes","800","1.35","1.00"
"BM nordic silver mace","Weapon","Nordic Silver Mace","1000","30.00","Blunt","5","20","5","20","1","5","Yes","3300","1.30","1.00"
"BM nordic silver shortsword","Weapon","Nordic Silver Shortsword","1000","15.00","Short Blade","6","12","6","12","9","15","Yes","500","2.00","1.00"
"BM nordic_longsword_tracker","Weapon","Nordic Silver Longsword","1200","20.00","Long Blade","5","30","5","25","5","25","Yes","850","1.35","1.00"
"bm reaver battle axe","Weapon","Blood Axe","60","30.00","Axe, 2-Hand","1","30","1","30","1","4","No","1200","1.00","1.00"
"BM riekling lance","Weapon","Riekling Lance","100","10.00","Short Blade","1","10","1","15","13","24","No","300","1.30","1.00"
"BM riekling sword","Weapon","Riekling Blade","350","20.00","Long Blade","13","28","18","30","11","23","No","500","1.00","1.00"
"BM riekling sword_rusted","Weapon","Rusted Riekling Blade","150","20.00","Long Blade","10","18","12","20","4","13","No","500","1.00","1.00"
"BM silver dagger wolfender","Weapon","Wolfender Silver Dagger","1","1.00","Short Blade","1","5","1","5","1","5","Yes","100","1.00","1.00"
"BM Winterwound Dagger","Weapon","Winterwound Dagger","1000","10.00","Short Blade","5","10","5","10","10","20","Yes","550","2.50","1.00"
"BM_arrow_riekling_uni","Weapon","Chitin Arrow","1","0.10","Arrow","1","2","0","0","0","0","No","1","1.00","1.00"
"BM_axe_Heartfang_Unique","Weapon","Nordic Silver Battleaxe","120","30.00","Axe, 2-Hand","6","35","6","35","1","5","Yes","2000","1.00","1.00"
"BM_dagger_wolfgiver","Weapon","Wolfgiver Silver Dagger","150","1.00","Short Blade","1","5","1","5","1","5","Yes","100","1.00","1.00"
"bm_ebony_staff_necro","Weapon","Staff of Carnal Channeling","7000","16.00","Blunt, 2-Wide","2","16","3","16","1","10","Yes","900","1.75","1.80"
"bm_ebonyarrow_s","Weapon","Ebony Arrow of Slaying","10","0.20","Arrow","132","132","0","1","0","1","Yes","10","1.00","1.00"
"bm_ebonylongsword_s","Weapon","Shadowsting","5000","40.00","Long Blade","2","27","1","37","10","50","Yes","1600","1.35","1.00"
"BM_hunter_battleaxe_unique","Weapon","Nordic Silver Battleaxe","800","22.00","Axe, 2-Hand","25","45","20","30","1","5","Yes","1400","2.00","1.40"
"BM_hunterspear_unique","Weapon","Spear of the Hunter","25000","25.00","Spear","12","15","12","15","40","60","Yes","2000","1.00","1.80"
"BM_ice_minion_lance","Weapon","Riekling Lance","100","10.00","Short Blade","1","10","1","15","13","24","No","300","1.30","1.00"
"BM_Mace_Aevar_UNI","Weapon","Mace of Aevar Stone-Singer","50000","90.00","Blunt","30","90","30","90","10","10","Yes","10000","1.00","1.60"
"BM_nordic_silver_lgswd_bloodska","Weapon","Bloodskal","1000","20.00","Long Blade","12","25","15","20","12","20","Yes","800","1.35","1.00"
"bm_saber_seasplitter","Weapon","Seasplitter","220","15.00","Long Blade","2","20","1","18","2","6","Yes","700","1.40","1.00"
"boethiah's walking stick","Weapon","Boethiah's Walking Stick","21075","24.00","Blunt, 2-Wide","2","16","3","16","1","12","Yes","1200","1.75","1.80"
"bonebiter_bow_unique","Weapon","Bonebiter Bow of Sul-Senipul","105","2.00","Bow","1","20","0","1","0","1","Yes","600","1.00","1.00"
"bonemold arrow","Weapon","Bonemold Arrow","2","0.15","Arrow","1","4","0","0","0","0","No","10","1.00","1.00"
"bonemold bolt","Weapon","Bonemold Bolt","2","0.15","Bolt","3","4","0","1","0","1","No","10","1.00","1.00"
"bonemold long bow","Weapon","Bonemold Long Bow","250","7.00","Bow","1","30","0","1","0","1","No","700","1.00","1.00"
"bound_battle_axe","Weapon","Bound Battle Axe","0","0.00","Axe, 2-Hand","1","80","1","60","1","8","Yes","4800","1.00","1.00"
"bound_dagger","Weapon","Bound Dagger","0","0.00","Short Blade","9","20","9","20","10","20","Yes","600","2.50","1.00"
"bound_longbow","Weapon","Bound Longbow","0","0.00","Bow","2","50","0","0","0","0","Yes","850","1.00","1.00"
"bound_longsword","Weapon","Bound Longsword","0","0.00","Long Blade","2","32","1","44","4","40","Yes","3200","1.35","1.00"
"bound_mace","Weapon","Bound Mace","0","0.00","Blunt","5","30","5","30","1","4","Yes","4800","1.30","1.00"
"bound_spear","Weapon","Bound Spear","0","0.00","Spear","2","9","2","9","6","40","Yes","1200","1.00","1.80"
"carmine dart","Weapon","Carmine Dart","6","0.20","Thrown","2","5","0","1","0","1","No","150","1.00","1.00"
"centurion_projectile_dart","Weapon","Dwarven Dart","10","0.20","Thrown","20","50","20","50","20","50","Yes","200","1.50","1.00"
"centurion_projectile_dart_shock","Weapon","Dwarven Shock Dart","20","0.20","Thrown","20","50","20","50","20","50","Yes","200","1.50","1.00"
"chargen dagger","Weapon","Iron Dagger","1","3.00","Short Blade","4","5","4","5","5","5","No","400","2.50","1.00"
"chitin arrow","Weapon","Chitin Arrow","1","0.10","Arrow","1","2","0","0","0","0","No","1","1.00","1.00"
"chitin club","Weapon","Chitin Club","6","6.00","Blunt","3","3","2","2","1","2","No","320","1.50","1.00"
"chitin dagger","Weapon","Chitin Dagger","6","1.50","Short Blade","3","3","3","3","4","4","No","380","2.00","1.00"
"chitin short bow","Weapon","Chitin Short Bow","20","2.00","Bow","1","10","0","0","0","0","No","500","1.00","1.00"
"chitin shortsword","Weapon","Chitin Shortsword","13","4.00","Short Blade","3","7","3","7","4","9","No","540","2.00","1.00"
"chitin spear","Weapon","Chitin Spear","13","7.00","Spear","1","2","1","2","5","13","No","500","1.00","1.80"
"chitin throwing star","Weapon","Chitin Throwing Star","3","0.10","Thrown","2","3","0","1","0","1","No","40","1.00","1.00"
"chitin war axe","Weapon","Chitin War Axe","19","12.00","Axe","1","11","1","6","1","2","No","640","1.25","1.00"
"claymore_Agustas","Weapon","Sword of Agustas","450","25.00","Long Blade, 2-Hand","1","30","1","25","1","18","No","3000","1.25","1.00"
"claymore_chrysamere_unique","Weapon","Chrysamere","95000","60.00","Long Blade, 2-Hand","5","70","5","60","5","40","Yes","6000","1.25","1.00"
"claymore_chrysamere_unique_x","Weapon","Chrysamere","95000","60.00","Long Blade, 2-Hand","5","70","5","60","5","40","Yes","6000","1.25","1.00"
"claymore_iceblade_unique","Weapon","Ice Blade of the Monarch","95000","60.00","Long Blade, 2-Hand","5","50","4","40","3","30","Yes","6000","1.25","1.00"
"claymore_iceblade_unique_x","Weapon","Ice Blade of the Monarch","95000","60.00","Long Blade, 2-Hand","5","50","4","40","3","30","Yes","6000","1.25","1.00"
"cleaverstfelms","Weapon","Cleaver of St. Felms","12000","48.00","Axe","1","37","1","20","1","5","Yes","2400","1.25","1.00"
"cloudcleaver_unique","Weapon","Cloudcleaver","1630","30.00","Axe, 2-Hand","1","36","1","27","1","4","Yes","1800","1.00","1.00"
"clutterbane","Weapon","Clutterbane","50000","50.00","Blunt","10","45","10","35","6","10","Yes","4000","1.30","1.00"
"conoon_chodala_axe_unique","Weapon","Conoon Chodala's Axe","12000","14.40","Axe","1","33","1","18","1","5","Yes","640","1.25","1.00"
"corkbulb arrow","Weapon","Corkbulb Arrow","1","0.10","Arrow","1","1","0","0","0","0","No","1","1.00","1.00"
"corkbulb bolt","Weapon","Corkbulb Bolt","5","0.10","Bolt","1","1","0","1","0","1","No","10","1.00","1.00"
"crosierstllothis","Weapon","Crosier of St. Llothis","5000","4.80","Blunt, 2-Wide","2","12","3","12","1","9","Yes","180","1.75","1.50"
"cruel flame bolt","Weapon","Cruel Flame Bolt","7","0.10","Bolt","3","3","0","1","0","1","Yes","10","1.00","1.00"
"cruel flamearrow","Weapon","Cruel Flamearrow","5","0.20","Arrow","1","3","0","0","0","0","Yes","10","1.00","1.00"
"cruel flameblade","Weapon","Cruel Flameblade","15","3.00","Short Blade","4","5","4","5","5","5","Yes","400","2.50","1.00"
"cruel flamestar","Weapon","Cruel Flamestar","15","0.20","Thrown","2","5","0","1","0","1","Yes","45","1.00","1.00"
"cruel flamesword","Weapon","Cruel Flamesword","60","8.00","Short Blade","5","11","5","11","6","12","Yes","600","2.00","1.00"
"cruel frostarrow","Weapon","Cruel Frostarrow","5","0.20","Arrow","1","3","0","0","0","0","Yes","10","1.00","1.00"
"cruel shard bolt","Weapon","Cruel Shard Bolt","7","0.10","Bolt","3","3","0","1","0","1","Yes","10","1.00","1.00"
"cruel shardarrow","Weapon","Cruel Shardarrow","5","0.20","Arrow","1","3","0","0","0","0","Yes","10","1.00","1.00"
"cruel shardblade","Weapon","Cruel Shardblade","15","3.00","Short Blade","4","5","4","5","5","5","Yes","400","2.00","1.00"
"cruel shardstar","Weapon","Cruel Shardstar","6","0.20","Thrown","2","5","0","1","0","1","Yes","45","1.00","1.00"
"cruel shardsword","Weapon","Cruel Shardsword","60","8.00","Short Blade","5","10","5","10","6","12","Yes","600","2.00","1.00"
"cruel spark bolt","Weapon","Cruel Spark Bolt","8","0.10","Bolt","3","3","0","1","0","1","Yes","10","1.00","1.00"
"cruel sparkarrow","Weapon","Cruel Sparkarrow","6","0.20","Arrow","1","3","0","0","0","0","Yes","10","1.00","1.00"
"cruel sparkblade","Weapon","Cruel Sparkblade","15","3.00","Short Blade","4","5","4","5","5","5","Yes","400","2.50","1.00"
"cruel sparkstar","Weapon","Cruel Sparkstar","17","0.20","Thrown","2","5","0","1","0","1","Yes","45","1.00","1.00"
"cruel sparksword","Weapon","Cruel Sparksword","65","8.00","Short Blade","5","10","5","10","6","12","Yes","600","2.00","1.00"
"cruel viper bolt","Weapon","Cruel Viper Bolt","5","0.10","Bolt","3","3","0","1","0","1","Yes","10","1.00","1.00"
"cruel viperarrow","Weapon","Cruel Viperarrow","5","0.20","Arrow","1","3","0","0","0","0","Yes","10","1.00","1.00"
"cruel viperblade","Weapon","Cruel Viperblade","15","3.00","Short Blade","4","5","4","5","5","5","Yes","400","2.50","1.00"
"cruel viperstar","Weapon","Cruel Viperstar","15","0.20","Thrown","2","5","0","1","0","1","Yes","45","1.00","1.00"
"cruel vipersword","Weapon","Cruel Vipersword","60","8.00","Short Blade","5","10","5","10","6","12","Yes","600","2.00","1.00"
"daedric arrow","Weapon","Daedric Arrow","20","0.30","Arrow","10","15","0","0","0","0","Yes","1","1.00","1.00"
"daedric battle axe","Weapon","Daedric Battle Axe","50000","90.00","Axe, 2-Hand","1","80","1","60","1","8","Yes","4800","1.00","1.00"
"daedric claymore","Weapon","Daedric Claymore","80000","81.00","Long Blade, 2-Hand","1","60","1","52","1","36","Yes","5600","1.25","1.00"
"daedric club","Weapon","Daedric Club","10000","36.00","Blunt","10","12","4","8","4","8","Yes","1600","1.50","1.00"
"daedric dagger","Weapon","Daedric Dagger","10000","9.00","Short Blade","8","12","8","12","8","12","Yes","700","2.50","1.00"
"daedric dagger_bar","Weapon","Daedric Dagger","10000","9.00","Short Blade","8","12","8","12","8","12","Yes","700","2.50","1.00"
"daedric dagger_mtas","Weapon","Black Hands Dagger","15000","9.00","Short Blade","9","20","9","20","9","20","Yes","1000","2.50","1.00"
"daedric dagger_soultrap","Weapon","Soul Drinker","11000","9.00","Short Blade","8","12","8","12","8","12","Yes","700","2.50","1.00"
"daedric dai-katana","Weapon","Daedric Dai-katana","120000","60.00","Long Blade, 2-Hand","1","60","1","52","1","30","Yes","7200","1.35","1.00"
"daedric dart","Weapon","Daedric Dart","4000","0.40","Thrown","2","12","0","1","0","1","Yes","90","1.00","1.00"
"daedric katana","Weapon","Daedric Katana","50000","54.00","Long Blade","3","44","1","40","1","14","Yes","4800","1.50","1.00"
"daedric long bow","Weapon","Daedric Long Bow","50000","24.00","Bow","2","50","0","0","0","0","Yes","1000","1.00","1.00"
"daedric longsword","Weapon","Daedric Longsword","40000","60.00","Long Blade","2","32","1","44","4","40","Yes","3200","1.35","1.00"
"daedric mace","Weapon","Daedric Mace","24000","45.00","Blunt","3","30","3","30","2","4","Yes","4800","1.30","1.00"
"daedric shortsword","Weapon","Daedric Shortsword","20000","24.00","Short Blade","10","26","10","26","12","24","Yes","1500","2.00","1.00"
"daedric spear","Weapon","Daedric Spear","20000","42.00","Spear","2","9","2","9","6","40","Yes","1000","1.00","1.80"
"daedric staff","Weapon","Daedric Staff","14000","24.00","Blunt, 2-Wide","2","16","3","16","1","12","Yes","1200","1.75","1.80"
"daedric tanto","Weapon","Daedric Tanto","14000","12.00","Short Blade","9","20","9","20","9","20","Yes","1100","2.25","1.00"
"daedric wakizashi","Weapon","Daedric Wakizashi","48000","30.00","Short Blade","10","30","10","25","7","11","Yes","1100","2.25","1.00"
"daedric wakizashi_hhst","Weapon","Daedric Wakizashi","48000","30.00","Short Blade","12","25","10","21","5","11","Yes","1100","2.25","1.00"
"daedric war axe","Weapon","Daedric War Axe","30000","72.00","Axe","1","44","1","24","1","6","Yes","3200","1.25","1.00"
"daedric warhammer","Weapon","Daedric Warhammer","30000","96.00","Blunt, 2-Close","1","70","1","60","1","4","Yes","8000","1.00","1.50"
"daedric warhammer_ttgd","Weapon","Veloth's Judgement","30000","96.00","Blunt, 2-Close","1","70","1","60","1","4","Yes","8000","1.00","1.50"
"daedric warhammer_ttgd_x","Weapon","Veloth's Judgement","30000","96.00","Blunt, 2-Close","1","70","1","60","1","4","Yes","8000","1.00","1.50"
"daedric_club_tgdc","Weapon","Anora's Club","10000","36.00","Blunt","10","12","4","8","6","8","Yes","1600","1.50","1.00"
"daedric_crescent_unique","Weapon","Daedric Crescent","180000","35.00","Long Blade, 2-Hand","15","40","20","50","5","15","Yes","5400","1.25","1.00"
"daedric_scourge_unique","Weapon","Scourge","80000","30.00","Blunt","10","35","10","35","6","8","Yes","4000","1.50","1.00"
"Dagger of Judgement","Weapon","Dagger of Judgement","6","1.50","Short Blade","3","3","3","3","3","3","Yes","400","2.50","1.00"
"dagger_fang_unique","Weapon","Fang of Haynekhtnamet","32000","5.00","Short Blade","11","20","11","20","13","30","Yes","5500","2.50","1.00"
"dagger_fang_unique_x","Weapon","Fang of Haynekhtnamet","32000","5.00","Short Blade","11","20","11","20","13","30","Yes","5500","2.50","1.00"
"dagoth dagger","Weapon","Dagoth Dagger","22","1.50","Short Blade","4","7","4","7","4","7","Yes","400","2.50","1.00"
"dart_uniq_judgement","Weapon","Dart of Judgment","500","0.10","Thrown","1","12","0","0","0","0","Yes","10","1.00","1.00"
"daunting mace","Weapon","Daunting Mace","12500","30.00","Blunt","10","26","10","26","1","3","Yes","3600","1.30","1.00"
"demon katana","Weapon","Demon Katana","10000","18.00","Long Blade","3","20","1","18","1","6","Yes","1200","1.50","1.00"
"demon longbow","Weapon","Demon Longbow","11000","8.00","Bow","1","25","0","1","0","1","Yes","600","1.00","1.00"
"demon mace","Weapon","Demon Mace","10000","25.00","Blunt","5","26","5","26","1","3","Yes","3600","1.30","1.00"
"demon tanto","Weapon","Demon Tanto","125","4.00","Short Blade","5","6","5","6","6","6","Yes","500","2.25","1.00"
"devil katana","Weapon","Devil Katana","253","18.00","Long Blade","3","20","1","18","1","6","Yes","1200","1.50","1.00"
"devil longbow","Weapon","Devil Longbow","265","8.00","Bow","1","25","0","1","0","1","Yes","600","1.00","1.00"
"devil spear","Weapon","Devil Spear","165","14.00","Spear","2","5","2","5","6","17","Yes","600","1.00","1.80"
"devil tanto","Weapon","Devil Tanto","157","4.00","Short Blade","5","6","5","6","6","6","Yes","500","2.25","1.00"
"devil_tanto_tgamg","Weapon","Anarenen's Devil Tanto","157","4.00","Short Blade","5","9","5","9","6","9","Yes","500","2.25","1.00"
"dire flame bolt","Weapon","Dire Flamebolt","8","0.10","Bolt","3","4","0","1","0","1","Yes","10","1.00","1.00"
"dire flamearrow","Weapon","Dire Flamearrow","6","0.20","Arrow","1","4","0","0","0","0","Yes","10","1.00","1.00"
"dire flameblade","Weapon","Dire Flameblade","17","3.00","Short Blade","4","8","4","8","5","8","Yes","400","2.50","1.00"
"dire flamesword","Weapon","Dire Flamesword","65","8.00","Short Blade","5","10","5","10","4","11","Yes","600","2.00","1.00"
"dire frostarrow","Weapon","Dire Frostarrow","6","0.20","Arrow","1","4","0","0","0","0","Yes","10","1.00","1.00"
"dire shard bolt","Weapon","Dire Shardbolt","8","0.10","Bolt","3","4","0","1","0","1","Yes","10","1.00","1.00"
"dire shardarrow","Weapon","Dire Shardarrow","6","0.20","Arrow","1","4","0","0","0","0","Yes","10","1.00","1.00"
"dire shardblade","Weapon","Dire Shardblade","17","3.00","Short Blade","4","8","4","8","5","8","Yes","400","2.50","1.00"
"dire shardsword","Weapon","Dire Shardsword","65","8.00","Short Blade","5","10","5","10","6","12","Yes","600","2.00","1.00"
"dire spark bolt","Weapon","Dire Sparkbolt","8","0.10","Bolt","3","4","0","1","0","1","Yes","10","1.00","1.00"
"dire sparkarrow","Weapon","Dire Sparkarrow","6","0.20","Arrow","1","4","0","0","0","0","Yes","10","1.00","1.00"
"dire sparkblade","Weapon","Dire Sparkblade","17","3.00","Short Blade","4","8","4","8","5","8","Yes","400","2.50","1.00"
"dire sparksword","Weapon","Dire Sparksword","65","8.00","Short Blade","5","10","5","10","6","12","Yes","600","2.00","1.00"
"dire viper bolt","Weapon","Dire Viperbolt","8","0.10","Bolt","3","4","0","1","0","1","Yes","10","1.00","1.00"
"dire viperarrow","Weapon","Dire Viperarrow","6","0.20","Arrow","1","4","0","1","0","1","Yes","10","1.00","1.00"
"dire viperblade","Weapon","Dire Viperblade","17","3.00","Short Blade","4","8","4","8","5","8","Yes","400","2.50","1.00"
"dire vipersword","Weapon","Dire Vipersword","70","8.00","Short Blade","5","10","5","10","6","12","Yes","600","2.00","1.00"
"divine judgement silver staff","Weapon","Divine Judgement Silver Staff","80","6.40","Blunt, 2-Wide","2","7","3","7","1","5","Yes","270","1.75","1.50"
"dreugh club","Weapon","Dreugh Club","200","10.80","Blunt","7","8","4","5","3","5","Yes","400","1.50","1.00"
"dreugh staff","Weapon","Dreugh Staff","400","7.20","Blunt, 2-Wide","2","10","3","10","1","8","Yes","270","1.75","1.50"
"dwarven axe_soultrap","Weapon","Dwemer Pneuma-Trap","1000","25.00","Axe, 2-Hand","1","36","1","34","1","16","Yes","3000","1.00","1.00"
"dwarven battle axe","Weapon","Dwarven Battle Axe","750","30.00","Axe, 2-Hand","1","35","1","33","1","15","Yes","3000","1.00","1.00"
"dwarven claymore","Weapon","Dwarven Claymore","1200","27.00","Long Blade, 2-Hand","1","33","1","29","1","20","Yes","3500","1.25","1.00"
"dwarven crossbow","Weapon","Dwarven Crossbow","1200","10.00","Crossbow","30","30","0","0","0","0","Yes","750","1.00","1.00"
"dwarven halberd","Weapon","Dwarven Halberd","600","24.00","Spear","3","17","1","13","5","28","Yes","1000","1.00","1.80"
"dwarven halberd_soultrap","Weapon","Bthuangth's Harvester","900","22.00","Spear","1","18","1","14","5","29","Yes","1000","1.00","1.80"
"dwarven mace","Weapon","Dwarven Mace","360","15.00","Blunt","5","17","5","17","1","2","Yes","3000","1.50","1.00"
"dwarven mace_salandas","Weapon","Suldreni's Mace","360","15.00","Blunt","6","19","6","19","1","2","Yes","3000","1.50","1.00"
"dwarven shortsword","Weapon","Dwarven Shortsword","300","8.00","Short Blade","7","14","7","14","8","15","Yes","1050","2.00","1.00"
"dwarven spear","Weapon","Dwarven Spear","300","14.00","Spear","2","5","2","5","5","21","Yes","1400","1.00","1.80"
"dwarven war axe","Weapon","Dwarven War Axe","450","24.00","Axe","1","24","1","13","1","3","Yes","2000","1.25","1.00"
"dwarven war axe_redas","Weapon","Redas War Axe","550","24.00","Axe","1","24","1","13","1","3","Yes","800","1.25","1.00"
"dwarven warhammer","Weapon","Dwarven Warhammer","600","32.00","Blunt, 2-Close","1","39","1","33","1","2","Yes","5000","1.00","1.50"
"dwarven_hammer_volendrung","Weapon","Volendrung","600","32.00","Blunt, 2-Close","1","39","1","33","1","2","Yes","5000","1.00","1.50"
"dwe_jinksword_curse_Unique","Weapon","Flawed Dwemer Jinksword","350","8.00","Short Blade","12","25","12","25","11","16","Yes","1000","2.00","1.00"
"dwemer jinksword","Weapon","Dwemer Jinksword","350","8.00","Short Blade","7","12","7","12","9","14","Yes","1000","2.00","1.00"
"ebony arrow","Weapon","Ebony Arrow","10","0.20","Arrow","5","10","0","0","0","0","Yes","10","1.00","1.00"
"ebony arrow_sadri","Weapon","PoisonGrip Arrow","10","0.20","Arrow","15","30","0","1","0","1","Yes","10","1.00","1.00"
"ebony broadsword","Weapon","Ebony Broadsword","15000","24.00","Long Blade","4","26","2","26","2","26","Yes","1800","1.25","1.00"
"ebony broadsword_Dae_cursed","Weapon","Ebony Broadsword","15000","24.00","Long Blade","4","26","2","26","2","26","Yes","1800","1.25","1.00"
"ebony dart","Weapon","Ebony Dart","2000","0.40","Thrown","2","10","0","1","0","1","Yes","60","1.00","1.00"
"ebony dart_db_unique","Weapon","A Carved Ebony Dart","2000","0.40","Thrown","2","10","0","1","0","1","Yes","60","1.00","1.00"
"ebony longsword","Weapon","Ebony Longsword","20000","40.00","Long Blade","2","27","1","37","4","34","Yes","1600","1.35","1.00"
"ebony mace","Weapon","Ebony Mace","12000","30.00","Blunt","7","26","7","26","1","3","Yes","3600","1.50","1.00"
"Ebony Scimitar","Weapon","Ebony Scimitar","15000","40.00","Long Blade","2","27","1","43","3","34","Yes","3000","1.35","1.00"
"Ebony Scimitar_her","Weapon","Her Ebony Scimitar","25000","40.00","Long Blade","2","27","1","43","3","34","Yes","3000","1.35","1.00"
"ebony shortsword","Weapon","Ebony Shortsword","10000","16.00","Short Blade","10","20","10","22","15","25","Yes","1200","2.00","1.00"
"ebony shortsword_soscean","Weapon","Soscean's Shortsword","11000","16.00","Short Blade","10","20","10","22","15","25","Yes","1200","2.00","1.00"
"ebony spear","Weapon","Ebony Spear","10000","28.00","Spear","2","8","2","8","5","32","Yes","1200","1.00","1.80"
"ebony spear_blessed_unique","Weapon","Blessed Spear","10000","28.00","Spear","2","8","2","8","5","32","Yes","1200","1.00","1.80"
"ebony spear_hrce_unique","Weapon","Ebony Spear","10000","28.00","Spear","2","8","2","8","5","32","Yes","900","1.00","1.80"
"ebony staff","Weapon","Ebony Staff","7000","16.00","Blunt, 2-Wide","2","16","3","16","1","10","Yes","900","1.75","1.80"
"ebony staff caper","Weapon","Felen's Ebony Staff","4300","16.00","Blunt, 2-Wide","2","16","3","16","1","10","Yes","900","1.75","1.80"
"ebony throwing star","Weapon","Ebony Throwing Star","2000","0.20","Thrown","2","10","0","1","0","1","Yes","900","1.00","1.00"
"ebony war axe","Weapon","Ebony War Axe","15000","48.00","Axe","1","37","1","20","1","5","Yes","2400","1.25","1.00"
"ebony war axe_elanande","Weapon","Elanande's War Axe","15000","48.00","Axe","1","37","1","20","1","5","Yes","2400","1.25","1.00"
"ebony wizard's staff","Weapon","Wizard's Staff","10000","16.00","Blunt, 2-Wide","2","16","3","16","1","10","Yes","900","1.75","1.80"
"ebony_bow_auriel","Weapon","Auriel's Bow","30000","16.00","Bow","2","50","0","0","0","0","Yes","1000","1.00","1.00"
"ebony_bow_auriel_X","Weapon","Auriel's Bow","30000","16.00","Bow","2","50","0","1","0","1","Yes","1000","1.00","1.00"
"ebony_dagger_mehrunes","Weapon","Ebony Shortsword","5000","16.00","Short Blade","10","20","10","20","12","22","Yes","1200","2.50","1.00"
"ebony_staff_tges","Weapon","Maryon's Staff","4300","16.00","Blunt, 2-Wide","2","16","3","16","1","10","Yes","900","1.75","1.80"
"ebony_staff_trebonius","Weapon","Trebonius' Staff","10000","16.00","Blunt, 2-Wide","2","16","3","16","1","10","Yes","900","1.75","1.80"
"erur_dan_spear_unique","Weapon","Erud-Dan's Spear","13","7.00","Spear","1","2","1","2","5","13","Yes","150","1.00","1.80"
"false_sunder","Weapon","* Sunder *","600","32.00","Blunt, 2-Close","1","39","1","33","1","2","Yes","5000","1.00","1.50"
"fiend battle axe","Weapon","Fiend Battle Axe","9000","30.00","Axe, 2-Hand","1","36","1","27","1","4","Yes","1800","1.00","1.00"
"fiend katana","Weapon","Fiend Katana","9000","18.00","Long Blade","3","20","1","18","1","6","Yes","1200","1.50","1.00"
"fiend longbow","Weapon","Fiend Longbow","9000","8.00","Bow","1","25","0","1","0","1","Yes","600","1.00","1.00"
"fiend spear","Weapon","Fiend Spear","3000","14.00","Spear","2","5","2","5","6","17","Yes","600","1.00","1.80"
"fiend spear_Dae_cursed","Weapon","Fiend Spear","3000","14.00","Spear","2","5","2","5","6","17","Yes","600","1.00","1.80"
"fiend tanto","Weapon","Fiend Tanto","3000","4.00","Short Blade","5","6","5","6","6","6","Yes","500","2.25","1.00"
"fine black dart","Weapon","Fine Black Dart","6","0.20","Thrown","1","10","0","1","0","1","No","150","1.00","1.00"
"fine bleeder dart","Weapon","Fine Bleeder Dart","6","0.20","Thrown","1","13","0","1","0","1","No","150","1.00","1.00"
"fine carmine dart","Weapon","Fine Carmine Dart","6","0.20","Thrown","3","7","0","1","0","1","No","150","1.00","1.00"
"fine spring dart","Weapon","Fine Spring Dart","6","0.20","Thrown","55","110","0","1","0","1","No","150","1.00","1.00"
"firebite club","Weapon","Firebite Club","10","6.00","Blunt","3","3","2","2","1","2","Yes","320","1.50","1.00"
"firebite dagger","Weapon","Firebite Dagger","7","1.50","Short Blade","3","3","3","3","3","3","Yes","380","2.00","1.00"
"firebite star","Weapon","Firebite Star","3","0.10","Thrown","2","3","0","1","0","1","Yes","40","1.00","1.00"
"firebite sword","Weapon","Firebite Sword","17","4.00","Short Blade","3","7","3","7","4","9","Yes","540","2.50","1.00"
"firebite war axe","Weapon","Firebite War Axe","25","12.00","Axe","1","11","1","6","1","2","Yes","640","1.25","1.00"
"fireblade","Weapon","Fireblade","25","8.00","Short Blade","5","7","5","7","6","9","Yes","600","2.00","1.00"
"flame arrow","Weapon","Flame Arrow","4","0.10","Arrow","1","4","0","0","0","0","Yes","10","1.00","1.00"
"flame_bolt","Weapon","Flamebolt","5","0.10","Bolt","2","4","0","1","0","1","Yes","10","1.00","1.00"
"flamestar","Weapon","Flamestar","3","0.10","Thrown","2","5","0","1","0","1","Yes","75","1.00","1.00"
"flying viper","Weapon","Flying Viper","10","0.30","Thrown","1","3","0","1","0","1","Yes","100","1.00","1.00"
"foeburner","Weapon","Foeburner","1400","16.00","Long Blade, 2-Hand","2","14","1","20","4","18","Yes","3500","1.25","1.00"
"fork_horripilation_unique","Weapon","Fork of Horripilation","1","1.00","Short Blade","1","2","1","2","2","3","Yes","400","2.50","1.00"
"Fury","Weapon","Fury","3200","21.60","Long Blade, 2-Hand","1","27","1","23","1","16","No","1260","1.25","1.00"
"gavel of the ordinator","Weapon","Gavel of the Ordinator","375","15.00","Blunt","3","17","3","17","1","2","Yes","3000","1.30","1.00"
"glass arrow","Weapon","Glass Arrow","8","0.15","Arrow","1","6","0","0","0","0","Yes","10","1.00","1.00"
"glass claymore","Weapon","Glass Claymore","32000","16.20","Long Blade, 2-Hand","1","45","1","39","1","27","Yes","840","1.25","1.00"
"glass claymore_magebane","Weapon","Magebane","32000","16.20","Long Blade, 2-Hand","1","45","1","39","1","27","Yes","840","1.25","1.00"
"glass dagger","Weapon","Glass Dagger","4000","1.80","Short Blade","6","15","6","15","6","12","Yes","300","2.50","1.00"
"glass dagger_Dae_cursed","Weapon","Glass Dagger","4000","1.80","Short Blade","7","9","7","9","6","9","Yes","400","2.50","1.00"
"glass dagger_symmachus_unique","Weapon","Dagger of Symmachus","20000","1.40","Short Blade","12","17","13","16","13","13","Yes","3000","2.70","1.00"
"glass dagger_symmachus_unique_x","Weapon","Dagger of Symmachus","9000","1.40","Short Blade","12","17","13","16","13","13","Yes","3000","2.70","1.00"
"glass firesword","Weapon","Glass Firesword","17000","12.00","Long Blade","2","24","1","33","4","30","Yes","640","1.35","1.00"
"glass frostsword","Weapon","Glass Frostsword","17000","12.00","Long Blade","2","24","1","33","4","30","Yes","640","1.35","1.00"
"glass halberd","Weapon","Glass Halberd","16000","8.40","Spear","1","6","1","6","5","38","Yes","600","1.00","1.80"
"glass jinkblade","Weapon","Glass Jinkblade","6500","1.80","Short Blade","7","9","7","9","6","9","Yes","400","2.50","1.00"
"glass longsword","Weapon","Glass Longsword","16000","12.00","Long Blade","2","24","1","33","4","30","Yes","480","1.35","1.00"
"glass netch dagger","Weapon","Glass Netch Dagger","4900","1.80","Short Blade","7","9","7","9","6","9","Yes","400","2.50","1.00"
"glass poisonsword","Weapon","Glass Poisonsword","17000","12.00","Long Blade","2","24","1","33","4","30","Yes","640","1.35","1.00"
"glass staff","Weapon","Glass Staff","5600","4.80","Blunt, 2-Wide","2","12","3","12","1","9","Yes","240","1.75","1.50"
"glass stormblade","Weapon","Glass Stormblade","6500","1.80","Short Blade","7","9","7","9","6","9","Yes","400","2.00","1.00"
"glass stormsword","Weapon","Glass Stormsword","17000","12.00","Long Blade","2","24","1","33","4","30","Yes","640","1.35","1.00"
"glass throwing knife","Weapon","Glass Throwing Knife","25","0.20","Thrown","1","6","0","1","0","1","Yes","80","1.00","1.00"
"glass throwing star","Weapon","Glass Throwing Star","20","0.10","Thrown","2","9","0","1","0","1","Yes","40","1.00","1.00"
"glass war axe","Weapon","Glass War Axe","12000","14.40","Axe","1","33","1","18","1","5","Yes","640","1.25","1.00"
"glass_dagger_enamor","Weapon","Enamor","4000","1.80","Short Blade","7","12","7","12","6","12","Yes","400","2.50","1.00"
"goblin_club","Weapon","Goblin Club","3000","25.00","Blunt","1","60","1","60","1","5","Yes","500","1.50","1.00"
"goblin_sword","Weapon","Goblin Sword","100","20.00","Short Blade","10","35","10","35","10","35","Yes","250","1.50","1.00"
"Gravedigger","Weapon","Gravedigger","120000","60.00","Long Blade, 2-Hand","1","70","1","62","1","40","Yes","7200","1.35","1.00"
"Greed","Weapon","Greed","800","11.20","Spear","1","4","1","4","5","23","No","700","1.00","1.80"
"grey shaft of holding","Weapon","Grey Shaft of Holding","6","0.10","Arrow","1","4","0","0","0","0","Yes","10","1.00","1.00"
"grey shaft of nonsense","Weapon","Grey Shaft of Nonsense","8","0.10","Arrow","1","4","0","0","0","0","Yes","10","1.00","1.00"
"grey shaft of unraveling","Weapon","Grey Shaft of Unraveling","5","0.10","Arrow","1","4","0","0","0","0","Yes","10","1.00","1.00"
"her dart","Weapon","Her Dart","100","0.20","Thrown","2","5","0","1","0","1","Yes","24","1.00","1.00"
"herder_crook","Weapon","Herder's Crook","860","6.40","Blunt, 2-Wide","2","7","3","7","1","5","Yes","270","1.75","1.50"
"icebreaker","Weapon","Icebreaker","100","15.00","Blunt","5","14","5","14","1","2","Yes","1200","1.30","1.00"
"icicle","Weapon","Icicle","110","16.00","Long Blade","2","14","1","20","4","18","Yes","720","1.35","1.00"
"imperial broadsword","Weapon","Imperial Broadsword","60","12.00","Long Blade","6","12","4","12","4","12","No","600","1.25","1.00"
"imperial netch blade","Weapon","Imperial Netch Blade","45","9.00","Short Blade","4","9","4","9","5","11","No","700","2.00","1.00"
"imperial shortsword","Weapon","Imperial Shortsword","30","9.00","Short Blade","4","10","4","10","6","10","No","700","2.00","1.00"
"imperial shortsword severio","Weapon","Severia's Imperial Shortsword","30","9.00","Short Blade","4","10","4","10","6","10","Yes","700","2.00","1.00"
"iron arrow","Weapon","Iron Arrow","1","0.10","Arrow","1","3","0","0","0","0","No","10","1.00","1.00"
"iron battle axe","Weapon","Iron Battle Axe","50","30.00","Axe, 2-Hand","1","32","1","24","1","3","No","1200","1.00","1.00"
"iron bolt","Weapon","Iron Bolt","1","0.10","Bolt","2","3","0","1","0","1","No","10","1.00","1.00"
"iron broadsword","Weapon","Iron Broadsword","30","12.00","Long Blade","4","12","2","12","2","12","No","600","1.25","1.00"
"iron claymore","Weapon","Iron Claymore","80","27.00","Long Blade, 2-Hand","1","24","1","21","1","14","No","1400","1.25","1.00"
"iron club","Weapon","Iron Club","10","12.00","Blunt","4","5","3","3","1","3","No","400","1.50","1.00"
"iron dagger","Weapon","Iron Dagger","10","3.00","Short Blade","4","5","4","5","5","5","No","400","2.50","1.00"
"iron dagger_telasero_unique","Weapon","Iron Dagger","10","3.00","Short Blade","4","5","4","5","5","5","No","400","2.50","1.00"
"iron flameblade","Weapon","Iron Flameblade","40","8.00","Short Blade","4","9","4","9","5","11","Yes","600","2.50","1.00"
"iron flamecleaver","Weapon","Iron Flamecleaver","60","14.00","Spear","1","3","1","3","5","20","Yes","700","1.00","1.80"
"iron flamemace","Weapon","Iron Flamemace","40","15.00","Blunt","3","12","3","12","1","2","Yes","1200","1.30","1.00"
"iron flamemauler","Weapon","Iron Flamemauler","70","32.00","Blunt, 2-Close","1","28","1","24","1","2","Yes","2000","1.00","1.50"
"iron flameskewer","Weapon","Iron Flameskewer","35","14.00","Spear","2","4","2","4","6","15","Yes","700","1.00","1.80"
"iron flameslayer","Weapon","Iron Flameslayer","100","27.00","Long Blade, 2-Hand","1","24","1","21","1","14","Yes","1400","1.25","1.00"
"iron flamesword","Weapon","Iron Flamesword","60","20.00","Long Blade","2","13","1","18","4","16","Yes","800","1.35","1.00"
"iron fork","Weapon","Iron Fork","1","1.00","Short Blade","3","5","3","5","3","5","No","400","2.50","1.00"
"iron halberd","Weapon","Iron Halberd","40","14.00","Spear","1","3","1","3","5","20","No","700","1.00","1.80"
"Iron Long Spear","Weapon","Iron Spear","20","14.00","Spear","1","3","1","3","5","20","No","400","1.00","1.80"
"iron longsword","Weapon","Iron Longsword","40","20.00","Long Blade","2","13","1","18","4","16","No","800","1.35","1.00"
"iron mace","Weapon","Iron Mace","24","15.00","Blunt","1","12","1","12","1","2","No","1200","1.30","1.00"
"iron saber","Weapon","Iron Saber","24","15.00","Long Blade","5","18","4","16","1","4","No","700","1.40","1.00"
"iron shardaxe","Weapon","Iron Shardaxe","100","30.00","Axe, 2-Hand","1","32","1","24","1","3","Yes","1200","1.00","1.00"
"iron shardblade","Weapon","Iron Shardblade","35","8.00","Short Blade","4","9","4","9","5","11","Yes","600","2.50","1.00"
"iron shardcleaver","Weapon","Iron Shardcleaver","62","14.00","Spear","1","3","1","3","5","20","Yes","700","1.00","1.80"
"iron shardmace","Weapon","Iron Shardmace","45","15.00","Blunt","3","12","3","12","1","2","Yes","1200","1.30","1.00"
"iron shardmauler","Weapon","Iron Shardmauler","62","32.00","Blunt, 2-Close","1","28","1","24","1","2","Yes","2000","1.00","1.50"
"iron shardskewer","Weapon","Iron Shardskewer","31","14.00","Spear","2","4","2","4","6","15","Yes","550","1.00","1.80"
"iron shardslayer","Weapon","Iron Shardslayer","110","27.00","Long Blade, 2-Hand","1","24","1","21","1","14","Yes","1400","1.25","1.00"
"iron shardsword","Weapon","Iron Shardsword","62","20.00","Long Blade","2","13","1","18","4","16","Yes","800","1.35","1.00"
"iron shortsword","Weapon","Iron Shortsword","20","8.00","Short Blade","4","9","4","9","7","11","No","600","2.00","1.00"
"iron sparkaxe","Weapon","Iron Sparkaxe","46","24.00","Axe","1","18","1","10","1","2","Yes","800","1.25","1.00"
"iron sparkblade","Weapon","Iron Sparkblade","35","8.00","Short Blade","4","9","4","9","5","11","Yes","600","2.50","1.00"
"iron sparkcleaver","Weapon","Iron Sparkcleaver","62","14.00","Spear","1","3","1","3","5","20","Yes","700","1.00","1.80"
"iron sparkmace","Weapon","Iron Sparkmace","45","15.00","Blunt","3","12","3","12","1","2","Yes","1200","1.30","1.00"
"iron sparkmauler","Weapon","Iron Sparkmauler","62","32.00","Blunt, 2-Close","1","28","1","24","1","2","Yes","2000","1.00","1.50"
"iron sparkskewer","Weapon","Iron Sparkskewer","31","14.00","Spear","2","4","2","4","6","15","Yes","550","1.00","1.80"
"iron sparkslayer","Weapon","Iron Sparkslayer","110","27.00","Long Blade, 2-Hand","1","24","1","21","1","14","Yes","1400","1.25","1.00"
"iron sparksword","Weapon","Iron Sparksword","62","20.00","Long Blade","2","13","1","18","4","16","Yes","800","1.35","1.00"
"iron spear","Weapon","Iron Spear","20","14.00","Spear","2","4","2","4","6","15","No","600","1.00","1.80"
"iron spider dagger","Weapon","Iron Spider Dagger","20","3.00","Short Blade","4","5","4","5","5","5","No","500","2.50","1.00"
"iron tanto","Weapon","Iron Tanto","14","4.00","Short Blade","5","6","5","6","6","6","No","500","2.25","1.00"
"iron throwing knife","Weapon","Iron Throwing Knife","3","0.30","Thrown","1","3","0","1","0","1","No","100","1.00","1.00"
"iron viperaxe","Weapon","Iron Viperaxe","46","24.00","Axe","1","18","1","10","1","2","Yes","800","1.25","1.00"
"iron viperblade","Weapon","Iron Viperblade","35","8.00","Short Blade","4","9","4","9","5","11","Yes","600","2.50","1.00"
"iron vipercleaver","Weapon","Iron Vipercleaver","62","14.00","Spear","1","3","1","3","5","20","Yes","700","1.00","1.80"
"iron vipermauler","Weapon","Iron Vipermauler","62","32.00","Blunt, 2-Close","1","28","1","24","1","2","Yes","2000","1.00","1.50"
"iron viperskewer","Weapon","Iron Viperskewer","31","14.00","Spear","2","4","2","4","6","15","Yes","550","1.00","1.80"
"iron viperslayer","Weapon","Iron Viperslayer","110","27.00","Long Blade, 2-Hand","1","24","1","21","1","14","Yes","1400","1.25","1.00"
"iron vipersword","Weapon","Iron Vipersword","62","20.00","Long Blade","2","13","1","18","4","16","Yes","800","1.35","1.00"
"iron wakizashi","Weapon","Iron Wakizashi","24","10.00","Short Blade","7","12","5","10","1","5","No","500","2.25","1.00"
"iron war axe","Weapon","Iron War Axe","30","24.00","Axe","1","18","1","10","1","2","No","800","1.25","1.00"
"iron warhammer","Weapon","Iron Warhammer","40","32.00","Blunt, 2-Close","1","28","1","24","1","2","No","2000","1.00","1.50"
"iron_arrow_uniq_judgement","Weapon","Dart of Judgment","500","0.10","Arrow","1","3","0","0","0","0","Yes","10","1.00","1.00"
"Karpal's Friend","Weapon","Karpal's Friend","190","16.00","Axe","1","15","1","8","1","6","No","640","1.25","1.00"
"katana_bluebrand_unique","Weapon","Eltonbrand","150000","40.00","Long Blade","10","60","5","55","5","25","Yes","4500","1.50","1.00"
"katana_goldbrand_unique","Weapon","Goldbrand","150000","40.00","Long Blade","10","50","10","45","10","25","Yes","4500","1.50","1.00"
"katana_goldbrand_unique_x","Weapon","Goldbrand","150000","40.00","Long Blade","10","50","10","45","10","25","Yes","4500","1.50","1.00"
"keening","Weapon","Keening","400000","9.00","Short Blade","9","15","9","15","9","18","Yes","1300","2.50","1.00"
"King's_Oath","Weapon","King's Oath","80000","81.00","Long Blade, 2-Hand","1","60","1","52","1","36","Yes","5600","1.25","1.00"
"King's_Oath_pc","Weapon","King's Oath","80000","81.00","Long Blade, 2-Hand","1","60","1","52","1","36","Yes","5600","1.25","1.00"
"last rites","Weapon","Last Rites","950","30.00","Axe, 2-Hand","1","44","1","33","1","4","Yes","3000","1.00","1.00"
"last wish","Weapon","Last Wish","450","8.00","Short Blade","7","12","3","12","8","15","Yes","1000","2.50","1.00"
"light staff","Weapon","Light Staff","1200","7.20","Blunt, 2-Wide","2","10","3","10","1","8","Yes","270","1.75","1.80"
"lightofday_unique","Weapon","Light of Day","2500","15.00","Blunt","5","30","5","30","1","2","Yes","1200","1.30","1.00"
"long bow","Weapon","Long Bow","50","8.00","Bow","1","20","0","0","0","0","No","550","1.00","1.00"
"longbow_shadows_unique","Weapon","Bow of Shadows","42000","10.00","Bow","4","40","0","1","0","1","Yes","3000","1.00","1.00"
"longbow_shadows_unique_x","Weapon","Bow of Shadows","42000","10.00","Bow","4","40","0","1","0","1","Yes","3000","1.00","1.00"
"longsword_umbra_unique","Weapon","Umbra Sword","110000","40.00","Long Blade, 2-Hand","10","50","10","45","10","40","Yes","6500","1.35","1.00"
"longsword_umbra_unique_x","Weapon","Umbra Sword","110000","40.00","Long Blade, 2-Hand","10","50","10","45","10","40","Yes","6500","1.35","1.00"
"Lucky_Break","Weapon","Haakon's Lucky Break","860","6.40","Blunt, 2-Wide","3","15","3","15","3","9","Yes","270","1.75","1.50"
"lugrub's axe","Weapon","Lugrub's Axe","60","24.00","Axe","1","18","1","10","1","2","No","50","1.25","1.00"
"mace of molag bal_unique","Weapon","Mace of Molag Bal","25000","45.00","Blunt","3","30","3","35","1","4","Yes","4000","1.30","1.00"
"mace of molag bal_unique_x","Weapon","Mace of Molag Bal","25000","45.00","Blunt","3","30","3","35","1","4","Yes","4000","1.30","1.00"
"Mace of Slurring","Weapon","Mace of Slurring","20000","23.00","Blunt","8","28","8","28","1","6","No","3500","1.50","1.00"
"Mace of Slurring_x","Weapon","Mace of Slurring","20000","23.00","Blunt","8","28","8","28","1","6","No","3500","1.50","1.00"
"magic_bolt","Weapon","FOR SPELL CASTING","0","1.00","Arrow","1","1","1","1","1","1","No","1","1.00","1.00"
"mehrunes'_razor_unique","Weapon","Mehrunes' Razor","5000","6.00","Short Blade","12","15","12","15","12","17","Yes","600","2.50","1.00"
"mephala's teacher","Weapon","Mephala's Teacher","12500","36.00","Blunt","3","12","4","8","4","8","Yes","1600","1.50","1.00"
"merisan club","Weapon","Merisan Club","900","10.80","Blunt","7","8","3","5","1","5","Yes","400","1.50","1.00"
"miner's pick","Weapon","Miner's Pick","8","20.00","Axe, 2-Hand","3","7","2","3","1","3","No","400","1.00","1.00"
"nerevarblade_01","Weapon","Trueflame","15000","20.00","Long Blade","15","60","40","50","3","30","No","2000","1.35","1.00"
"nerevarblade_01_flame","Weapon","Trueflame","150000","20.00","Long Blade","20","75","45","60","4","40","Yes","2000","1.00","1.00"
"nordic battle axe","Weapon","Nordic Battle Axe","60","30.00","Axe, 2-Hand","1","30","1","30","1","4","No","1200","1.00","1.00"
"nordic broadsword","Weapon","Nordic Broadsword","95","15.00","Long Blade","6","18","2","18","2","18","No","800","1.25","1.00"
"nordic claymore","Weapon","Nordic Claymore","180","30.00","Long Blade, 2-Hand","1","30","1","25","1","18","No","1600","1.25","1.00"
"nordic claymore_stormfang","Weapon","Stormfang","10000","30.00","Long Blade, 2-Hand","1","30","1","25","1","18","Yes","1600","1.25","1.00"
"orcish battle axe","Weapon","Orcish Battle Axe","2000","15.00","Axe, 2-Hand","17","28","2","23","0","2","Yes","2400","1.00","1.00"
"orcish bolt","Weapon","Orcish Bolt","4","0.15","Bolt","1","6","0","1","0","1","Yes","10","1.00","1.00"
"orcish warhammer","Weapon","Orc Warhammer","1600","38.40","Blunt, 2-Close","1","42","1","36","1","2","Yes","4000","1.00","1.50"
"peacemaker","Weapon","Peacemaker","75","8.00","Blunt, 2-Wide","2","7","3","7","1","5","Yes","300","1.75","1.80"
"racerbeak","Weapon","Racerbeak","260","4.00","Short Blade","3","4","3","4","4","5","No","500","2.00","1.00"
"Rusty_Dagger_UNIQUE","Weapon","A Rusty Dagger","0","3.00","Short Blade","1","2","1","2","2","2","No","5","2.50","1.00"
"saint's black sword","Weapon","Saint's Black Sword","12500","16.00","Short Blade","10","17","10","17","12","20","Yes","1200","2.00","1.00"
"shard arrow","Weapon","Shard Arrow","6","0.10","Arrow","1","4","0","1","0","1","Yes","10","1.00","1.00"
"shard_bolt","Weapon","Shardbolt","8","0.10","Bolt","2","4","0","1","0","1","Yes","10","1.00","1.00"
"shardstar","Weapon","Shardstar","9","0.10","Thrown","2","5","0","1","0","1","Yes","75","1.00","1.00"
"shield_bolt","Weapon","FOR SPELL CASTING","0","1.00","Arrow","1","1","1","1","1","1","No","100","1.00","1.00"
"shock_bolt","Weapon","FOR SPELL CASTING","0","1.00","Arrow","1","1","1","1","1","1","No","100","1.00","1.00"
"shockbite battle axe","Weapon","Shockbite Battle Axe","130","30.00","Axe, 2-Hand","1","36","1","27","1","4","Yes","1800","1.00","1.00"
"shockbite halberd","Weapon","Shockbite Halberd","110","14.00","Spear","1","4","1","4","5","23","Yes","600","1.00","1.80"
"shockbite mace","Weapon","Shockbite Mace","78","15.00","Blunt","3","14","3","14","1","2","Yes","1200","1.30","1.00"
"shockbite war axe","Weapon","Shockbite War Axe","90","24.00","Axe","1","20","1","11","1","3","Yes","800","1.25","1.00"
"shockbite warhammer","Weapon","Shockbite Warhammer","110","32.00","Blunt, 2-Close","1","32","1","27","1","2","No","2000","1.00","1.50"
"short bow","Weapon","Short Bow","60","4.00","Bow","1","15","0","0","0","0","No","500","1.00","1.00"
"shortbow of sanguine sureflight","Weapon","Shortbow of Sanguine Sureflight","80","4.00","Bow","1","15","0","0","0","0","Yes","500","1.00","1.00"
"silver arrow","Weapon","Silver Arrow","3","0.10","Arrow","1","3","0","1","0","1","Yes","10","1.00","1.00"
"silver arrow_thirsk_0","Weapon","Silver Arrow","3","0.10","Arrow","1","3","0","1","0","1","Yes","10","1.00","1.00"
"silver arrow_thirsk_1","Weapon","Silver Arrow","3","0.10","Arrow","1","3","0","1","0","1","Yes","10","1.00","1.00"
"silver arrow_thirsk_2","Weapon","Silver Arrow","3","0.10","Arrow","1","3","0","1","0","1","Yes","10","1.00","1.00"
"silver arrow_thirsk_3","Weapon","Silver Arrow","3","0.10","Arrow","1","3","0","1","0","1","Yes","10","1.00","1.00"
"silver arrow_thirsk_4","Weapon","Silver Arrow","3","0.10","Arrow","1","3","0","1","0","1","Yes","10","1.00","1.00"
"silver arrow_thirsk_5","Weapon","Silver Arrow","3","0.10","Arrow","1","3","0","1","0","1","Yes","10","1.00","1.00"
"silver arrow_thirsk_6","Weapon","Silver Arrow","3","0.10","Arrow","1","3","0","1","0","1","Yes","10","1.00","1.00"
"silver arrow_thirsk_7","Weapon","Silver Arrow","3","0.10","Arrow","1","3","0","1","0","1","Yes","10","1.00","1.00"
"silver arrow_thirsk_8","Weapon","Silver Arrow","3","0.10","Arrow","1","3","0","1","0","1","Yes","10","1.00","1.00"
"silver arrow_thirsk_9","Weapon","Silver Arrow","3","0.10","Arrow","1","3","0","1","0","1","Yes","10","1.00","1.00"
"silver axe of paralysis","Weapon","Silver Axe of Paralysis","850","19.20","Axe","15","40","10","20","5","10","Yes","720","1.25","1.00"
"silver bolt","Weapon","Silver Bolt","8","0.10","Bolt","3","3","0","1","0","1","Yes","10","1.00","1.00"
"silver claymore","Weapon","Silver Claymore","320","21.60","Long Blade, 2-Hand","1","27","1","23","1","16","Yes","1260","1.25","1.00"
"silver dagger","Weapon","Silver Dagger","40","2.40","Short Blade","4","5","4","5","5","5","Yes","400","2.50","1.00"
"silver dagger_droth_unique","Weapon","Droth Dagger","500","2.20","Short Blade","4","7","4","7","5","8","Yes","500","2.50","1.00"
"silver dagger_droth_unique_a","Weapon","Droth Dagger","500","2.20","Short Blade","4","7","4","7","5","8","Yes","500","2.50","1.00"
"Silver Dagger_Hanin Cursed","Weapon","Ancient Silver Dagger","100","2.40","Short Blade","4","5","4","5","5","5","Yes","400","2.50","1.00"
"silver dagger_iryon_unique","Weapon","Iryon Dagger","500","2.20","Short Blade","4","7","4","7","5","8","Yes","500","2.50","1.00"
"silver dagger_othril_unique","Weapon","Othril Dagger","500","2.20","Short Blade","4","7","4","7","5","8","Yes","500","2.50","1.00"
"silver dagger_rathalas_unique","Weapon","Rathalas Dagger","500","2.20","Short Blade","4","7","4","7","5","8","Yes","500","2.50","1.00"
"silver dart","Weapon","Silver Dart","6","0.20","Thrown","2","5","0","1","0","1","Yes","24","1.00","1.00"
"silver flameaxe","Weapon","Silver Flameaxe","150","19.20","Axe","1","20","1","11","1","3","Yes","720","1.25","1.00"
"silver flameblade","Weapon","Silver Flameblade","120","6.00","Short Blade","5","10","5","10","6","12","Yes","600","2.50","1.00"
"silver flameskewer","Weapon","Silver Flameskewer","110","11.20","Spear","1","4","1","4","5","23","Yes","500","1.00","1.80"
"silver flameslayer","Weapon","Silver Flameslayer","350","21.60","Long Blade, 2-Hand","1","27","1","23","1","16","Yes","1260","1.25","1.00"
"silver flamesword","Weapon","Silver Flamesword","200","16.00","Long Blade","2","14","1","20","4","18","Yes","720","1.35","1.00"
"silver longsword","Weapon","Silver Longsword","160","16.00","Long Blade","2","14","1","20","4","18","Yes","640","1.35","1.00"
"silver longsword","Weapon","Silver Longsword","160","16.00","Long Blade","2","14","1","20","4","18","Yes","640","1.35","1.00"
"silver shardaxe","Weapon","Silver Shardaxe","150","19.20","Axe","1","20","1","11","1","3","Yes","720","1.25","1.00"
"silver shardblade","Weapon","Silver Shardblade","120","6.00","Short Blade","5","10","5","10","6","12","Yes","600","2.50","1.00"
"silver shardskewer","Weapon","Silver Flameskewer","110","11.20","Spear","1","4","1","4","5","23","Yes","500","1.00","1.80"
"silver shardslayer","Weapon","Silver Shardslayer","350","21.60","Long Blade, 2-Hand","1","27","1","23","1","16","Yes","1260","1.25","1.00"
"silver shardsword","Weapon","Silver Shardsword","200","16.00","Long Blade","2","14","1","20","4","18","Yes","720","1.35","1.00"
"silver shortsword","Weapon","Silver Shortsword","80","6.00","Short Blade","5","10","5","10","7","10","Yes","570","2.00","1.00"
"silver sparkaxe","Weapon","Silver Sparkaxe","150","19.20","Axe","1","20","1","11","1","3","Yes","720","1.25","1.00"
"silver sparkblade","Weapon","Silver Sparkblade","120","6.00","Short Blade","5","7","5","7","6","9","Yes","600","2.50","1.00"
"silver sparkskewer","Weapon","Silver Sparkskewer","110","11.20","Spear","1","4","1","4","5","23","Yes","500","1.00","1.80"
"silver sparkslayer","Weapon","Silver Sparkslayer","350","21.60","Long Blade, 2-Hand","1","27","1","23","1","16","Yes","1260","1.25","1.00"
"silver sparksword","Weapon","Silver Sparksword","200","16.00","Long Blade","2","14","1","20","4","18","Yes","720","1.35","1.00"
"silver spear","Weapon","Silver Spear","80","11.20","Spear","1","4","1","4","5","23","Yes","500","1.00","1.80"
"silver spear_uvenim","Weapon","Silver Spear","80","11.20","Spear","1","4","1","4","5","23","Yes","500","1.00","1.80"
"silver staff","Weapon","Silver Staff","56","6.40","Blunt, 2-Wide","2","7","3","7","1","5","Yes","270","1.75","1.50"
"silver staff of chastening","Weapon","Silver Staff of Chastening","100","6.40","Blunt, 2-Wide","2","7","3","7","1","5","Yes","270","1.75","1.50"
"silver staff of hunger","Weapon","Silver Staff of Hunger","100","6.40","Blunt, 2-Wide","2","7","3","7","1","5","Yes","270","1.75","1.50"
"silver staff of paralysis","Weapon","Silver Staff of Paralysis","86","6.40","Blunt, 2-Wide","20","45","20","45","15","30","Yes","270","1.75","1.50"
"silver staff of peace","Weapon","Silver Staff of Peace","86","6.40","Blunt, 2-Wide","2","7","3","7","1","5","Yes","270","1.75","1.50"
"silver staff of reckoning","Weapon","Silver Staff of Reckoning","180","6.40","Blunt, 2-Wide","2","7","3","7","1","5","Yes","270","1.75","1.50"
"silver staff of shaming","Weapon","Silver Staff of Shaming","100","6.40","Blunt, 2-Wide","2","7","3","7","1","5","Yes","270","1.75","1.50"
"silver staff of shaming","Weapon","Silver Staff of Shaming","100","6.40","Blunt, 2-Wide","2","7","3","7","1","5","Yes","270","1.75","1.50"
"silver staff of war","Weapon","Silver Staff of War","86","6.40","Blunt, 2-Wide","2","7","3","7","1","5","Yes","270","1.75","1.50"
"silver sword of paralysis","Weapon","Silver Sword of Paralysis","900","16.00","Long Blade","20","45","12","25","8","20","Yes","720","1.35","1.00"
"silver throwing star","Weapon","Silver Throwing Star","16","0.20","Thrown","2","5","0","1","0","1","Yes","45","1.00","1.00"
"silver viperaxe","Weapon","Silver Viperaxe","150","19.20","Axe","1","20","1","11","1","3","Yes","720","1.25","1.00"
"silver viperblade","Weapon","Silver Viperblade","120","6.00","Short Blade","5","7","5","7","6","9","Yes","600","2.50","1.00"
"silver viperskewer","Weapon","Silver Viperskewer","110","11.20","Spear","1","4","1","4","5","23","Yes","500","1.00","1.80"
"silver viperslayer","Weapon","Silver Viperslayer","350","21.60","Long Blade, 2-Hand","1","27","1","23","1","16","Yes","1260","1.25","1.00"
"silver vipersword","Weapon","Silver Vipersword","200","16.00","Long Blade","2","14","1","20","4","18","Yes","720","1.35","1.00"
"silver war axe","Weapon","Silver War Axe","120","19.20","Axe","1","20","1","11","1","3","Yes","720","1.25","1.00"
"silver_staff_dawn_uniq","Weapon","Silver Staff","350","6.40","Blunt, 2-Wide","2","7","3","7","1","5","Yes","270","1.75","1.50"
"snowy crown","Weapon","Snowy Crown","450","15.00","Blunt","3","17","3","17","1","2","Yes","3000","1.30","1.00"
"solvistapp","Weapon","Solvistapp","225","15.00","Long Blade","1","20","1","20","1","20","No","800","1.25","1.00"
"spark arrow","Weapon","Spark Arrow","6","0.10","Arrow","1","4","0","0","0","0","Yes","10","1.00","1.00"
"spark_bolt","Weapon","Sparkbolt","6","0.10","Bolt","2","4","0","1","0","1","Yes","10","1.00","1.00"
"sparkstar","Weapon","Sparkstar","6","0.10","Thrown","2","5","0","1","0","1","Yes","75","1.00","1.00"
"spear_mercy_unique","Weapon","Spear of Bitter Mercy","130000","20.00","Spear","1","15","1","15","15","60","Yes","2500","1.00","1.80"
"spear_mercy_unique_x","Weapon","Spear of Bitter Mercy","130000","20.00","Spear","1","15","1","15","15","60","Yes","2500","1.00","1.80"
"spear_of_light","Weapon","Spear of Light","65","14.00","Spear","2","5","2","5","6","17","Yes","600","1.00","1.80"
"spiderbite","Weapon","Spiderbite","62","20.00","Long Blade","2","14","1","20","4","18","Yes","800","1.35","1.00"
"spiked club","Weapon","Spiked Club","18","12.00","Blunt","4","5","4","4","1","2","No","400","1.50","1.00"
"spirit-eater","Weapon","Spirit-Eater","25000","40.00","Long Blade","2","27","1","37","4","34","Yes","1800","1.35","1.00"
"spite_dart","Weapon","Spite Dart","60","0.20","Thrown","2","5","0","1","0","1","Yes","24","1.00","1.00"
"spring dart","Weapon","Spring Dart","6","0.20","Thrown","50","100","0","1","0","1","No","150","1.00","1.00"
"staff of the forefathers","Weapon","Staff of the Forefathers","10000","16.00","Blunt, 2-Wide","2","16","3","16","1","10","Yes","900","1.75","1.80"
"staff_hasedoki_unique","Weapon","Staff of Hasedoki","75000","10.00","Blunt, 2-Wide","5","10","1","10","5","15","Yes","4000","1.75","1.80"
"staff_hasedoki_unique_x","Weapon","Staff of Hasedoki","75000","10.00","Blunt, 2-Wide","5","10","1","10","5","15","Yes","4000","1.75","1.80"
"staff_magnus_unique","Weapon","Staff of Magnus","210000","10.00","Blunt, 2-Wide","5","15","1","10","5","15","Yes","4000","1.75","1.80"
"staff_magnus_unique_x","Weapon","Staff of Magnus","210000","10.00","Blunt, 2-Wide","5","15","1","10","5","15","Yes","4000","1.75","1.80"
"staff_of_llevule","Weapon","Staff of Llevule","160","8.00","Blunt, 2-Wide","2","6","3","6","1","5","Yes","270","1.75","1.80"
"steel arrow","Weapon","Steel Arrow","2","0.10","Arrow","1","4","0","0","0","0","No","10","1.00","1.00"
"steel arrow_Carnius","Weapon","Poisoned Arrow","2","0.10","Arrow","1","10","0","1","0","1","Yes","10","1.00","1.00"
"steel axe","Weapon","Steel Axe","60","24.00","Axe","1","18","1","10","1","2","No","1200","1.00","1.00"
"steel battle axe","Weapon","Steel Battle Axe","100","30.00","Axe, 2-Hand","1","36","1","27","1","4","No","1800","1.00","1.00"
"steel blade of heaven","Weapon","Steel Blade of Heaven","120","3.00","Short Blade","4","5","4","5","5","5","No","400","2.50","1.00"
"steel bolt","Weapon","Steel Bolt","2","0.10","Bolt","2","4","0","1","0","1","No","10","1.00","1.00"
"steel broadsword","Weapon","Steel Broadsword","60","12.00","Long Blade","4","14","4","14","2","14","No","900","1.25","1.00"
"steel broadsword of hewing","Weapon","Steel Broadsword of Hewing","75","12.00","Long Blade","4","14","2","14","2","14","Yes","900","1.25","1.00"
"steel claymore","Weapon","Steel Claymore","160","27.00","Long Blade, 2-Hand","1","27","1","23","1","16","No","2100","1.25","1.00"
"steel claymore of hewing","Weapon","Steel Claymore of Hewing","180","27.00","Long Blade, 2-Hand","1","27","1","23","1","16","Yes","2100","1.25","1.00"
"steel club","Weapon","Steel Club","20","12.00","Blunt","4","5","3","4","3","4","No","600","1.50","1.00"
"steel crossbow","Weapon","Steel Crossbow","160","10.00","Crossbow","20","20","0","1","0","1","No","550","1.00","1.00"
"steel dagger","Weapon","Steel Dagger","20","3.00","Short Blade","4","5","4","5","5","5","No","450","2.50","1.00"
"steel dagger of swiftblade","Weapon","Steel Dagger of Swiftblade","33","3.00","Short Blade","4","5","4","5","5","5","Yes","500","2.50","1.00"
"steel dai-katana","Weapon","Steel Dai-katana","240","20.00","Long Blade, 2-Hand","1","27","1","23","1","14","No","2700","1.35","1.00"
"steel dart","Weapon","Steel Dart","6","0.20","Thrown","2","5","0","1","0","1","No","150","1.00","1.00"
"steel firesword","Weapon","Steel Firesword","105","20.00","Long Blade","2","14","1","20","4","18","Yes","900","1.35","1.00"
"steel flameaxe","Weapon","Steel Flameaxe","125","24.00","Axe","1","20","1","11","1","3","Yes","1200","1.25","1.00"
"steel flameblade","Weapon","Steel Flameblade","55","8.00","Short Blade","5","10","5","10","6","12","Yes","750","2.50","1.00"
"steel flamecleaver","Weapon","Steel Flamecleaver","95","14.00","Spear","1","4","1","4","5","23","Yes","600","1.00","1.80"
"steel flamemace","Weapon","Steel Flamemace","63","15.00","Blunt","3","14","3","14","1","2","Yes","1800","1.30","1.00"
"steel flamemauler","Weapon","Steel Flamemauler","105","32.00","Blunt, 2-Close","1","32","1","27","1","2","Yes","3000","1.00","1.50"
"steel flamescythe","Weapon","Steel Flamescythe","275","20.00","Long Blade, 2-Hand","1","27","1","23","1","14","Yes","1800","1.35","1.00"
"steel flameskewer","Weapon","Steel Flameskewer","55","14.00","Spear","2","5","2","5","6","17","Yes","700","1.00","1.80"
"steel flameslayer","Weapon","Steel Flameslayer","180","27.00","Long Blade, 2-Hand","1","27","1","23","1","16","Yes","2100","1.25","1.00"
"steel flamesword","Weapon","Steel Flamesword","105","20.00","Long Blade","2","14","1","20","4","18","Yes","900","1.35","1.00"
"steel frostsword","Weapon","Steel Frostsword","105","20.00","Long Blade","2","14","1","20","4","18","Yes","900","1.35","1.00"
"steel halberd","Weapon","Steel Halberd","80","14.00","Spear","1","4","1","4","5","23","No","1000","1.00","1.80"
"steel jinkblade","Weapon","Steel Jinkblade","40","3.00","Short Blade","4","5","4","5","5","5","Yes","450","2.50","1.00"
"steel jinkblade of the aegis","Weapon","Steel Jinkblade of the Aegis","7000","3.00","Short Blade","4","5","4","5","5","5","Yes","450","2.50","1.00"
"steel jinksword","Weapon","Steel Jinksword","70","8.00","Short Blade","5","10","5","12","6","12","Yes","750","2.00","1.00"
"steel katana","Weapon","Steel Katana","100","18.00","Long Blade","3","20","1","18","1","6","No","1800","1.50","1.00"
"steel longbow","Weapon","Steel Longbow","100","8.00","Bow","1","25","0","1","0","1","No","600","1.00","1.00"
"steel longbow_carnius","Weapon","Steel Longbow","100","8.00","Bow","1","25","0","1","0","1","No","600","1.00","1.00"
"steel longsword","Weapon","Steel Longsword","80","20.00","Long Blade","2","14","1","20","4","18","No","900","1.35","1.00"
"steel mace","Weapon","Steel Mace","48","15.00","Blunt","3","14","3","14","1","2","No","1800","1.30","1.00"
"steel poisonsword","Weapon","Steel Poisonsword","105","20.00","Long Blade","2","14","1","20","4","18","Yes","900","1.35","1.00"
"steel saber","Weapon","Steel Saber","48","15.00","Long Blade","5","20","4","18","1","5","No","1050","1.40","1.00"
"steel saber_elberoth","Weapon","Elberoth's Saber","48","15.00","Long Blade","5","20","4","18","1","5","No","1050","1.40","1.00"
"steel shardaxe","Weapon","Steel Shardaxe","125","24.00","Axe","1","20","1","11","1","3","Yes","1200","1.25","1.00"
"steel shardblade","Weapon","Steel Shardblade","55","8.00","Short Blade","5","10","5","10","6","12","Yes","750","2.50","1.00"
"steel shardcleaver","Weapon","Steel Shardcleaver","95","14.00","Spear","1","4","1","4","5","23","Yes","600","1.00","1.80"
"steel shardmace","Weapon","Steel Shardmace","63","15.00","Blunt","3","14","3","14","1","2","Yes","1800","1.30","1.00"
"steel shardmauler","Weapon","Steel Shardmauler","105","32.00","Blunt, 2-Close","1","32","1","27","1","2","Yes","3000","1.00","1.50"
"steel shardscythe","Weapon","Steel Shardscythe","275","20.00","Long Blade, 2-Hand","1","27","1","23","1","14","Yes","1800","1.35","1.00"
"steel shardskewer","Weapon","Steel Shardskewer","55","14.00","Spear","2","5","2","5","6","17","Yes","700","1.00","1.80"
"steel shardslayer","Weapon","Steel Shardslayer","180","27.00","Long Blade, 2-Hand","1","27","1","23","1","16","Yes","2100","1.25","1.00"
"steel shardsword","Weapon","Steel Shardsword","105","20.00","Long Blade","2","14","1","20","4","18","Yes","900","1.35","1.00"
"steel shortsword","Weapon","Steel Shortsword","40","8.00","Short Blade","5","12","5","12","7","12","No","750","2.00","1.00"
"steel sparkaxe","Weapon","Steel Sparkaxe","125","24.00","Axe","1","20","1","11","1","3","Yes","1200","1.25","1.00"
"steel sparkblade","Weapon","Steel Sparkblade","55","8.00","Short Blade","5","10","5","10","6","12","Yes","750","2.50","1.00"
"steel sparkcleaver","Weapon","Steel Sparkcleaver","95","14.00","Spear","1","4","1","4","5","23","Yes","600","1.00","1.80"
"steel sparkmace","Weapon","Steel Sparkmace","63","15.00","Blunt","3","14","3","14","1","2","Yes","1800","1.30","1.00"
"steel sparkmauler","Weapon","Steel Sparkmauler","105","32.00","Blunt, 2-Close","1","32","1","27","1","2","Yes","3000","1.00","1.50"
"steel sparkscythe","Weapon","Steel Sparkscythe","275","20.00","Long Blade, 2-Hand","1","27","1","23","1","14","Yes","1800","1.35","1.00"
"steel sparkskewer","Weapon","Steel Sparkskewer","55","14.00","Spear","2","5","2","5","6","17","Yes","600","1.00","1.80"
"steel sparkslayer","Weapon","Steel Sparkslayer","180","27.00","Long Blade, 2-Hand","1","27","1","23","1","16","Yes","2100","1.25","1.00"
"steel sparksword","Weapon","Steel Sparksword","105","20.00","Long Blade","2","14","1","20","4","18","Yes","900","1.35","1.00"
"steel spear","Weapon","Steel Spear","40","14.00","Spear","2","5","2","5","6","17","No","1000","1.00","1.80"
"steel spear of impaling thrust","Weapon","Steel Spear of Impaling Thrust","55","14.00","Spear","2","5","2","5","6","17","Yes","600","1.00","1.80"
"steel spear snow prince","Weapon","Spear of the Snow Prince","2000","14.00","Spear","2","6","2","6","1","18","Yes","500","1.00","1.80"
"steel spider blade","Weapon","Steel Spider Blade","55","8.00","Short Blade","5","10","5","10","6","12","Yes","800","2.00","1.00"
"steel staff","Weapon","Steel Staff","28","8.00","Blunt, 2-Wide","2","7","3","7","1","5","No","300","1.75","1.80"
"steel staff of chastening","Weapon","Steel Staff of Chastening","53","8.00","Blunt, 2-Wide","2","7","3","7","1","5","Yes","450","1.75","1.80"
"steel staff of divine judgement","Weapon","Steel Staff of Divine Judgement","53","8.00","Blunt, 2-Wide","2","7","3","7","1","5","Yes","450","1.75","1.80"
"steel staff of peace","Weapon","Steel Staff of Peace","68","8.00","Blunt, 2-Wide","2","7","3","7","1","5","Yes","450","1.75","1.80"
"steel staff of shaming","Weapon","Steel Staff of Shaming","53","8.00","Blunt, 2-Wide","2","7","3","7","1","5","Yes","450","1.75","1.80"
"steel staff of the ancestors","Weapon","Steel Staff of the Ancestors","700","8.00","Blunt, 2-Wide","2","7","3","7","1","5","Yes","450","1.75","1.80"
"steel staff of war","Weapon","Steel Staff of War","53","8.00","Blunt, 2-Wide","2","7","3","7","1","5","Yes","300","1.75","1.80"
"steel stormsword","Weapon","Steel Stormsword","105","20.00","Long Blade","2","14","1","20","4","18","Yes","900","1.35","1.00"
"steel tanto","Weapon","Steel Tanto","28","4.00","Short Blade","5","11","5","11","6","11","No","600","2.25","1.00"
"steel throwing knife","Weapon","Steel Throwing Knife","4","0.30","Thrown","1","4","0","1","0","1","No","150","1.00","1.00"
"steel throwing star","Weapon","Steel Throwing Star","3","0.10","Thrown","2","5","0","1","0","1","No","75","1.00","1.00"
"steel viperaxe","Weapon","Steel Viperaxe","125","24.00","Axe","1","20","1","11","1","3","Yes","1200","1.25","1.00"
"steel viperblade","Weapon","Steel Viperblade","55","8.00","Short Blade","5","10","5","10","6","12","Yes","750","2.50","1.00"
"steel vipercleaver","Weapon","Steel Vipercleaver","95","14.00","Spear","1","4","1","4","5","23","Yes","600","1.00","1.80"
"steel vipermace","Weapon","Steel Vipermace","63","15.00","Blunt","3","14","3","14","1","2","Yes","1800","1.30","1.00"
"steel vipermauler","Weapon","Steel Vipermauler","105","32.00","Blunt, 2-Close","1","32","1","27","1","2","Yes","3000","1.00","1.50"
"steel viperscythe","Weapon","Steel Viperscythe","275","20.00","Long Blade, 2-Hand","1","27","1","23","1","14","Yes","1800","1.35","1.00"
"steel viperskewer","Weapon","Steel Viperskewer","55","14.00","Spear","2","5","2","5","6","17","Yes","900","1.00","1.80"
"steel viperslayer","Weapon","Steel Viperslayer","180","27.00","Long Blade, 2-Hand","1","27","1","23","1","16","Yes","2100","1.25","1.00"
"steel vipersword","Weapon","Steel Vipersword","105","20.00","Long Blade","2","14","1","20","4","18","Yes","900","1.35","1.00"
"steel wakizashi","Weapon","Steel Wakizashi","48","10.00","Short Blade","8","11","7","12","2","7","No","600","2.25","1.00"
"steel war axe","Weapon","Steel War Axe","60","24.00","Axe","1","20","1","11","1","3","No","1200","1.25","1.00"
"steel war axe of deep biting","Weapon","Steel War Axe of Deep Biting","75","24.00","Axe","1","20","1","11","1","3","Yes","1200","1.25","1.00"
"steel warhammer","Weapon","Steel Warhammer","80","32.00","Blunt, 2-Close","1","32","1","27","1","2","No","3000","1.00","1.50"
"steel warhammer of smiting","Weapon","Steel Warhammer of Smiting","135","32.00","Blunt, 2-Close","1","32","1","27","1","2","Yes","3000","1.00","1.50"
"steelstaffancestors_ttsa","Weapon","Ancestral Wisdom Staff","7000","8.00","Blunt, 2-Wide","2","7","3","7","1","5","Yes","300","1.75","1.80"
"stendar_hammer_unique","Weapon","Stendarr's Hammer","130000","1000.00","Blunt, 2-Close","20","100","10","80","8","10","Yes","100","1.00","1.00"
"stendar_hammer_unique_x","Weapon","Stendarr's Hammer","130000","1000.00","Blunt, 2-Close","20","160","10","80","8","10","Yes","100","1.00","1.00"
"stormblade","Weapon","Stormblade","65","20.00","Long Blade","2","13","1","18","4","16","Yes","800","1.35","1.00"
"Stormkiss","Weapon","Stormkiss","120","25.00","Axe, 2-Hand","1","30","1","30","1","4","No","1400","1.00","1.00"
"sunder","Weapon","Sunder","400000","40.00","Blunt","10","70","10","60","1","4","Yes","6000","1.50","1.00"
"sunder_fake","Weapon","* Sunder *","300","40.00","Blunt","3","40","3","30","1","2","Yes","2000","1.30","1.00"
"Sword of Almalexia","Weapon","Hopesfire","150000","15.00","Long Blade","30","70","50","55","10","30","Yes","2000","1.35","1.00"
"sword of white woe","Weapon","Sword of White Woe","17000","24.00","Long Blade","4","26","2","26","2","26","Yes","1800","1.35","1.00"
"throwing knife of sureflight","Weapon","Throwing Knife of Sureflight","7","0.30","Thrown","1","4","0","1","0","1","Yes","100","1.00","1.00"
"VFX_AlterationBolt","Weapon","","0","0.00","Arrow","0","0","0","0","0","0","No","0","0.00","0.00"
"VFX_ConjureBolt","Weapon","","0","0.00","Arrow","0","0","0","0","0","0","No","0","0.00","0.00"
"VFX_DefaultBolt","Weapon","","0","0.00","Arrow","0","0","0","0","0","0","No","0","0.00","0.00"
"VFX_DestructBolt","Weapon","","0","0.00","Arrow","0","0","0","0","0","0","No","0","0.00","0.00"
"VFX_FrostBolt","Weapon","","0","0.00","Arrow","0","0","0","0","0","0","No","0","0.00","0.00"
"VFX_IllusionBolt","Weapon","","0","0.00","Arrow","0","0","0","0","0","0","No","0","0.00","0.00"
"VFX_Multiple2","Weapon","","0","0.00","Arrow","0","0","0","0","0","0","No","0","0.00","0.00"
"VFX_Multiple3","Weapon","","0","0.00","Arrow","0","0","0","0","0","0","No","0","0.00","0.00"
"VFX_Multiple4","Weapon","","0","0.00","Arrow","0","0","0","0","0","0","No","0","0.00","0.00"
"VFX_Multiple5","Weapon","","0","0.00","Arrow","0","0","0","0","0","0","No","0","0.00","0.00"
"VFX_Multiple6","Weapon","","0","0.00","Arrow","0","0","0","0","0","0","No","0","0.00","0.00"
"VFX_Multiple7","Weapon","","0","0.00","Arrow","0","0","0","0","0","0","No","0","0.00","0.00"
"VFX_Multiple8","Weapon","","0","0.00","Arrow","0","0","0","0","0","0","No","0","0.00","0.00"
"VFX_MysticismBolt","Weapon","","0","0.00","Arrow","0","0","0","0","0","0","No","0","0.00","0.00"
"VFX_PoisonBolt","Weapon","","0","0.00","Arrow","0","0","0","0","0","0","No","0","0.00","0.00"
"VFX_RestoreBolt","Weapon","","0","0.00","Arrow","0","0","0","0","0","0","No","0","0.00","0.00"
"viper arrow","Weapon","Viper Arrow","6","0.10","Arrow","1","4","0","0","0","0","Yes","10","1.00","1.00"
"viper_bolt","Weapon","Viperbolt","5","0.10","Bolt","2","4","0","1","0","1","Yes","10","1.00","1.00"
"viperstar","Weapon","Viperstar","6","0.10","Thrown","2","5","0","1","0","1","Yes","75","1.00","1.00"
"war axe of wounds","Weapon","War Axe of Wounds","475","24.00","Axe","1","24","1","13","1","3","Yes","2000","1.25","1.00"
"war_axe_airan_ammu","Weapon","War Axe of Airan Ammu","14500","14.40","Axe","1","33","1","18","1","5","Yes","640","1.25","1.00"
"warhammer of wounds","Weapon","Warhammer of Wounds","630","32.00","Blunt, 2-Close","1","39","1","33","1","2","Yes","5000","1.00","1.50"
"warhammer_crusher_unique","Weapon","Skull Crusher","48000","15.00","Blunt","10","60","10","50","7","10","Yes","8000","1.00","1.00"
"warhammer_crusher_unique_x","Weapon","Skull Crusher","48000","15.00","Blunt","10","60","10","50","7","10","Yes","8000","1.00","1.00"
"warhammer_rammekald_unique","Weapon","Rammekald","300","32.00","Blunt, 2-Close","1","32","1","27","1","2","Yes","4000","1.00","1.50"
"water spear","Weapon","Water Spear","1500","7.00","Spear","1","2","1","2","5","13","Yes","600","1.00","1.80"
"we_hellfirestaff","Weapon","Hellfire Staff","9500","16.00","Blunt, 2-Wide","2","16","3","16","1","10","Yes","900","1.75","1.50"
"we_illkurok","Weapon","Illkurok","850","14.00","Spear","3","6","3","6","6","22","Yes","625","1.00","1.80"
"we_shimsil","Weapon","Shimsil","10000","16.00","Short Blade","10","14","10","14","12","17","Yes","900","2.00","1.00"
"we_stormforge","Weapon","Stormforge","600","24.00","Spear","3","17","1","13","5","28","Yes","1000","1.00","1.80"
"we_temreki","Weapon","Temreki, Shackler of Souls","4500","27.00","Long Blade, 2-Hand","1","27","1","23","1","16","Yes","1400","1.25","1.00"
"widowmaker_unique","Weapon","Widowmaker","2200","35.00","Axe, 2-Hand","1","35","1","35","1","5","Yes","1400","1.00","1.00"
"wild flameblade","Weapon","Wild Flameblade","4100","1.80","Short Blade","7","12","7","12","6","12","Yes","400","2.50","1.00"
"wild flamesword","Weapon","Wild Flamesword","350","8.00","Short Blade","7","12","7","12","9","14","Yes","1000","2.00","1.00"
"wild shardblade","Weapon","Wild Shardblade","4100","1.80","Short Blade","7","12","7","12","6","12","Yes","400","2.50","1.00"
"wild shardsword","Weapon","Wild Shardsword","350","8.00","Short Blade","7","12","7","12","9","14","Yes","1000","2.00","1.00"
"wild sparkblade","Weapon","Wild Sparkblade","4100","1.80","Short Blade","7","12","7","12","6","12","Yes","400","2.50","1.00"
"wild sparksword","Weapon","Wild Sparksword","350","8.00","Short Blade","7","12","7","12","9","14","Yes","1000","2.00","1.00"
"wild viperblade","Weapon","Wild Viperblade","4100","1.80","Short Blade","7","12","7","12","6","12","Yes","400","2.50","1.00"
"wild vipersword","Weapon","Wild Vipersword","350","8.00","Short Blade","7","12","7","12","9","14","Yes","1000","2.00","1.00"
"Wind of Ahaz","Weapon","Wind of Ahaz","380","12.00","Axe","1","11","1","8","1","4","No","640","1.25","1.00"
"wooden staff","Weapon","Wooden Staff","8","8.00","Blunt, 2-Wide","2","6","3","6","1","5","No","300","1.75","1.80"
"wooden staff of chastening","Weapon","Wooden Staff of Chastening","32","8.00","Blunt, 2-Wide","2","6","3","6","1","5","Yes","300","1.75","1.80"
"wooden staff of divine","Weapon","Wooden Staff of Judgement","32","8.00","Blunt, 2-Wide","2","6","3","6","1","5","Yes","300","1.75","1.80"
"wooden staff of peace","Weapon","Wooden Staff of Peace","20","8.00","Blunt, 2-Wide","2","6","3","6","1","5","Yes","300","1.75","1.80"
"wooden staff of shaming","Weapon","Wooden Staff of Shaming","32","8.00","Blunt, 2-Wide","2","6","3","6","1","5","Yes","300","1.75","1.80"
"wooden staff of war","Weapon","Wooden Staff of War","32","8.00","Blunt, 2-Wide","2","6","3","6","1","5","Yes","300","1.75","1.80"
